<?xml version="1.0" encoding="UTF-8"?>
<beans xmlns="http://www.springframework.org/schema/beans" xmlns:xsi="http://www.w3.org/2001/XMLSchema-instance"
	xmlns:context="http://www.springframework.org/schema/context"
	xsi:schemaLocation="http://www.springframework.org/schema/beans http://www.springframework.org/schema/beans/spring-beans-4.2.xsd
        http://www.springframework.org/schema/context http://www.springframework.org/schema/context/spring-context-4.2.xsd">

	<!-- 업로드된 파일의 저장을 수행하고 저장정보를 xml로 반환 -->
    <bean id="fileUploadService" class="able.com.service.file.FileUploadService"/>
    
    <!-- File Upload Property 파일업로드에 필요한 속성정보를 저장하는 property 객체  -->
    <bean id="fileUploadProperty" class="able.com.service.file.FileUploadProperty" init-method="getInstance">
        <property name="folder" value="/mobis/chnnl_fileserver"/>
        <property name="maxsize" value="100"/>
        <property name="sizeunit" value="M"/>
        <property name="sub">
            <map>
                <entry key="sapAtch" value="nmgn/sapAtch"/>
                <entry key="excel" value="nmgn/excel"/>
                <entry key="import" value="nmgn/import"/>
                <entry key="upload" value="nmgn/upload"/>
                <entry key="board" value="nmgn/board"/>
                <entry key="notice" value="nmgn/notice"/>
                <entry key="dist" value="nmgn/dist"/>
                <entry key="dpom" value="nmgn/dpom"/>
                <entry key="newsLetter" value="nmgn/newsLetter"/> 
                <entry key="demo" value="nmgn/demo"/>         
            </map>
        </property>
    </bean>
    
    <!-- Multipart Resolver  -->
    <bean id="multipartResolver" class="org.springframework.web.multipart.commons.CommonsMultipartResolver">
        <property name="maxUploadSize" value="104857600" /> <!--  전체 용량 -->
        <property name="maxInMemorySize" value="104857600" />
    </bean>
	 
</beans>
