<?xml version="1.0" encoding="UTF-8"?>
<beans xmlns="http://www.springframework.org/schema/beans"
    xmlns:xsi="http://www.w3.org/2001/XMLSchema-instance" 
    xmlns:jee="http://www.springframework.org/schema/jee"
    xmlns:util="http://www.springframework.org/schema/util"
    xsi:schemaLocation="
        http://www.springframework.org/schema/beans http://www.springframework.org/schema/beans/spring-beans-4.2.xsd
        http://www.springframework.org/schema/jee http://www.springframework.org/schema/jee/spring-jee-4.2.xsd
        http://www.springframework.org/schema/util http://www.springframework.org/schema/util/spring-util-4.2.xsd"> 
    
    <!-- hsql 메모리 DBMS : JNDI
    <jee:jndi-lookup id="dataSource" jndi-name="jndiname" resource-ref="true"/>
    -->

    <!-- Maria -->
    <bean id="dataSourceSpied" class="org.apache.commons.dbcp.BasicDataSource" destroy-method="close">                
        <property name="driverClassName" value="${jdbcs.maria.driverClassName}"/>
        <property name="url" value="${jdbcs.maria.url}"/>
        <property name="username" value="${jdbcs.maria.username}"/>
        <property name="password" value="${jdbcs.maria.password}"/>
    </bean>
    
    <bean id="dataSourceMaria" class="net.sf.log4jdbc.Log4jdbcProxyDataSource">
        <constructor-arg ref="dataSourceSpied" />
        <property name="logFormatter">
            <bean class="net.sf.log4jdbc.tools.Log4JdbcCustomFormatter">
                <property name="loggingType" value="MULTI_LINE" />
                <property name="sqlPrefix"   value="[ === SQL == ]" />
            </bean>
        </property>
    </bean>

</beans>
