<?xml version="1.0" encoding="UTF-8"?>
<beans xmlns="http://www.springframework.org/schema/beans" 
    xmlns:xsi="http://www.w3.org/2001/XMLSchema-instance"
	xmlns:p="http://www.springframework.org/schema/p" 
    xmlns:context="http://www.springframework.org/schema/context"
    xmlns:util="http://www.springframework.org/schema/util"
	xsi:schemaLocation="
        http://www.springframework.org/schema/beans http://www.springframework.org/schema/beans/spring-beans-4.2.xsd
		http://www.springframework.org/schema/context http://www.springframework.org/schema/context/spring-context-4.2.xsd
        http://www.springframework.org/schema/util http://www.springframework.org/schema/util/spring-util-4.2.xsd">

    <!-- SAPJCo connector -->
    <bean id="destinationProvider"
          class="com.mobis.maps.sapjco.manager.DestinationProvider">
        <property name="destinationConfigList">
            <map>
                <entry key="pcko">
                    <bean class="com.mobis.maps.sapjco.manager.DestinationConfig">
                        <property name="poolCapacity" value="${pcko.poolCapacity}"/>
                        <property name="peakLimit" value="${pcko.peakLimit}"/>
                        <property name="mshost" value="${pcko.mshost}"/>
                        <property name="msserv" value="${pcko.msserv}"/>
                        <property name="r3name" value="${pcko.r3name}"/>
                        <property name="group" value="${pcko.group}"/>
                        <property name="client" value="${pcko.client}"/>
                        <property name="user" value="${pcko.user}"/>
                        <property name="passwd" value="${pcko.passwd}"/>
                        <property name="lang" value="${pcko.lang}"/>
                    </bean>
                </entry>
                <entry key="pcen">
                    <bean class="com.mobis.maps.sapjco.manager.DestinationConfig">
                        <property name="poolCapacity" value="${pcen.poolCapacity}"/>
                        <property name="peakLimit" value="${pcen.peakLimit}"/>
                        <property name="mshost" value="${pcen.mshost}"/>
                        <property name="msserv" value="${pcen.msserv}"/>
                        <property name="r3name" value="${pcen.r3name}"/>
                        <property name="group" value="${pcen.group}"/>
                        <property name="client" value="${pcen.client}"/>
                        <property name="user" value="${pcen.user}"/>
                        <property name="passwd" value="${pcen.passwd}"/>
                        <property name="lang" value="${pcen.lang}"/>
                    </bean>
                </entry>
                <entry key="pczh">
                    <bean class="com.mobis.maps.sapjco.manager.DestinationConfig">
                        <property name="poolCapacity" value="${pczh.poolCapacity}"/>
                        <property name="peakLimit" value="${pczh.peakLimit}"/>
                        <property name="mshost" value="${pczh.mshost}"/>
                        <property name="msserv" value="${pczh.msserv}"/>
                        <property name="r3name" value="${pczh.r3name}"/>
                        <property name="group" value="${pczh.group}"/>
                        <property name="client" value="${pczh.client}"/>
                        <property name="user" value="${pczh.user}"/>
                        <property name="passwd" value="${pczh.passwd}"/>
                        <property name="lang" value="${pczh.lang}"/>
                    </bean>
                </entry>
                <entry key="pwko">
                    <bean class="com.mobis.maps.sapjco.manager.DestinationConfig">
                        <property name="poolCapacity" value="${pwko.poolCapacity}"/>
                        <property name="peakLimit" value="${pwko.peakLimit}"/>
                        <property name="mshost" value="${pwko.mshost}"/>
                        <property name="msserv" value="${pwko.msserv}"/>
                        <property name="group" value="${pwko.group}"/>
                        <property name="ashost" value="${pwko.ashost}"/>
                        <property name="gwhost" value="${pwko.gwhost}"/>
                        <property name="gwserv" value="${pwko.gwserv}"/>
                        <property name="sysnr" value="${pwko.sysnr}"/>
                        <property name="r3name" value="${pwko.r3name}"/>
                        <property name="client" value="${pwko.client}"/>
                        <property name="user" value="${pwko.user}"/>
                        <property name="passwd" value="${pwko.passwd}"/>
                        <property name="lang" value="${pwko.lang}"/>
                    </bean>
                </entry>
                <entry key="pwen">
                    <bean class="com.mobis.maps.sapjco.manager.DestinationConfig">
                        <property name="poolCapacity" value="${pwen.poolCapacity}"/>
                        <property name="peakLimit" value="${pwen.peakLimit}"/>
                        <property name="mshost" value="${pwen.mshost}"/>
                        <property name="msserv" value="${pwen.msserv}"/>
                        <property name="group" value="${pwen.group}"/>
                        <property name="ashost" value="${pwen.ashost}"/>
                        <property name="gwhost" value="${pwen.gwhost}"/>
                        <property name="gwserv" value="${pwen.gwserv}"/>
                        <property name="sysnr" value="${pwen.sysnr}"/>
                        <property name="r3name" value="${pwen.r3name}"/>
                        <property name="client" value="${pwen.client}"/>
                        <property name="user" value="${pwen.user}"/>
                        <property name="passwd" value="${pwen.passwd}"/>
                        <property name="lang" value="${pwen.lang}"/>
                    </bean>
                </entry>
                <entry key="pwzh">
                    <bean class="com.mobis.maps.sapjco.manager.DestinationConfig">
                        <property name="poolCapacity" value="${pwzh.poolCapacity}"/>
                        <property name="peakLimit" value="${pwzh.peakLimit}"/>
                        <property name="mshost" value="${pwzh.mshost}"/>
                        <property name="msserv" value="${pwzh.msserv}"/>
                        <property name="group" value="${pwzh.group}"/>
                        <property name="ashost" value="${pwzh.ashost}"/>
                        <property name="gwhost" value="${pwzh.gwhost}"/>
                        <property name="gwserv" value="${pwzh.gwserv}"/>
                        <property name="sysnr" value="${pwzh.sysnr}"/>
                        <property name="r3name" value="${pwzh.r3name}"/>
                        <property name="client" value="${pwzh.client}"/>
                        <property name="user" value="${pwzh.user}"/>
                        <property name="passwd" value="${pwzh.passwd}"/>
                        <property name="lang" value="${pwzh.lang}"/>
                    </bean>
                </entry>
            </map>
        </property>
    </bean>
    <!-- 
    <bean id="destination" class="com.mobis.maps.sapjco.manager.Destination">
        <constructor-arg ref="destinationProvider"/>
        <constructor-arg value="${sap.dest}"/>
    </bean>
     -->
    <bean id="destinationManager" class="com.mobis.maps.sapjco.manager.DestinationManager">
        <constructor-arg ref="destinationProvider"/>
    </bean>

</beans>
