<?xml version="1.0" encoding="UTF-8" ?>
<!DOCTYPE mapper PUBLIC "-//mybatis.org//DTD Mapper 3.0//EN" "http://mybatis.org/dtd/mybatis-3-mapper.dtd">

<mapper namespace="com.mobis.maps.cmmn.paging">

    <!-- paging top -->
    <sql id="selectTop">
        <choose>
        <when test='excelDwnlYn != null and excelDwnlYn != "Y"'>
        SELECT
              CEIL(ZZ.TOT_CNT / #{pgSize}) AS TOT_PG_CNT    /*전체 페이지 수 */
            , #{pgNum} AS PG_NUM                            /*현재 페이지 */
            , #{pgSize} AS PG_SIZE                          /*페이지 단위(50/100/200) */
            , #{totCntYn} AS TOT_CNT_YN
            , #{totMaxCnt} AS TOT_MAX_CNT
            , ZZ.*
        FROM  (SELECT
                     FOUND_ROWS() AS TOT_CNT
                   , Z.*
               FROM  (
        </when>
        <otherwise>
        SELECT
              ZZ.*
            , #{totCntYn}  AS TOT_CNT_YN
            , #{totMaxCnt} AS TOT_MAX_CNT
        FROM  (SELECT
                     FOUND_ROWS() AS TOT_CNT
                   , Z.*
               FROM  (
        </otherwise>
        </choose>
    </sql>

    <!-- paging bottom -->
    <sql id="selectBottom">
        <choose>
        <when test='excelDwnlYn != null and excelDwnlYn != "Y"'>
                     ) Z
               ORDER BY Z.RNUM
               LIMIT #{startRow}, #{pgSize}
               ) ZZ
               ORDER BY ZZ.RNUM
        </when>
        <otherwise>
                      ) Z
               ) ZZ
            <if test='totCntYn != null and totCntYn == "Y"'>
         WHERE RNUM <![CDATA[<=]]> #{totMaxCnt}
            </if>
        </otherwise>
        </choose>
    </sql>
    
    <!-- paging
    <sql id="selectTopOld">
        <choose>
        <when test='excelDwnlYn != null and excelDwnlYn != "Y"'>
        SELECT
              CEIL(ZZ.TOT_CNT / #{pgSize}) AS TOT_PG_CNT    /*전체 페이지 수 */
            , #{pgNum} AS PG_NUM                            /*현재 페이지 */
            , #{pgSize} AS PG_SIZE                          /*페이지 단위(50/100/200) */
            , #{totCntYn} AS TOT_CNT_YN
            , #{totMaxCnt} AS TOT_MAX_CNT
            , ZZ.*
        FROM  (SELECT
                     Z.*
                   , ROW_NUMBER() OVER() AS RNUM       /* ROW_NUM */
                   , COUNT(1) OVER() AS TOT_CNT
               FROM  (
        </when>
        <otherwise>
        SELECT
              ZZ.*
            , #{totCntYn}  AS TOT_CNT_YN
            , #{totMaxCnt} AS TOT_MAX_CNT
        FROM  (SELECT
                     Z.*
                   , ROW_NUMBER() OVER() AS RNUM       /* ROW_NUM */
                   , COUNT(1) OVER() AS TOT_CNT
               FROM  (
        </otherwise>
        </choose>
    </sql>
    <sql id="selectBottomOld">
        <choose>
        <when test='excelDwnlYn != null and excelDwnlYn != "Y"'>
                     ) Z
               LIMIT #{startRow}, #{pgSize}
               ) ZZ
        </when>
        <otherwise>
                      ) Z
               ) ZZ
            <if test='totCntYn != null and totCntYn == "Y"'>
         WHERE RNUM <![CDATA[<=]]> #{totMaxCnt}
            </if>
        </otherwise>
        </choose>
    </sql>
     bottom -->
     
</mapper>