<?xml version="1.0" encoding="UTF-8" ?>
<!DOCTYPE mapper PUBLIC "-//mybatis.org//DTD Mapper 3.0//EN" "http://mybatis.org/dtd/mybatis-3-mapper.dtd">

<mapper namespace="com.mobis.maps.comm.service.dao.MapsCommDbLoggingMDAO">

    <!--
        Query ID    : selectLoggingEventPgList
        Description : Logging Event 리스트 조회
    -->
    <select id="selectDbLoggingEventPgList" parameterType="com.mobis.maps.comm.vo.MapsCommDbLoggingEventVO" resultType="com.mobis.maps.comm.vo.MapsCommDbLoggingEventVO">
        /* Query ID=com.mobis.maps.comm.service.dao.MapsCommLoggingMDAO.selectDbLoggingEventPgList */
        <include refid="com.mobis.maps.cmmn.paging.selectTop"/>
        SELECT
              ROW_NUMBER() OVER(ORDER BY A.EVENT_ID DESC) AS RNUM
            , EVENT_ID
            , TIMESTMP
            , FORMATTED_MESSAGE
            , LOGGER_NAME
            , LEVEL_STRING
            , THREAD_NAME
            , REFERENCE_FLAG
            , ARG0
            , ARG1
            , ARG2
            , ARG3
            , CALLER_FILENAME
            , CALLER_CLASS
            , CALLER_METHOD
            , CALLER_LINE
        FROM  COMNDB.T_LOGGING A
        WHERE 1=1
        <if test='@org.apache.commons.lang3.StringUtils@isNotBlank(strtDt)'>
        AND   A.TIMESTMP >= #{strtTs}
        </if>
        <if test='@org.apache.commons.lang3.StringUtils@isNotBlank(endDt)'>
        AND   <![CDATA[A.TIMESTMP <= #{endTs}]]>
        </if>
        <if test='@org.apache.commons.lang3.StringUtils@isNotBlank(formattedMessage)'>
        AND   A.FORMATTED_MESSAGE LIKE CONCAT('%', #{formattedMessage}, '%')
        </if>
        <if test='@org.apache.commons.lang3.StringUtils@isNotBlank(threadName)'>
        AND   A.THREAD_NAME LIKE CONCAT('%', #{threadName}, '%')
        </if>
        <if test='@org.apache.commons.lang3.StringUtils@isNotBlank(arg0)'>
        AND   A.ARG0 LIKE CONCAT('%', #{arg0}, '%')
        </if>
        <if test='@org.apache.commons.lang3.StringUtils@isNotBlank(arg1)'>
        AND   A.ARG1 LIKE CONCAT('%', #{arg1}, '%')
        </if>
        <if test='@org.apache.commons.lang3.StringUtils@isNotBlank(arg2)'>
        AND   A.ARG2 LIKE CONCAT('%', #{arg2}, '%')
        </if>
        <if test='@org.apache.commons.lang3.StringUtils@isNotBlank(arg3)'>
        AND   A.ARG3 LIKE CONCAT('%', #{arg3}, '%')
        </if>
        <if test='@org.apache.commons.lang3.StringUtils@isNotBlank(kwrdTy)'>
        <choose>
            <when test='@org.apache.commons.lang3.StringUtils@equals(kwrdTy, "loggerName")'>
        AND   A.LOGGER_NAME LIKE CONCAT('%', #{kwrd}, '%')
            </when>
            <when test='@org.apache.commons.lang3.StringUtils@equals(kwrdTy, "callerFilename")'>
        AND   A.CALLER_FILENAME LIKE CONCAT('%', #{kwrd}, '%')
            </when>
            <when test='@org.apache.commons.lang3.StringUtils@equals(kwrdTy, "callerClass")'>
        AND   A.CALLER_CLASS LIKE CONCAT('%', #{kwrd}, '%')
            </when>
            <when test='@org.apache.commons.lang3.StringUtils@equals(kwrdTy, "callerMethod")'>
        AND   A.CALLER_METHOD LIKE CONCAT('%', #{kwrd}, '%')
            </when>
        </choose>
        </if>
        ORDER BY EVENT_ID DESC
        <include refid="com.mobis.maps.cmmn.paging.selectBottom"/>
    </select>

    <!--
        Query ID    : selectLoggingEventPropertyList
        Description : Logging Event Property 리스트 조회
    -->
    <select id="selectDbLoggingEventPropertyList" parameterType="com.mobis.maps.comm.vo.MapsCommDbLoggingEventVO" resultType="com.mobis.maps.comm.vo.MapsCommDbLoggingEventPropVO">
        /* Query ID=com.mobis.maps.comm.service.dao.MapsCommLoggingMDAO.selectDbLoggingEventPropertyList */
        SELECT
              EVENT_ID
            , MAPPED_KEY
            , MAPPED_VALUE
        FROM  COMNDB.T_LOGGING_PROPERTY A
        WHERE 1=1
        AND   EVENT_ID = #{eventId}
        ORDER BY A.EVENT_ID
               , A.MAPPED_KEY
    </select>
    
</mapper>