<?xml version="1.0" encoding="UTF-8"?>
<!DOCTYPE mapper PUBLIC "-//mybatis.org//DTD Mapper 3.0//EN" "http://mybatis.org/dtd/mybatis-3-mapper.dtd">
<!--
    SQL File Name : comm_MapsCommSapMDAO_SQL.xml
 * @Description   : RFC호출 데이터를 관리한다.
 * @author        : DT048058
 * @since         : 2019.08.26.
 * @version       : 1.0
 * @see
 * @Modification Information
 * <pre>
 *     since          author              description
 *  ===========    =============    ===========================
 *  2019.08.26.       DT048058         최초 생성
 * </pre>
-->
<mapper namespace="com.mobis.maps.comm.service.dao.MapsCommSapMDAO">

    <!--
        Query ID    : selectAspRfcBassInfo
        Description : RFC 정보를 조회한다
    -->
    <select id="selectAspRfcBassInfo"
            parameterType="string"
            resultType="com.mobis.maps.comm.vo.MapsCommSapRfcBassInfoVO">
        /* Query ID=com.mobis.maps.comm.service.dao.MapsCommSapRfcMDAO.selectAspRfcBassInfo */
        SELECT
              A.RFC_ID        /* RFC아이디 */
            , A.RFC_NM        /* RFC명 */
            , A.INTRFC_ID     /* 인터페이스ID */
            , A.CHARGER_ID    /* 담당자ID */
            , A.REGIST_ID     /* 등록자ID */
            , A.REGIST_DT     /* 등록일시 */
            , A.UPDT_ID       /* 수정자ID */
            , A.UPDT_DT       /* 수정일시 */
        FROM  COMNDB.T_RFC_BASS_INFO A
        WHERE 1=1
        AND   A.RFC_ID = #{rfcId} /* RFC아이디 */
    </select>

    <!--
        Query ID    : selectAspRfcIpttInfoList
        Description : RFC 입출력정보 리스트를 조회한다
    -->
    <select id="selectAspRfcIpttInfoList"
            parameterType="com.mobis.maps.comm.vo.MapsCommSapRfcIpttInfoVO"
            resultType="com.mobis.maps.comm.vo.MapsCommSapRfcIpttInfoVO">
        /* Query ID=com.mobis.maps.comm.service.dao.MapsCommSapRfcMDAO.selectAspRfcIpttInfoList */
        SELECT
             ROW_NUMBER() OVER(ORDER BY A.RFC_ID, B.RFC_IPTT_SE, B.RFC_FIELD) AS RNUM
           , A.RFC_ID          /* RFC아이디 */
           , A.RFC_NM          /* RFC명 */
           , B.RFC_IPTT_SE     /* RFC입출력구분 */
           , B.RFC_FIELD       /* RFC필드 */
           , B.IEM_ID          /* 항목ID */
           , IF(CHAR_LENGTH(D.ORGINL_WORD)>0, D.ORGINL_WORD
                , IF(CHAR_LENGTH(E.ORGINL_WORD)>0, E.ORGINL_WORD, B.RFC_FIELD_NM)
                ) AS IEM_NM     /* 항목명 */
           , B.RFC_FIELD_NM    /* RFC필드명 */
           , B.DATA_TY         /* 데이터타입 */
           , B.STRCTR_ID       /* 구조체아이디 */
           , C.STRCTR_NM       /* 구조체명 */
           , CASE C.STRCTR_NM
                 WHEN NULL THEN 'N'
                 ELSE 'Y'
             END AS STRCTR_EXST_YN   /* 구조체존재여부 */
           , B.RFC_FIELD_DC    /* RFC필드설명 */
           , B.USE_YN          /* 사용여부 */
           , B.DEL_YN          /* 삭제여부 */
           , B.REGIST_ID       /* 등록자ID */
           , B.REGIST_DT       /* 등록일시 */
           , B.UPDT_ID         /* 수정자ID */
           , B.UPDT_DT         /* 수정일시 */
        FROM  COMNDB.T_RFC_BASS_INFO A
              JOIN COMNDB.T_RFC_IPTT_INFO B
              ON A.RFC_ID = B.RFC_ID
              LEFT OUTER JOIN COMNDB.T_RFC_STRCTR_MST C
              ON B.STRCTR_ID = C.STRCTR_ID
              LEFT OUTER JOIN IAMDB.T_WORD_DICARY_MST D
              ON  D.WORD_ID = B.WORD_ID
              AND D.LANG_CD = #{langCd}
              LEFT OUTER JOIN IAMDB.T_WORD_DICARY_MST E
              ON  E.WORD_ID = B.WORD_ID
              AND E.LANG_CD = #{dfltLangCd}
        WHERE 1=1
        AND   A.RFC_ID = #{rfcId}           /* RFC아이디 */
        AND   B.RFC_IPTT_SE = #{rfcIpttSe}  /* RFC입출력구분 */
        AND   B.USE_YN = 'Y'
        AND   B.DEL_YN = 'N'
    </select>
    
    <!--
        Query ID    : selectAspRfcStrctrFieldList
        Description : RFC 구조체필드 리스트를 조회한다
    -->
    <select id="selectAspRfcStrctrFieldList"
            parameterType="com.mobis.maps.comm.vo.MapsCommSapRfcStrctrFieldVO"
            resultType="com.mobis.maps.comm.vo.MapsCommSapRfcStrctrFieldVO">
        /* Query ID=com.mobis.maps.comm.service.dao.MapsCommSapRfcMDAO.selectAspRfcStrctrFieldList */
        SELECT
              ROW_NUMBER() OVER(ORDER BY A.STRCTR_ID, B.RFC_FIELD) AS RNUM
            , A.STRCTR_ID       /* 구조체아이디 */
            , A.STRCTR_NM       /* 구조체명 */
            , B.RFC_FIELD       /* RFC필드 */
            , B.IEM_ID          /* 항목ID */
            , IF(CHAR_LENGTH(C.ORGINL_WORD)>0, C.ORGINL_WORD
                 , IF(CHAR_LENGTH(D.ORGINL_WORD)>0, D.ORGINL_WORD, B.RFC_FIELD_NM)
                 ) AS IEM_NM    /* 항목명 */
            , B.RFC_FIELD_NM    /* RFC필드명 */
            , B.DATA_TY         /* 데이터타입 */
            , B.RFC_FIELD_DC    /* RFC필드설명 */
            , B.USE_YN          /* 사용여부 */
            , B.DEL_YN          /* 삭제여부 */
            , B.REGIST_ID       /* 등록자ID */
            , B.REGIST_DT       /* 등록일시 */
            , B.UPDT_ID         /* 수정자ID */
            , B.UPDT_DT         /* 수정일시 */
        FROM  COMNDB.T_RFC_STRCTR_MST A
              JOIN COMNDB.T_RFC_STRCTR_FIELD_INFO B
              ON  A.STRCTR_ID = B.STRCTR_ID
              AND A.STRCTR_ID = #{strctrId}     /* 구조체아이디 */
              AND B.USE_YN = 'Y'
              AND B.DEL_YN = 'N'
              LEFT OUTER JOIN IAMDB.T_WORD_DICARY_MST C
              ON  C.WORD_ID = B.WORD_ID
              AND C.LANG_CD = #{langCd}
              LEFT OUTER JOIN IAMDB.T_WORD_DICARY_MST D
              ON  D.WORD_ID = B.WORD_ID
              AND D.LANG_CD = #{dfltLangCd}
        WHERE 1=1
    </select>
    
</mapper>