<?xml version="1.0" encoding="UTF-8" ?>
<!DOCTYPE mapper PUBLIC "-//mybatis.org//DTD Mapper 3.0//EN" "http://mybatis.org/dtd/mybatis-3-mapper.dtd">
<!--
    SQL File Name : comm_MapsCommMsgMDAO_SQL.xml
 * @Description   : 메세지 데이터를 관리한다.
 * @author        : DT048058
 * @since         : 2019.08.26.
 * @version       : 1.0
 * @see
 * @Modification Information
 * <pre>
 *     since          author              description
 *  ===========    =============    ===========================
 *  2019.08.26.       DT048058         최초 생성
 * </pre>
-->

<mapper namespace="com.mobis.maps.comm.service.dao.MapsCommMsgMDAO">

    <!--
        Query ID    : selectMsgPgList
        Description : 메세지 리스트 조회
    -->
    <select id="selectMsgPgList" parameterType="com.mobis.maps.comm.vo.MapsCommMsgVO" resultType="com.mobis.maps.comm.vo.MapsCommMsgVO">
        /* Query ID=com.mobis.maps.comm.service.dao.MapsCommMsgMDAO.selectMsgPgList */
        <include refid="com.mobis.maps.cmmn.paging.selectTop"/>
        SELECT
              ROW_NUMBER() OVER(ORDER BY D.MSG_CD) AS RNUM
            , D.MSG_CD AS MSG_CD
            , NVL(MAX(D.MSG_LANG), #{msgLang}) AS MSG_LANG
            , MAX(D.MSG_NM) AS MSG_NM
            , MAX(D.MSG_SE) AS MSG_SE
            , MAX(D.MSG_SYS) AS MSG_SYS
            , MAX(D.REGIST_ID) AS REGIST_ID
            , MAX(D.REGIST_DT) AS REGIST_DT
            , MAX(D.UPDT_ID) AS UPDT_ID
            , MAX(D.UPDT_DT) AS UPDT_DT
            , NVL(MAX(D.REFRN_MSG_LANG), #{refrnMsgLang}) AS REFRN_MSG_LANG
            , MAX(D.REFRN_MSG_NM) AS REFRN_MSG_NM
        FROM (
                SELECT
                      0 AS MSG_LANG_TYPE
                    , MSG_CD
                    , MSG_LANG
                    , MSG_NM
                    , MSG_SE
                    , MSG_SYS
                    , REGIST_ID
                    , REGIST_DT
                    , UPDT_ID
                    , UPDT_DT
                    , NULL AS REFRN_MSG_LANG
                    , NULL AS REFRN_MSG_NM
                FROM  COMNDB.T_MAPS_MSG
                WHERE 1=1
                AND   MSG_LANG = #{msgLang}
        <if test='@org.apache.commons.lang3.StringUtils@isNotBlank(msgSys)'>
                AND   MSG_SYS = #{msgSys}
        </if>
        <if test='@org.apache.commons.lang3.StringUtils@isNotBlank(msgSe)'>
                AND   MSG_SE = #{msgSe}
        </if>
        <if test='@org.apache.commons.lang3.StringUtils@isNotBlank(msgCd)'>
                AND   MSG_CD LIKE CONCAT('%', #{msgCd}, '%')
        </if>
        <if test='@org.apache.commons.lang3.StringUtils@isNotBlank(msgNm)'>
                AND   MSG_NM LIKE CONCAT('%', #{msgNm}, '%')
        </if>
                UNION
                SELECT
                      1 AS MSG_LANG_TYPE
                    , MSG_CD
                    , NULL
                    , NULL
                    , MSG_SE
                    , MSG_SYS
                    , NULL
                    , NULL
                    , NULL
                    , NULL
                    , MSG_LANG AS REFRN_MSG_LANG
                    , MSG_NM AS REFRN_MSG_NM
                FROM  COMNDB.T_MAPS_MSG
                WHERE 1=1
                AND   MSG_LANG = #{refrnMsgLang}
        <if test='@org.apache.commons.lang3.StringUtils@isNotBlank(msgSys)'>
                AND   MSG_SYS = #{msgSys}
        </if>
        <if test='@org.apache.commons.lang3.StringUtils@isNotBlank(msgSe)'>
                AND   MSG_SE = #{msgSe}
        </if>
        <if test='@org.apache.commons.lang3.StringUtils@isNotBlank(msgCd)'>
                AND   MSG_CD LIKE CONCAT('%', #{msgCd}, '%')
        </if>
        <if test='@org.apache.commons.lang3.StringUtils@isNotBlank(msgNm)'>
                AND   MSG_NM LIKE CONCAT('%', #{msgNm}, '%')
        </if>
                ) D
        WHERE 1=1
        GROUP BY D.MSG_CD
        <include refid="com.mobis.maps.cmmn.paging.selectBottom"/>
    </select>
    
    <!--
        Query ID    : selectMsgInfo
        Description : 메세지 조회
    -->
    <select id="selectMsgInfo" parameterType="com.mobis.maps.comm.vo.MapsCommMsgVO" resultType="com.mobis.maps.comm.vo.MapsCommMsgVO">
        /* Query ID=com.mobis.maps.comm.service.dao.MapsCommMsgMDAO.selectMsgInfo */
        SELECT
              A.MSG_CD 
            , A.MSG_LANG
            , A.MSG_NM
            , A.MSG_SE
            , A.MSG_SYS
            , A.REGIST_ID
            , A.REGIST_DT
            , A.UPDT_ID
            , A.UPDT_DT
        FROM  COMNDB.T_MAPS_MSG A
        WHERE 1=1
        AND   A.MSG_CD = #{msgCd}
        AND   A.MSG_LANG = #{msgLang}
    </select>
    
    <!--
        Query ID    : selectMsgInfoByRefrnLang
        Description : 참조언어에 대한 메세지 조회
    -->
    <select id="selectMsgInfoByRefrnLang" parameterType="com.mobis.maps.comm.vo.MapsCommMsgVO" resultType="com.mobis.maps.comm.vo.MapsCommMsgVO">
        /* Query ID=com.mobis.maps.comm.service.dao.MapsCommMsgMDAO.selectMsgInfoByRefrnLang */
        SELECT
              A.MSG_CD 
            , A.MSG_LANG
            , A.MSG_NM
            , A.MSG_SE
            , A.MSG_SYS
        FROM  COMNDB.T_MAPS_MSG A
        WHERE 1=1
        AND   A.MSG_CD = #{msgCd}
        AND   A.MSG_LANG = #{refrnMsgLang}
    </select>
    
    <!--
        Query ID    : selectNextMsgCd
        Description : 다음 메세지코드 조회
    -->
    <select id="selectNextMsgCd" parameterType="com.mobis.maps.comm.vo.MapsCommMsgVO" resultType="string">
        /* Query ID=com.mobis.maps.comm.service.dao.MapsCommMsgMDAO.selectNextMsgCd */
        SELECT
              CONCAT(#{msgSe}, #{msgSys}, #{mapsSysSeCd}, LPAD(NVL(MAX(MID(MSG_CD, 4, 7)), 0) + 1, 7, '0')) AS MSG_CD
        FROM  COMNDB.T_MAPS_MSG
        WHERE MSG_CD LIKE CONCAT(#{msgSe}, #{msgSys}, #{mapsSysSeCd}, '%')
    </select>
    
    <!--
        Query ID    : insertMsgInfo
        Description : 메세지 저장
    -->
    <insert id="insertMsgInfo" parameterType="com.mobis.maps.comm.vo.MapsCommMsgVO">
        /* Query ID=com.mobis.maps.comm.service.dao.MapsCommMsgMDAO.insertMsgInfo */
        <selectKey keyProperty="msgCd" resultType="string" order="BEFORE">
        SELECT
              CONCAT(#{msgSe}, #{msgSys}, #{mapsSysSeCd}, LPAD(NVL(MAX(MID(MSG_CD, 4, 7)), 0) + 1, 7, '0')) AS MSG_CD
        FROM  COMNDB.T_MAPS_MSG
        WHERE MSG_CD LIKE CONCAT(#{msgSe}, #{msgSys}, #{mapsSysSeCd}, '%')
        </selectKey>
        INSERT INTO COMNDB.T_MAPS_MSG (
              MSG_CD 
            , MSG_LANG
            , MSG_NM
            , MSG_SE
            , MSG_SYS
            , REGIST_ID
            , REGIST_DT
            , UPDT_ID
            , UPDT_DT
        ) VALUES (
              #{msgCd}
            , #{msgLang}
            , #{msgNm}
            , #{msgSe}
            , #{msgSys}
            , #{registId}
            , CURRENT_TIMESTAMP
            , #{updtId}
            , CURRENT_TIMESTAMP
        )
    </insert>
    
    <!--
        Query ID    : updateMsgInfo
        Description : 메세지 수정
    -->
    <update id="updateMsgInfo" parameterType="com.mobis.maps.comm.vo.MapsCommMsgVO">
        /* Query ID=com.mobis.maps.comm.service.dao.MapsCommMsgMDAO.updateMsgInfo */
        INSERT INTO COMNDB.T_MAPS_MSG (
              MSG_CD 
            , MSG_LANG
            , MSG_NM
            , MSG_SE
            , MSG_SYS
            , REGIST_ID
            , REGIST_DT
            , UPDT_ID
            , UPDT_DT
        ) VALUES (
              #{msgCd}
            , #{msgLang}
            , #{msgNm}
            , #{msgSe}
            , #{msgSys}
            , #{registId}
            , CURRENT_TIMESTAMP
            , #{updtId}
            , CURRENT_TIMESTAMP
        )
        ON DUPLICATE KEY UPDATE
              MSG_NM = #{msgNm}
            , UPDT_ID = #{updtId}
            , UPDT_DT = CURRENT_TIMESTAMP
    </update>
    
    <!--
        Query ID    : deleteMsgInfo
        Description : 메세지 삭제
    -->
    <delete id="deleteMsgInfo" parameterType="com.mobis.maps.comm.vo.MapsCommMsgVO">
        /* Query ID=com.mobis.maps.comm.service.dao.MapsCommMsgMDAO.deleteMsgInfo */
        DELETE
        FROM  COMNDB.T_MAPS_MSG
        WHERE 1=1
        AND   MSG_CD = #{msgCd}
        AND   MSG_LANG = #{msgLang}
    </delete>
    
</mapper>