<?xml version="1.0" encoding="UTF-8"?>
<!DOCTYPE mapper PUBLIC "-//mybatis.org//DTD Mapper 3.0//EN" "http://mybatis.org/dtd/mybatis-3-mapper.dtd">
<!-- 
    SQL File Name : xmlname.xm 
    Description : 설명을 기술합니다.
    author jiyongdo
    since 2020. 6. 1.
    version 1.0
    Modification Information
       since          author              description
    ===========    =============    ===========================
    2020. 6. 1.     jiyongdo  		   최초 생성
-->

<mapper namespace="com.mobis.maps.comm.service.dao.MapsCommMailSendingLogMDAO">

    <!--
        Query ID    : selectMailLoggingList
        Description : Mail Log 리스트 조회
    -->
    <select id="selectMailLoggingList" parameterType="com.mobis.maps.comm.vo.MapsCommMailSendingLogVO" resultType="com.mobis.maps.comm.vo.MapsCommMailSendingLogVO">
        /* Query ID=com.mobis.maps.comm.service.dao.MapsCommMailSendingLogMDAO.selectMailLoggingList */
        <include refid="com.mobis.maps.cmmn.paging.selectTop"/>
            SELECT
                     ROW_NUMBER() OVER(ORDER BY EMAIL_SN DESC) AS RNUM
                    ,EMAIL_SN
                    ,SNDNG_PROGRM
                    ,SNDNG_SE          
                    ,CREAT_DT 
                    ,SNDNG_DT      
                    ,ERROR_MSSAGE
                    ,HTML_YN     
                    ,SNDNG_EMAIL 
                    ,RECPTN_EMAIL
                    ,RECPTN_CC         
                    ,RECPTN_BCC
                    ,EMAIL_RPLY
                    ,EMAIL_SJ      
                    ,EMAIL_BDT       
                    ,ATCH_YN       
                    ,REF_COL1    
                    ,REF_COL2      
                    ,REF_COL3 
                    ,REF_COL4         
                    ,REF_COL5        
                    ,REGIST_ID        
                    ,REGIST_DT   
                    ,UPDT_ID       
                    ,UPDT_DT   
            FROM  COMNDB.T_EMAIL_SNDNG_HIST
            WHERE 1=1         
            <if test="creatStrDt != null and creatStrDt != ''">        
                AND CREAT_DT &gt;= STR_TO_DATE(#{creatStrDt}, '%Y%m%d') 
            </if>
            <if test="creatFnsDt != null and creatFnsDt != ''">        
                AND CREAT_DT &lt; (INTERVAL 1 DAY + STR_TO_DATE(#{creatFnsDt}, '%Y%m%d'))
            </if>   
            <if test="emailSj != null and emailSj != ''"> 
                AND EMAIL_SJ LIKE CONCAT('%', #{emailSj}, '%')
            </if>
            <if test="program != null and program != ''"> 
                AND SNDNG_PROGRM LIKE CONCAT('%', #{program}, '%')
            </if>
            <if test="sndngSe != null and sndngSe != ''"> 
                AND SNDNG_SE = #{sndngSe}
            </if>
            <if test="recptnEmail != null and recptnEmail != ''"> 
                AND RECPTN_EMAIL LIKE CONCAT('%', #{recptnEmail}, '%') OR RECPTN_CC LIKE CONCAT('%', #{recptnEmail}, '%')
            </if>            
        <include refid="com.mobis.maps.cmmn.paging.selectBottom"/>
    </select>
</mapper>
