<?xml version="1.0" encoding="UTF-8" ?>
<!DOCTYPE mapper PUBLIC "-//mybatis.org//DTD Mapper 3.0//EN" "http://mybatis.org/dtd/mybatis-3-mapper.dtd">
<!--
    SQL File Name : comm_MapsCommAdministStdWordMDAO_SQL.xml
 * @Description   : 행정표준용어 데이터를 관리한다.
 * @author        : DT048058
 * @since         : 2019.08.26.
 * @version       : 1.0
 * @see
 * @Modification Information
 * <pre>
 *     since          author              description
 *  ===========    =============    ===========================
 *  2019.08.26.       DT048058         최초 생성
 * </pre>
-->

<mapper namespace="com.mobis.maps.comm.service.dao.MapsCommAdministStdWordMDAO">
    
    <!--
        Query ID    : selectAdministStdWordPgList
        Description : 행정표준용어 리스트 조회
    -->
    <select id="selectAdministStdWordPgList"
            parameterType="com.mobis.maps.comm.vo.MapsCommAdministStdWordVO"
            resultType="com.mobis.maps.comm.vo.MapsCommAdministStdWordVO">
        /* Query ID=com.mobis.maps.comm.service.dao.MapsCommAdministStdWordMDAO.selectAdministStdWordPgList */
        <include refid="com.mobis.maps.cmmn.paging.selectTop"/>
        SELECT
              ROW_NUMBER() OVER(ORDER BY A.WORD_NM, A.WORD_SE) AS RNUM
            , A.SEQ             /* 번호 */
            , A.WORD_SE         /* 용어구분 */
            , A.WORD_NM         /* 용어명 */
            , A.WORD_ENG_NM     /* 용어영문명 */
            , A.ENG_ABRV_NM     /* 영문약어명 */
            , A.WORD_DFN        /* 용어정의 */
            , A.THEMA_RELM      /* 주제영역 */
            , A.RGSDE           /* 등록일 */
            , A.USE_YN          /* 사용여부 */
        FROM  COMNDB.T_ADMINIST_STD_WORD A
        WHERE 1=1
        <if test='@org.apache.commons.lang3.StringUtils@isNotBlank(kwrdTy)'>
        <choose>
            <when test='@org.apache.commons.lang3.StringUtils@equals(kwrdTy, "wordNm")'>
        AND   A.WORD_NM LIKE CONCAT('%', #{kwrd}, '%')
            </when>
            <when test='@org.apache.commons.lang3.StringUtils@equals(kwrdTy, "wordEngNm")'>
        AND   A.WORD_ENG_NM LIKE CONCAT('%', #{kwrd}, '%')
            </when>
            <when test='@org.apache.commons.lang3.StringUtils@equals(kwrdTy, "engAbrvNm")'>
        AND   A.ENG_ABRV_NM LIKE CONCAT('%', #{kwrd}, '%')
            </when>
            <when test='@org.apache.commons.lang3.StringUtils@equals(kwrdTy, "wordDfn")'>
        AND   A.WORD_DFN LIKE CONCAT('%', #{kwrd}, '%')
            </when>
            <when test='@org.apache.commons.lang3.StringUtils@equals(kwrdTy, "themaRelm")'>
        AND   A.THEMA_RELM LIKE CONCAT('%', #{kwrd}, '%')
            </when>
        </choose>
        </if>
        <if test='@org.apache.commons.lang3.StringUtils@isNotBlank(wordSe)'>
        AND   A.WORD_SE = #{wordSe}     /* 용어구분 */
        </if>
        <if test='@org.apache.commons.lang3.StringUtils@isNotBlank(useYn)'>
        AND   A.USE_YN = #{useYn}       /* 사용여부 */
        </if>
        <if test='@org.apache.commons.lang3.StringUtils@isNotBlank(useYn)'>
        AND   A.RGSDE = #{rgsde}        /* 등록일 */
        </if>
        ORDER BY A.WORD_NM
               , A.WORD_SE
        <include refid="com.mobis.maps.cmmn.paging.selectBottom"/>
    </select>
    
    <!--
        Query ID    : selectAdministStdWord
        Description : 행정표준용어 조회
    -->
    <select id="selectAdministStdWord"
            parameterType="com.mobis.maps.comm.vo.MapsCommAdministStdWordVO"
            resultType="com.mobis.maps.comm.vo.MapsCommAdministStdWordVO">
        /* Query ID=com.mobis.maps.comm.service.dao.MapsCommAdministStdWordMDAO.selectAdministStdWord */
        SELECT
              A.SEQ             /* 번호 */
            , A.WORD_SE         /* 용어구분 */
            , A.WORD_NM         /* 용어명 */
            , A.WORD_ENG_NM     /* 용어영문명 */
            , A.ENG_ABRV_NM     /* 영문약어명 */
            , A.WORD_DFN        /* 용어정의 */
            , A.THEMA_RELM      /* 주제영역 */
            , A.RGSDE           /* 등록일 */
            , A.USE_YN          /* 사용여부 */
        FROM  COMNDB.T_ADMINIST_STD_WORD A
        WHERE 1=1
        AND   A.WORD_SE = #{wordSe}
        AND   A.WORD_NM = #{wordNm}
    </select>
    
    <!--
        Query ID    : insertAdministStdWord
        Description : 행정표준용어 등록
    -->
    <insert id="insertAdministStdWord" parameterType="com.mobis.maps.comm.vo.MapsCommAdministStdWordVO">
        /* Query ID=com.mobis.maps.comm.service.dao.MapsCommAdministStdWordMDAO.insertAdministStdWord */
        <selectKey keyProperty="seq" resultType="int" order="BEFORE">
        SELECT
              NVL(MAX(SEQ), 0) + 1 AS SEQ
        FROM  COMNDB.T_ADMINIST_STD_WORD
        </selectKey>
        INSERT INTO COMNDB.T_ADMINIST_STD_WORD (
              SEQ           /* 번호 */
            , WORD_SE       /* 용어구분 */
            , WORD_NM       /* 용어명 */
            , WORD_ENG_NM   /* 용어영문명 */
            , ENG_ABRV_NM   /* 영문약어명 */
            , WORD_DFN      /* 용어정의 */
            , THEMA_RELM    /* 주제영역 */
            , RGSDE         /* 등록일 */
            , USE_YN        /* 사용여부 */
        ) VALUES (
              #{seq}        /* 번호 */
            , #{wordSe}     /* 용어구분 */
            , #{wordNm}     /* 용어명 */
            , #{wordEngNm}  /* 용어영문명 */
            , #{engAbrvNm}  /* 영문약어명 */
            , #{wordDfn}    /* 용어정의 */
            , #{themaRelm}  /* 주제영역 */
            , #{rgsde}      /* 등록일 */
            , #{useYn}      /* 사용여부 */
        )
    </insert>
    
    <!--
        Query ID    : updateAdministStdWord
        Description : 행정표준용어 수정
    -->
    <update id="updateAdministStdWord" parameterType="com.mobis.maps.comm.vo.MapsCommAdministStdWordVO">
        /* Query ID=com.mobis.maps.comm.service.dao.MapsCommAdministStdWordMDAO.updateAdministStdWord */
        UPDATE COMNDB.T_ADMINIST_STD_WORD
        SET   WORD_SE = #{wordSe}           /* 용어구분 */
            , WORD_NM = #{wordNm}           /* 용어명 */
            , WORD_ENG_NM = #{wordEngNm}    /* 용어영문명 */
            , ENG_ABRV_NM = #{engAbrvNm}    /* 영문약어명 */
            , WORD_DFN = #{wordDfn}         /* 용어정의 */
            , THEMA_RELM = #{themaRelm}     /* 주제영역 */
            , RGSDE = #{rgsde}              /* 등록일 */
            , USE_YN = #{useYn}             /* 사용여부 */ 
        WHERE 1=1
        AND   SEQ = #{seq}  /** 번호 */
    </update>
    
    <!--
        Query ID    : deleteAdministStdWord
        Description : 행정표준용어 삭제
    -->
    <delete id="deleteAdministStdWord" parameterType="com.mobis.maps.comm.vo.MapsCommAdministStdWordVO">
        /* Query ID=com.mobis.maps.comm.service.dao.MapsCommAdministStdWordMDAO.deleteAdministStdWord */
        DELETE
        FROM  COMNDB.T_ADMINIST_STD_WORD
        WHERE 1=1
        AND   SEQ = #{seq}  /** 번호 */
    </delete>
    
    <!--
        Query ID    : selectAdministStdEngAbrvList
        Description : 행정표준영문약어 조회
    -->
    <select id="selectAdministStdEngAbrvList"
            parameterType="com.mobis.maps.comm.vo.MapsCommAdministStdWordVO"
            resultType="com.mobis.maps.comm.vo.MapsCommAdministStdWordVO">
        /* Query ID=com.mobis.maps.comm.service.dao.MapsCommAdministStdWordMDAO.selectAdministStdEngAbrvList */
        SELECT
              ROW_NUMBER() OVER(ORDER BY A.WORD_NM, A.ENG_ABRV_NM) AS RNUM
            , A.WORD_SE         /* 용어구분 */
            , A.WORD_NM         /* 용어명 */
            , A.WORD_ENG_NM     /* 용어영문명 */
            , A.ENG_ABRV_NM     /* 영문약어명 */
        FROM  COMNDB.T_ADMINIST_STD_WORD A
        WHERE 1=1
        AND   A.WORD_NM = #{wordNm}
        AND   A.USE_YN = 'Y'
        ORDER BY A.WORD_NM
               , A.ENG_ABRV_NM
    </select>
    
</mapper>