<?xml version="1.0" encoding="UTF-8" ?>
<!DOCTYPE mapper PUBLIC "-//mybatis.org//DTD Mapper 3.0//EN" "http://mybatis.org/dtd/mybatis-3-mapper.dtd">
<!--
    SQL File Name : comm_MapsCommRfcExecutLogMDAO_SQL.xml
 * @Description   : RFC실행로그 데이터를 관리한다.
 * @author        : DT048058
 * @since         : 2020.02.07.
 * @version       : 1.0
 * @see
 * @Modification Information
 * <pre>
 *     since          author              description
 *  ===========    =============    ===========================
 *  2020.02.07.       DT048058         최초 생성
 * </pre>
-->
<mapper namespace="com.mobis.maps.comm.service.dao.MapsCommRfcExecutLogMDAO">

    <!--
        Query ID    : selectLoggingEventPgList
        Description : RFC실행로그 페이징 리스트 조회
    -->
    <select id="selectRfcExecutLogPgList" parameterType="com.mobis.maps.comm.vo.MapsCommRfcExecutLogVO" resultType="com.mobis.maps.comm.vo.MapsCommRfcExecutLogVO">
        /* Query ID=com.mobis.maps.comm.service.dao.MapsCommLoggingMDAO.selectRfcExecutLogPgList */
        <include refid="com.mobis.maps.cmmn.paging.selectTop"/>
        SELECT
              ROW_NUMBER() OVER(ORDER BY A.EVENT_ID DESC) AS RNUM
            , A.EVENT_ID        /* 이벤드ID */
            , SUBSTR(A.SYS_ID, 1, 2) AS RFC_SYS_ID      /* RFC시스템ID */
            , A.SYS_ID          /* 시스템ID */
            , A.RFC_ID          /* RFC ID */
            , A.RFC_SERVER      /* RFC서버 */
            , A.RFC_CLIENT      /* CLIENT */
            , A.RFC_LANG        /* 언어 */
            , A.SCRIN_ID        /* 화면ID */
            , A.USER_ID         /* 사용자ID */
            , A.LGI_IP_ADRES    /* 로그인IP주소 */
            , A.THREAD_NM       /* 스레드명 */
            , A.LOG_LEVEL       /* 로그레벨 */
            , A.LOG_IPTT        /* 로그입출력 */
            , A.LOG_MSG         /* 로그메세지 */
            , A.LOG_DT          /* 로그일시 */
        FROM  COMNDB.T_RFC_EXECUT_LOG A
        WHERE 1=1
        AND   A.LOG_DT >= #{strtDt}
        AND   <![CDATA[A.LOG_DT <= #{endDt}]]>
        <if test='@org.apache.commons.lang3.StringUtils@isNotBlank(sysId)'>
        AND   A.SYS_ID = #{sysId}    /* 시스템ID */
        </if>
        <if test='@org.apache.commons.lang3.StringUtils@isNotBlank(rfcId)'>
        AND   A.RFC_ID LIKE CONCAT('%', #{rfcId}, '%')  /* RFC ID */
        </if>
        <if test='@org.apache.commons.lang3.StringUtils@isNotBlank(rfcClient)'>
        AND   A.RFC_CLIENT = #{rfcClient}   /* RFC CLIENT */
        </if>
        <if test='@org.apache.commons.lang3.StringUtils@isNotBlank(rfcLang)'>
        AND   A.RFC_LANG = #{rfcLang}   /* RFC 언어 */
        </if>
        <if test='@org.apache.commons.lang3.StringUtils@isNotBlank(threadNm)'>
        AND   A.THREAD_NM LIKE CONCAT('%', #{threadNm}, '%')    /* 스레드명 */
        </if>
        <if test='@org.apache.commons.lang3.StringUtils@isNotBlank(logMsg)'>
        AND   A.LOG_MSG LIKE CONCAT('%', #{logMsg}, '%')    /* 로그메세지 */
        </if>
        <if test='@org.apache.commons.lang3.StringUtils@isNotBlank(logIptt)'>
        AND   A.LOG_IPTT = #{logIptt}   /* 로그입출력 */
        </if>
        <if test='@org.apache.commons.lang3.StringUtils@isNotBlank(rfcServer)'>
        AND   A.RFC_SERVER LIKE CONCAT('%', #{rfcServer}, '%')  /* RFC서버 */ 
        </if>
        <if test='@org.apache.commons.lang3.StringUtils@isNotBlank(kwrdTy)'>
        <choose>
            <when test='@org.apache.commons.lang3.StringUtils@equals(kwrdTy, "scrinId")'>
        AND   A.SCRIN_ID LIKE CONCAT('%', #{kwrd}, '%')
            </when>
            <when test='@org.apache.commons.lang3.StringUtils@equals(kwrdTy, "userId")'>
        AND   A.USER_ID LIKE CONCAT('%', #{kwrd}, '%')
            </when>
            <when test='@org.apache.commons.lang3.StringUtils@equals(kwrdTy, "lgiIpAdres")'>
        AND   A.LGI_IP_ADRES LIKE CONCAT('%', #{kwrd}, '%')
            </when>
        </choose>
        </if>
        ORDER BY A.EVENT_ID DESC
        <include refid="com.mobis.maps.cmmn.paging.selectBottom"/>
    </select>

    <!--
        Query ID    : selectLoggingEventDataList
        Description : Logging Event Data 리스트 조회
    -->
    <select id="selectRfcExecutLogDataList" parameterType="com.mobis.maps.comm.vo.MapsCommRfcExecutLogVO" resultType="com.mobis.maps.comm.vo.MapsCommRfcExecutLogVO">
        /* Query ID=com.mobis.maps.comm.service.dao.MapsCommLoggingMDAO.selectRfcExecutLogDataList */
        SELECT
              A.EVENT_ID        /* 이벤드ID */
            , A.RFC_IPTT_SE     /* RFC입출력구분 */
            , A.RFC_FIELD       /* RFC필드 */
            , A.RFC_DATA_TY     /* RFC데이터타입 */
            , A.RFC_DATA        /* RFC데이터 */
        FROM  COMNDB.T_RFC_EXECUT_LOG_DATA A
        WHERE 1=1
        AND   A.EVENT_ID = #{eventId}
        ORDER BY A.EVENT_ID
               , A.RFC_IPTT_SE
               , A.RFC_FIELD
    </select>
    
</mapper>