<?xml version="1.0" encoding="UTF-8" ?>
<!DOCTYPE mapper PUBLIC "-//mybatis.org//DTD Mapper 3.0//EN" "http://mybatis.org/dtd/mybatis-3-mapper.dtd">
<!--
    SQL File Name : comm_MapsCommCodeMDAO_SQL.xml
 * @Description   : 공통코드 데이터를 관리한다.
 * @author        : DT048058
 * @since         : 2019.08.26.
 * @version       : 1.0
 * @see
 * @Modification Information
 * <pre>
 *     since          author              description
 *  ===========    =============    ===========================
 *  2019.08.26.       DT048058         최초 생성
 * </pre>
-->

<mapper namespace="com.mobis.maps.comm.service.dao.MapsCommCodeMDAO">

    <!--
        Query ID    : selectCommCodeAllPgList
        Description : 공통코드 리스트 조회
    -->
    <select id="selectCommCodeAllPgList" parameterType="com.mobis.maps.comm.vo.MapsCommCodeVO" resultType="com.mobis.maps.comm.vo.MapsCommCodeVO">
        /* Query ID=com.mobis.maps.comm.service.dao.MapsCommCodeMDAO.selectCommCodeAllPgList */
        <include refid="com.mobis.maps.cmmn.paging.selectTop"/>
        SELECT
              ROW_NUMBER() OVER(ORDER BY A.CODE_GROUP, B.INDICT_ORDR, B.CODE) AS RNUM
            , A.CODE_GROUP              /* 코드그룹 */
            , A.CODE_GROUP_NM           /* 코드그룹명 */
            , A.CODE_SYS                /* 코드시스템 */
            , A.UPPER_CODE_GROUP        /* 상위코드그룹 */
            , A.CODE_REFER_DC1          /* 코드참고설명1 */
            , A.CODE_REFER_DC2          /* 코드참고설명2 */
            , A.CODE_REFER_DC3          /* 코드참고설명3 */
            , A.CODE_REFER_DC4          /* 코드참고설명4 */
            , A.CODE_REFER_DC5          /* 코드참고설명5 */
            , B.CODE                    /* 코드 */
            , B.CODE_NM                 /* 코드명 */
            , B.UPPER_CODE              /* 상위코드 */
            , B.WORD_ID                 /* 용어ID */
            , C.ORGINL_WORD             /* 원본용어 */
            , B.INDICT_ORDR             /* 표시순서 */
            , B.CODE_REFER1             /* 코드참고1 */
            , B.CODE_REFER2             /* 코드참고2 */
            , B.CODE_REFER3             /* 코드참고3 */
            , B.CODE_REFER4             /* 코드참고4 */
            , B.CODE_REFER5             /* 코드참고5 */
            , B.USE_YN                  /* 사용여부 */
            , B.DEL_YN                  /* 삭제여부 */
            , B.REGIST_ID               /* 등록자ID */
            , B.REGIST_DT               /* 등록일시 */
            , B.UPDT_ID                 /* 수정자ID */
            , B.UPDT_DT                 /* 수정일시 */
        FROM  COMNDB.T_MAPS_CODE_GROUP A
              JOIN COMNDB.T_MAPS_CODE B
              ON  A.CODE_GROUP = B.CODE_GROUP
              LEFT OUTER JOIN IAMDB.T_WORD_DICARY_MST C
              ON  C.WORD_ID = B.WORD_ID
              AND C.LANG_CD = #{langCd}
        WHERE 1=1
        <if test='@org.apache.commons.lang3.StringUtils@isNotBlank(codeSys)'>
        AND   A.CODE_SYS = #{codeSys}
        </if>
        <if test='@org.apache.commons.lang3.StringUtils@isNotBlank(kwrdTy)'>
        <choose>
            <when test='@org.apache.commons.lang3.StringUtils@equals(kwrdTy, "codeGroup")'>
        AND   A.CODE_GROUP LIKE CONCAT('%', #{kwrd}, '%')
            </when>
            <when test='@org.apache.commons.lang3.StringUtils@equals(kwrdTy, "codeGroupNm")'>
        AND   A.CODE_GROUP_NM LIKE CONCAT('%', #{kwrd}, '%')
            </when>
            <when test='@org.apache.commons.lang3.StringUtils@equals(kwrdTy, "upperCodeGroup")'>
        AND   A.UPPER_CODE_GROUP LIKE CONCAT('%', #{kwrd}, '%')
            </when>
            <when test='@org.apache.commons.lang3.StringUtils@equals(kwrdTy, "code")'>
        AND   B.CODE LIKE CONCAT('%', #{kwrd}, '%')
            </when>
            <when test='@org.apache.commons.lang3.StringUtils@equals(kwrdTy, "codeNm")'>
        AND   B.CODE_NM LIKE CONCAT('%', #{kwrd}, '%')
            </when>
            <when test='@org.apache.commons.lang3.StringUtils@equals(kwrdTy, "upperCode")'>
        AND   B.UPPER_CODE LIKE CONCAT('%', #{kwrd}, '%')
            </when>
            <when test='@org.apache.commons.lang3.StringUtils@equals(kwrdTy, "codeRefer1")'>
        AND   B.CODE_REFER1 LIKE CONCAT('%', #{kwrd}, '%')
            </when>
            <when test='@org.apache.commons.lang3.StringUtils@equals(kwrdTy, "codeRefer2")'>
        AND   B.CODE_REFER2 LIKE CONCAT('%', #{kwrd}, '%')
            </when>
            <when test='@org.apache.commons.lang3.StringUtils@equals(kwrdTy, "codeRefer3")'>
        AND   B.CODE_REFER3 LIKE CONCAT('%', #{kwrd}, '%')
            </when>
            <when test='@org.apache.commons.lang3.StringUtils@equals(kwrdTy, "codeRefer4")'>
        AND   B.CODE_REFER4 LIKE CONCAT('%', #{kwrd}, '%')
            </when>
            <when test='@org.apache.commons.lang3.StringUtils@equals(kwrdTy, "codeRefer5")'>
        AND   B.CODE_REFER5 LIKE CONCAT('%', #{kwrd}, '%')
            </when>
        </choose>
        </if>
        <if test='@org.apache.commons.lang3.StringUtils@isNotBlank(useYn)'>
        AND   B.USE_YN = #{useYn}
        </if>
        <if test='@org.apache.commons.lang3.StringUtils@isNotBlank(delYn)'>
        AND   B.DEL_YN = #{delYn}
        </if>
        ORDER BY A.CODE_GROUP
               , B.INDICT_ORDR
               , B.CODE
        <include refid="com.mobis.maps.cmmn.paging.selectBottom"/>
    </select>
    
    <!--
        Query ID    : selectCommCodeGroupPgList
        Description : 공통코드그룹 리스트 조회
    -->
    <select id="selectCommCodeGroupPgList" parameterType="com.mobis.maps.comm.vo.MapsCommCodeGroupVO" resultType="com.mobis.maps.comm.vo.MapsCommCodeGroupVO">
        /* Query ID=com.mobis.maps.comm.service.dao.MapsCommCodeMDAO.selectCommCodeGroupPgList */
        <include refid="com.mobis.maps.cmmn.paging.selectTop"/>
        SELECT
              ROW_NUMBER() OVER(ORDER BY A.CODE_GROUP) AS RNUM
            , A.CODE_GROUP              /* 코드그룹 */
            , A.CODE_GROUP_NM           /* 코드그룹명 */
            , A.CODE_SYS                /* 코드시스템 */
            , A.UPPER_CODE_GROUP        /* 상위코드그룹 */
            , A.CODE_REFER_DC1          /* 코드참고설명1 */
            , A.CODE_REFER_DC2          /* 코드참고설명2 */
            , A.CODE_REFER_DC3          /* 코드참고설명3 */
            , A.CODE_REFER_DC4          /* 코드참고설명4 */
            , A.CODE_REFER_DC5          /* 코드참고설명5 */
            , A.USE_YN                  /* 사용여부 */
            , A.DEL_YN                  /* 삭제여부 */
            , A.REGIST_ID               /* 등록자ID */
            , A.REGIST_DT               /* 등록일시 */
            , A.UPDT_ID                 /* 수정자ID */
            , A.UPDT_DT                 /* 수정일시 */
        FROM  COMNDB.T_MAPS_CODE_GROUP A
        WHERE 1=1
        <if test='@org.apache.commons.lang3.StringUtils@isNotBlank(codeSys)'>
        AND   A.CODE_SYS = #{codeSys}
        </if>
        <if test='@org.apache.commons.lang3.StringUtils@isNotBlank(kwrdTy)'>
        <choose>
            <when test='@org.apache.commons.lang3.StringUtils@equals(kwrdTy, "codeGroup")'>
        AND   A.CODE_GROUP LIKE CONCAT('%', #{kwrd}, '%')
            </when>
            <when test='@org.apache.commons.lang3.StringUtils@equals(kwrdTy, "codeGroupNm")'>
        AND   A.CODE_GROUP_NM LIKE CONCAT('%', #{kwrd}, '%')
            </when>
            <when test='@org.apache.commons.lang3.StringUtils@equals(kwrdTy, "upperCodeGroup")'>
        AND   A.UPPER_CODE_GROUP LIKE CONCAT('%', #{kwrd}, '%')
            </when>
            <when test='@org.apache.commons.lang3.StringUtils@equals(kwrdTy, "codeReferDc1")'>
        AND   A.CODE_REFER_DC1 LIKE CONCAT('%', #{kwrd}, '%')
            </when>
            <when test='@org.apache.commons.lang3.StringUtils@equals(kwrdTy, "codeReferDc2")'>
        AND   A.CODE_REFER_DC2 LIKE CONCAT('%', #{kwrd}, '%')
            </when>
            <when test='@org.apache.commons.lang3.StringUtils@equals(kwrdTy, "codeReferDc3")'>
        AND   A.CODE_REFER_DC3 LIKE CONCAT('%', #{kwrd}, '%')
            </when>
            <when test='@org.apache.commons.lang3.StringUtils@equals(kwrdTy, "codeReferDc4")'>
        AND   A.CODE_REFER_DC4 LIKE CONCAT('%', #{kwrd}, '%')
            </when>
            <when test='@org.apache.commons.lang3.StringUtils@equals(kwrdTy, "codeReferDc5")'>
        AND   A.CODE_REFER_DC5 LIKE CONCAT('%', #{kwrd}, '%')
            </when>
        </choose>
        </if>
        <if test='@org.apache.commons.lang3.StringUtils@isNotBlank(useYn)'>
        AND   A.USE_YN = #{useYn}
        </if>
        <if test='@org.apache.commons.lang3.StringUtils@isNotBlank(delYn)'>
        AND   A.DEL_YN = #{delYn}
        </if>
        ORDER BY A.CODE_GROUP
        <include refid="com.mobis.maps.cmmn.paging.selectBottom"/>
    </select>
    
    <!--
        Query ID    : selectCommCodeGroup
        Description : 공통코드그룹 조회
    -->
    <select id="selectCommCodeGroup" parameterType="com.mobis.maps.comm.vo.MapsCommCodeGroupVO" resultType="com.mobis.maps.comm.vo.MapsCommCodeGroupVO">
        /* Query ID=com.mobis.maps.comm.service.dao.MapsCommCodeMDAO.selectCommCodeGroup */
        SELECT
              A.CODE_GROUP          /* 코드그룹 */
            , A.CODE_GROUP_NM       /* 코드그룹명 */
            , A.CODE_SYS            /* 코드시스템 */
            , A.UPPER_CODE_GROUP    /* 상위코드그룹 */
            , A.CODE_REFER_DC1      /* 코드참고설명1 */
            , A.CODE_REFER_DC2      /* 코드참고설명2 */
            , A.CODE_REFER_DC3      /* 코드참고설명3 */
            , A.CODE_REFER_DC4      /* 코드참고설명4 */
            , A.CODE_REFER_DC5      /* 코드참고설명5 */
            , A.USE_YN              /* 사용여부 */
            , A.DEL_YN              /* 삭제여부 */
            , A.REGIST_ID           /* 등록자ID */
            , A.REGIST_DT           /* 등록일시 */
            , A.UPDT_ID             /* 수정자ID */
            , A.UPDT_DT             /* 수정일시 */
        FROM  COMNDB.T_MAPS_CODE_GROUP A
        WHERE 1=1
        AND   A.CODE_GROUP = #{codeGroup}
    </select>
    
    <!--
        Query ID    : insertCommCodeGroup
        Description : 공통코드그룹 등록
    -->
    <insert id="insertCommCodeGroup" parameterType="com.mobis.maps.comm.vo.MapsCommCodeGroupVO">
        /* Query ID=com.mobis.maps.comm.service.dao.MapsCommCodeMDAO.insertCommCodeGroup */
        <selectKey keyProperty="codeGroup" resultType="string" order="BEFORE">
        SELECT
              CONCAT(#{codeSys}, #{mapsSysSeCd}, LPAD(NVL(MAX(MID(CODE_GROUP, 3, 8)), 0) + 1, 8, '0')) AS CODE_GROUP
        FROM  COMNDB.T_MAPS_CODE_GROUP
        WHERE CODE_GROUP LIKE CONCAT(#{codeSys}, #{mapsSysSeCd}, '%')
        </selectKey>
        INSERT INTO COMNDB.T_MAPS_CODE_GROUP (
              CODE_GROUP        /* 코드그룹 */
            , CODE_GROUP_NM     /* 코드그룹명 */
            , CODE_SYS          /* 코드시스템 */
            , UPPER_CODE_GROUP  /* 상위코드그룹 */
            , CODE_REFER_DC1    /* 코드참고설명1 */
            , CODE_REFER_DC2    /* 코드참고설명2 */
            , CODE_REFER_DC3    /* 코드참고설명3 */
            , CODE_REFER_DC4    /* 코드참고설명4 */
            , CODE_REFER_DC5    /* 코드참고설명5 */
            , USE_YN            /* 사용여부 */
            , DEL_YN            /* 삭제여부 */
            , REGIST_ID         /* 등록자ID */
            , REGIST_DT         /* 등록일시 */
            , UPDT_ID           /* 수정자ID */
            , UPDT_DT           /* 수정일시 */
        ) VALUES (
              #{codeGroup}          /* 코드그룹 */
            , #{codeGroupNm}        /* 코드그룹명 */
            , #{codeSys}            /* 코드시스템 */
            , #{upperCodeGroup}     /* 상위코드그룹 */
            , #{codeReferDc1}       /* 코드참고설명1 */
            , #{codeReferDc2}       /* 코드참고설명2 */
            , #{codeReferDc3}       /* 코드참고설명3 */
            , #{codeReferDc4}       /* 코드참고설명4 */
            , #{codeReferDc5}       /* 코드참고설명5 */
            , #{useYn}              /* 사용여부 */
            , #{delYn}              /* 삭제여부 */
            , #{registId}           /* 등록자ID */
            , CURRENT_TIMESTAMP     /* 등록일시 */
            , #{updtId}             /* 수정자ID */
            , CURRENT_TIMESTAMP     /* 수정일시 */
        )
    </insert>
    
    <!--
        Query ID    : updateCommCodeGroup
        Description : 공통코드그룹 수정
    -->
    <update id="updateCommCodeGroup" parameterType="com.mobis.maps.comm.vo.MapsCommCodeGroupVO">
        /* Query ID=com.mobis.maps.comm.service.dao.MapsCommCodeMDAO.updateCommCodeGroup */
        UPDATE COMNDB.T_MAPS_CODE_GROUP
        SET   CODE_GROUP_NM = #{codeGroupNm}        /* 코드그룹명 */
            , CODE_SYS = #{codeSys}                 /* 코드시스템 */
            , UPPER_CODE_GROUP = #{upperCodeGroup}  /* 상위코드그룹 */
            , CODE_REFER_DC1 = #{codeReferDc1}      /* 코드참고설명1 */
            , CODE_REFER_DC2 = #{codeReferDc2}      /* 코드참고설명2 */
            , CODE_REFER_DC3 = #{codeReferDc3}      /* 코드참고설명3 */
            , CODE_REFER_DC4 = #{codeReferDc4}      /* 코드참고설명4 */
            , CODE_REFER_DC5 = #{codeReferDc5}      /* 코드참고설명5 */
            , USE_YN = #{useYn}                     /* 사용여부 */
            , DEL_YN = #{delYn}                     /* 삭제여부 */
            , UPDT_ID = #{updtId}                   /* 수정자ID */
            , UPDT_DT = CURRENT_TIMESTAMP           /* 수정일시 */ 
        WHERE 1=1
        AND   CODE_GROUP = #{codeGroup} /* 코드그룹 */
    </update>
    
    <!--
        Query ID    : updateDelCommCodeGroup
        Description : 공통코드그룹 삭제
    -->
    <update id="updateDelCommCodeGroup" parameterType="com.mobis.maps.comm.vo.MapsCommCodeGroupVO">
        /* Query ID=com.mobis.maps.comm.service.dao.MapsCommCodeMDAO.updateDelCommCodeGroup */
        UPDATE COMNDB.T_MAPS_CODE_GROUP
        SET   DEL_YN = #{delYn}                     /* 삭제여부 */
            , UPDT_ID = #{updtId}                   /* 수정자ID */
            , UPDT_DT = CURRENT_TIMESTAMP           /* 수정일시 */
        WHERE 1=1
        AND   CODE_GROUP = #{codeGroup} /* 코드그룹 */
    </update>
    
    <!--
        Query ID    : updateDelCommCodeAll
        Description : 공통코드 전체삭제
    -->
    <update id="updateDelCommCodeAll" parameterType="com.mobis.maps.comm.vo.MapsCommCodeGroupVO">
        /* Query ID=com.mobis.maps.comm.service.dao.MapsCommCodeMDAO.updateDelCommCodeAll */
        UPDATE COMNDB.T_MAPS_CODE
        SET   DEL_YN = #{delYn}                     /* 삭제여부 */
            , UPDT_ID = #{updtId}                   /* 수정자ID */
            , UPDT_DT = CURRENT_TIMESTAMP           /* 수정일시 */
        WHERE 1=1
        AND   CODE_GROUP = #{codeGroup} /* 코드그룹 */
    </update>
    
    <!--
        Query ID    : deleteCommCodeGroup
        Description : 공통코드그룹 삭제
    -->
    <delete id="deleteCommCodeGroup" parameterType="com.mobis.maps.comm.vo.MapsCommCodeGroupVO">
        /* Query ID=com.mobis.maps.comm.service.dao.MapsCommCodeMDAO.deleteCommCodeGroup */
        DELETE
        FROM  COMNDB.T_MAPS_CODE_GROUP
        WHERE 1=1
        AND   CODE_GROUP = #{codeGroup} /* 코드그룹 */
    </delete>
    
    <!--
        Query ID    : deleteCommCodeAll
        Description : 공통코드 전체삭제
    -->
    <delete id="deleteCommCodeAll" parameterType="com.mobis.maps.comm.vo.MapsCommCodeGroupVO">
        /* Query ID=com.mobis.maps.comm.service.dao.MapsCommCodeMDAO.deleteCommCodeAll */
        DELETE
        FROM  COMNDB.T_MAPS_CODE
        WHERE 1=1
        AND   CODE_GROUP = #{codeGroup} /* 코드그룹 */
    </delete>
    
    <!--
        Query ID    : selectCommCodePgList
        Description : 공통코드 리스트 조회
    -->
    <select id="selectCommCodePgList" parameterType="com.mobis.maps.comm.vo.MapsCommCodeVO" resultType="com.mobis.maps.comm.vo.MapsCommCodeVO">
        /* Query ID=com.mobis.maps.comm.service.dao.MapsCommCodeMDAO.selectCommCodePgList */
        <include refid="com.mobis.maps.cmmn.paging.selectTop"/>
        SELECT
              ROW_NUMBER() OVER(ORDER BY A.CODE_GROUP, A.INDICT_ORDR, A.CODE) AS RNUM
            , A.CODE_GROUP              /* 코드그룹 */
            , A.CODE                    /* 코드 */
            , A.CODE_NM                 /* 코드명 */
            , A.UPPER_CODE              /* 상위코드 */
            , A.WORD_ID                 /* 용어ID */
            , B.ORGINL_WORD             /* 원본용어 */
            , A.INDICT_ORDR             /* 표시순서 */
            , A.CODE_REFER1             /* 코드참고1 */
            , A.CODE_REFER2             /* 코드참고2 */
            , A.CODE_REFER3             /* 코드참고3 */
            , A.CODE_REFER4             /* 코드참고4 */
            , A.CODE_REFER5             /* 코드참고5 */
            , A.USE_YN                  /* 사용여부 */
            , A.DEL_YN                  /* 삭제여부 */
            , A.REGIST_ID               /* 등록자ID */
            , A.REGIST_DT               /* 등록일시 */
            , A.UPDT_ID                 /* 수정자ID */
            , A.UPDT_DT                 /* 수정일시 */
        FROM  COMNDB.T_MAPS_CODE A
              LEFT OUTER JOIN IAMDB.T_WORD_DICARY_MST B
              ON  B.WORD_ID = A.WORD_ID
              AND B.LANG_CD = #{langCd}
        WHERE 1=1
        AND   A.CODE_GROUP = #{codeGroup}
        <if test='@org.apache.commons.lang3.StringUtils@isNotBlank(kwrdTy)'>
        <choose>
            <when test='@org.apache.commons.lang3.StringUtils@equals(kwrdTy, "code")'>
        AND   A.CODE LIKE CONCAT('%', #{kwrd}, '%')
            </when>
            <when test='@org.apache.commons.lang3.StringUtils@equals(kwrdTy, "codeNm")'>
        AND   A.CODE_NM LIKE CONCAT('%', #{kwrd}, '%')
            </when>
            <when test='@org.apache.commons.lang3.StringUtils@equals(kwrdTy, "codeRefer1")'>
        AND   A.CODE_REFER1 LIKE CONCAT('%', #{kwrd}, '%')
            </when>
            <when test='@org.apache.commons.lang3.StringUtils@equals(kwrdTy, "codeRefer2")'>
        AND   A.CODE_REFER2 LIKE CONCAT('%', #{kwrd}, '%')
            </when>
            <when test='@org.apache.commons.lang3.StringUtils@equals(kwrdTy, "codeRefer3")'>
        AND   A.CODE_REFER3 LIKE CONCAT('%', #{kwrd}, '%')
            </when>
            <when test='@org.apache.commons.lang3.StringUtils@equals(kwrdTy, "codeRefer4")'>
        AND   A.CODE_REFER4 LIKE CONCAT('%', #{kwrd}, '%')
            </when>
            <when test='@org.apache.commons.lang3.StringUtils@equals(kwrdTy, "codeRefer5")'>
        AND   A.CODE_REFER5 LIKE CONCAT('%', #{kwrd}, '%')
            </when>
        </choose>
        </if>
        <if test='@org.apache.commons.lang3.StringUtils@isNotBlank(useYn)'>
        AND   A.USE_YN = #{useYn}
        </if>
        <if test='@org.apache.commons.lang3.StringUtils@isNotBlank(delYn)'>
        AND   A.DEL_YN = #{delYn}
        </if>
        ORDER BY A.CODE_GROUP
               , A.INDICT_ORDR
               , A.CODE
        <include refid="com.mobis.maps.cmmn.paging.selectBottom"/>
    </select>
    
    <!--
        Query ID    : selectCommCode
        Description : 공통코드 조회
    -->
    <select id="selectCommCode" parameterType="com.mobis.maps.comm.vo.MapsCommCodeVO" resultType="com.mobis.maps.comm.vo.MapsCommCodeVO">
        /* Query ID=com.mobis.maps.comm.service.dao.MapsCommCodeMDAO.selectCommCode */
        SELECT
              A.CODE_GROUP      /* 코드그룹 */
            , A.CODE            /* 코드 */
            , A.CODE_NM         /* 코드명 */
            , A.UPPER_CODE      /* 상위코드 */
            , A.WORD_ID         /* 용어ID */
            , A.INDICT_ORDR     /* 표시순서 */
            , A.CODE_REFER1     /* 코드참고1 */
            , A.CODE_REFER2     /* 코드참고2 */
            , A.CODE_REFER3     /* 코드참고3 */
            , A.CODE_REFER4     /* 코드참고4 */
            , A.CODE_REFER5     /* 코드참고5 */
            , A.USE_YN          /* 사용여부 */
            , A.DEL_YN          /* 삭제여부 */
            , A.REGIST_ID       /* 등록자ID */
            , A.REGIST_DT       /* 등록일시 */
            , A.UPDT_ID         /* 수정자ID */
            , A.UPDT_DT         /* 수정일시 */
        FROM  COMNDB.T_MAPS_CODE A
        WHERE 1=1
        AND   A.CODE_GROUP = #{codeGroup}
        AND   A.CODE = #{code}
    </select>
    
    <!--
        Query ID    : insertCommCode
        Description : 공통코드 등록
    -->
    <insert id="insertCommCode" parameterType="com.mobis.maps.comm.vo.MapsCommCodeVO">
        /* Query ID=com.mobis.maps.comm.service.dao.MapsCommCodeMDAO.insertCommCode */
        INSERT INTO COMNDB.T_MAPS_CODE (
              CODE_GROUP        /* 코드그룹 */
            , CODE              /* 코드 */
            , CODE_NM           /* 코드명 */
            , UPPER_CODE        /* 상위코드 */
            , WORD_ID           /* 용어ID */
            , INDICT_ORDR       /* 표시순서 */
            , CODE_REFER1       /* 코드참고1 */
            , CODE_REFER2       /* 코드참고2 */
            , CODE_REFER3       /* 코드참고3 */
            , CODE_REFER4       /* 코드참고4 */
            , CODE_REFER5       /* 코드참고5 */
            , USE_YN            /* 사용여부 */
            , DEL_YN            /* 삭제여부 */
            , REGIST_ID         /* 등록자ID */
            , REGIST_DT         /* 등록일시 */
            , UPDT_ID           /* 수정자ID */
            , UPDT_DT           /* 수정일시 */
        ) VALUES (
              #{codeGroup}          /* 코드그룹 */
            , #{code}               /* 코드 */
            , #{codeNm}             /* 코드명 */
            , #{upperCode}          /* 상위코드 */
            , #{wordId}             /* 용어ID */
            , #{indictOrdr}         /* 표시순서 */
            , #{codeRefer1}         /* 코드참고1 */
            , #{codeRefer2}         /* 코드참고2 */
            , #{codeRefer3}         /* 코드참고3 */
            , #{codeRefer4}         /* 코드참고4 */
            , #{codeRefer5}         /* 코드참고5 */
            , #{useYn}              /* 사용여부 */
            , #{delYn}              /* 삭제여부 */
            , #{registId}           /* 등록자ID */
            , CURRENT_TIMESTAMP     /* 등록일시 */
            , #{updtId}             /* 수정자ID */
            , CURRENT_TIMESTAMP     /* 수정일시 */
        )
    </insert>
    
    <!--
        Query ID    : updateCommCode
        Description : 공통코드 수정
    -->
    <update id="updateCommCode" parameterType="com.mobis.maps.comm.vo.MapsCommCodeVO">
        /* Query ID=com.mobis.maps.comm.service.dao.MapsCommCodeMDAO.updateCommCode */
        UPDATE COMNDB.T_MAPS_CODE
        SET   CODE_NM = #{codeNm}           /* 코드명 */
            , UPPER_CODE = #{upperCode}     /* 상위코드 */
            , WORD_ID = #{wordId}           /* 용어ID */
            , INDICT_ORDR = #{indictOrdr}   /* 표시순서 */
            , CODE_REFER1 = #{codeRefer1}   /* 코드참고1 */
            , CODE_REFER2 = #{codeRefer2}   /* 코드참고2 */
            , CODE_REFER3 = #{codeRefer3}   /* 코드참고3 */
            , CODE_REFER4 = #{codeRefer4}   /* 코드참고4 */
            , CODE_REFER5 = #{codeRefer5}   /* 코드참고5 */
            , USE_YN = #{useYn}             /* 사용여부 */
            , DEL_YN = #{delYn}             /* 삭제여부 */
            , UPDT_ID = #{updtId}           /* 수정자ID */
            , UPDT_DT = CURRENT_TIMESTAMP   /* 수정일시 */ 
        WHERE 1=1
        AND   CODE_GROUP = #{codeGroup}     /* 코드그룹 */
        AND   CODE = #{code}                /* 코드 */
    </update>
    
    <!--
        Query ID    : deleteCommCode
        Description : 공통코드 삭제
    -->
    <delete id="deleteCommCode" parameterType="com.mobis.maps.comm.vo.MapsCommCodeVO">
        /* Query ID=com.mobis.maps.comm.service.dao.MapsCommCodeMDAO.deleteCommCode */
        DELETE
        FROM  COMNDB.T_MAPS_CODE
        WHERE 1=1
        AND   CODE_GROUP = #{codeGroup} /* 코드그룹 */
        AND   CODE = #{code}            /* 코드 */
    </delete>
    
    <!--
        Query ID    : selectCodeList
        Description : 코드 리스트 조회
    -->
    <select id="selectCodeList" parameterType="com.mobis.maps.comm.vo.MapsCommCodeVO" resultType="com.mobis.maps.cmmn.vo.CodeVO">
        /* Query ID=com.mobis.maps.comm.service.dao.MapsCommCodeMDAO.selectCmmnCodeList */
        SELECT
              D.CODE_GROUP      /* 코드그룹 */
            , D.CODE_GROUP_NM   /* 코드그룹명 */
            , D.CODE_SYS        /* 코드시스템 */
            , D.CODE            /* 코드 */
        <choose>
            <when test='@org.apache.commons.lang3.StringUtils@equals(dispTy, "KV")'>
            , CONCAT(D.CODE, ' : ', D.CODE_NM) AS CODE_NM   /* 코드명 */
            </when>
            <when test='@org.apache.commons.lang3.StringUtils@equals(dispTy, "VK")'>
            , CONCAT(D.CODE_NM, ' : ', D.CODE) AS CODE_NM   /* 코드명 */
            </when>
            <when test='@org.apache.commons.lang3.StringUtils@equals(dispTy, "K")'>
            , D.CODE AS CODE_NM /* 코드명 */
            </when>
            <otherwise>
            , D.CODE_NM AS CODE_NM   /* 코드명 */
            </otherwise>
        </choose>
            , D.UPPER_CODE      /* 상위코드 */
            , D.CODE_REFER1     /* 코드참고1 */
            , D.CODE_REFER2     /* 코드참고2 */
            , D.CODE_REFER3     /* 코드참고3 */
            , D.CODE_REFER4     /* 코드참고4 */
            , D.CODE_REFER5     /* 코드참고5 */
        FROM  (
            SELECT
                  A.CODE_GROUP      /* 코드그룹 */
                , A.CODE_GROUP_NM   /* 코드그룹명 */
                , A.CODE_SYS        /* 코드시스템 */
                , B.CODE            /* 코드 */
        <choose>
            <when test='@org.apache.commons.lang3.StringUtils@equals(abbrevWordUseCd, "01")'>
                , NVL(NVL(C.ABBREV_WORD_1, C.ORGINL_WORD), B.CODE_NM) AS CODE_NM   /* 코드명 */
            </when>
            <when test='@org.apache.commons.lang3.StringUtils@equals(abbrevWordUseCd, "02")'>
                , NVL(NVL(C.ABBREV_WORD_2, C.ORGINL_WORD), B.CODE_NM) AS CODE_NM   /* 코드명 */
            </when>
            <when test='@org.apache.commons.lang3.StringUtils@equals(abbrevWordUseCd, "03")'>
                , NVL(NVL(C.ABBREV_WORD_3, C.ORGINL_WORD), B.CODE_NM) AS CODE_NM   /* 코드명 */
            </when>
            <when test='@org.apache.commons.lang3.StringUtils@equals(abbrevWordUseCd, "04")'>
                , NVL(NVL(C.ABBREV_WORD_4, C.ORGINL_WORD), B.CODE_NM) AS CODE_NM   /* 코드명 */
            </when>
            <when test='@org.apache.commons.lang3.StringUtils@equals(abbrevWordUseCd, "05")'>
                , NVL(NVL(C.ABBREV_WORD_5, C.ORGINL_WORD), B.CODE_NM) AS CODE_NM   /* 코드명 */
            </when>
            <otherwise>
                , NVL(C.ORGINL_WORD, B.CODE_NM) AS CODE_NM   /* 코드명 */
            </otherwise>
        </choose>
                , B.UPPER_CODE      /* 상위코드 */
                , B.CODE_REFER1     /* 코드참고1 */
                , B.CODE_REFER2     /* 코드참고2 */
                , B.CODE_REFER3     /* 코드참고3 */
                , B.CODE_REFER4     /* 코드참고4 */
                , B.CODE_REFER5     /* 코드참고5 */
            FROM  COMNDB.T_MAPS_CODE_GROUP A
                  JOIN COMNDB.T_MAPS_CODE B
                  ON  A.CODE_GROUP = B.CODE_GROUP
                  LEFT OUTER JOIN IAMDB.T_WORD_DICARY_MST C
                  ON  C.WORD_ID = B.WORD_ID
                  AND C.LANG_CD = #{langCd}
            WHERE 1=1
        <if test='@org.apache.commons.lang3.StringUtils@isNotBlank(codeGroup)'>
            AND   A.CODE_GROUP = #{codeGroup}
        </if>
        <if test='@org.apache.commons.lang3.StringUtils@isNotBlank(codeSys)'>
            AND   A.CODE_SYS IN ('C', #{codeSys})
        </if>
        <if test='@org.apache.commons.lang3.StringUtils@isNotBlank(useYn)'>
            AND   B.USE_YN = #{useYn}
        </if>
        <if test='@org.apache.commons.lang3.StringUtils@isNotBlank(delYn)'>
            AND   B.DEL_YN = #{delYn}
        </if>
            ORDER BY A.CODE_GROUP
                   , B.INDICT_ORDR
                   , B.CODE
              ) D
    </select>
    
    <!--
        Query ID    : selectLwprtCodeList
        Description : 하위코드 리스트 조회
    -->
    <select id="selectLwprtCodeList" parameterType="com.mobis.maps.comm.vo.MapsCommCodeVO" resultType="com.mobis.maps.cmmn.vo.CodeVO">
        /* Query ID=com.mobis.maps.comm.service.dao.MapsCommCodeMDAO.selectLwprtCodeList */
        SELECT
              D.CODE_GROUP      /* 코드그룹 */
            , D.CODE_GROUP_NM   /* 코드그룹명 */
            , D.CODE_SYS        /* 코드시스템 */
            , D.CODE            /* 코드 */
        <choose>
            <when test='@org.apache.commons.lang3.StringUtils@equals(dispTy, "KV")'>
            , CONCAT(D.CODE, ' : ', D.CODE_NM) AS CODE_NM   /* 코드명 */
            </when>
            <when test='@org.apache.commons.lang3.StringUtils@equals(dispTy, "VK")'>
            , CONCAT(D.CODE_NM, ' : ', D.CODE) AS CODE_NM   /* 코드명 */
            </when>
            <when test='@org.apache.commons.lang3.StringUtils@equals(dispTy, "K")'>
            , D.CODE AS CODE_NM /* 코드명 */
            </when>
            <otherwise>
            , D.CODE_NM AS CODE_NM   /* 코드명 */
            </otherwise>
        </choose>
            , D.UPPER_CODE      /* 상위코드 */
            , D.CODE_REFER1     /* 코드참고1 */
            , D.CODE_REFER2     /* 코드참고2 */
            , D.CODE_REFER3     /* 코드참고3 */
            , D.CODE_REFER4     /* 코드참고4 */
            , D.CODE_REFER5     /* 코드참고5 */
        FROM  (
            SELECT
                  A.CODE_GROUP              /* 코드그룹 */
                , A.CODE_GROUP_NM           /* 코드그룹명 */
                , A.CODE_SYS                /* 코드시스템 */
                , B.CODE                    /* 코드 */
        <choose>
            <when test='@org.apache.commons.lang3.StringUtils@equals(abbrevWordUseCd, "01")'>
                , NVL(NVL(C.ABBREV_WORD_1, C.ORGINL_WORD), B.CODE_NM) AS CODE_NM   /* 코드명 */
            </when>
            <when test='@org.apache.commons.lang3.StringUtils@equals(abbrevWordUseCd, "02")'>
                , NVL(NVL(C.ABBREV_WORD_2, C.ORGINL_WORD), B.CODE_NM) AS CODE_NM   /* 코드명 */
            </when>
            <when test='@org.apache.commons.lang3.StringUtils@equals(abbrevWordUseCd, "03")'>
                , NVL(NVL(C.ABBREV_WORD_3, C.ORGINL_WORD), B.CODE_NM) AS CODE_NM   /* 코드명 */
            </when>
            <when test='@org.apache.commons.lang3.StringUtils@equals(abbrevWordUseCd, "04")'>
                , NVL(NVL(C.ABBREV_WORD_4, C.ORGINL_WORD), B.CODE_NM) AS CODE_NM   /* 코드명 */
            </when>
            <when test='@org.apache.commons.lang3.StringUtils@equals(abbrevWordUseCd, "05")'>
                , NVL(NVL(C.ABBREV_WORD_5, C.ORGINL_WORD), B.CODE_NM) AS CODE_NM   /* 코드명 */
            </when>
            <otherwise>
                , NVL(C.ORGINL_WORD, B.CODE_NM) AS CODE_NM   /* 코드명 */
            </otherwise>
        </choose>
                , B.CODE_REFER1             /* 코드참고1 */
                , B.CODE_REFER2             /* 코드참고2 */
                , B.CODE_REFER3             /* 코드참고3 */
                , B.CODE_REFER4             /* 코드참고4 */
                , B.CODE_REFER5             /* 코드참고5 */
            FROM  COMNDB.T_MAPS_CODE_GROUP A
                  JOIN COMNDB.T_MAPS_CODE B
                  ON  A.CODE_GROUP = B.CODE_GROUP
                  LEFT OUTER JOIN IAMDB.T_WORD_DICARY_MST C
                  ON  C.WORD_ID = B.WORD_ID
                  AND C.LANG_CD = #{langCd}
            WHERE 1=1
            AND   A.UPPER_CODE_GROUP = #{codeGroup}
            AND   A.UPPER_CODE = #{code}
            ORDER BY A.CODE_GROUP
                   , B.INDICT_ORDR
                   , B.CODE
              ) D
    </select>
    
    <!--
        Query ID    : selectCodeNm
        Description : 코드명 조회
    -->
    <select id="selectCodeNm" parameterType="com.mobis.maps.comm.vo.MapsCommCodeVO" resultType="com.mobis.maps.cmmn.vo.CodeVO">
        /* Query ID=com.mobis.maps.comm.service.dao.MapsCommCodeMDAO.selectCodeNm */
        SELECT
              D.CODE_GROUP      /* 코드그룹 */
            , D.CODE_GROUP_NM   /* 코드그룹명 */
            , D.CODE_SYS        /* 코드시스템 */
            , D.CODE            /* 코드 */
        <choose>
            <when test='@org.apache.commons.lang3.StringUtils@equals(dispTy, "KV")'>
            , CONCAT(D.CODE, ' : ', D.CODE_NM) AS CODE_NM   /* 코드명 */
            </when>
            <when test='@org.apache.commons.lang3.StringUtils@equals(dispTy, "VK")'>
            , CONCAT(D.CODE_NM, ' : ', D.CODE) AS CODE_NM   /* 코드명 */
            </when>
            <when test='@org.apache.commons.lang3.StringUtils@equals(dispTy, "K")'>
            , D.CODE AS CODE_NM /* 코드명 */
            </when>
            <otherwise>
            , D.CODE_NM AS CODE_NM   /* 코드명 */
            </otherwise>
        </choose>
            , D.UPPER_CODE      /* 상위코드 */
            , D.CODE_REFER1     /* 코드참고1 */
            , D.CODE_REFER2     /* 코드참고2 */
            , D.CODE_REFER3     /* 코드참고3 */
            , D.CODE_REFER4     /* 코드참고4 */
            , D.CODE_REFER5     /* 코드참고5 */
        FROM  (
            SELECT
                  A.CODE_GROUP      /* 코드그룹 */
                , A.CODE_GROUP_NM   /* 코드그룹명 */
                , A.CODE_SYS        /* 코드시스템 */
                , B.CODE            /* 코드 */
        <choose>
            <when test='@org.apache.commons.lang3.StringUtils@equals(abbrevWordUseCd, "01")'>
                , NVL(NVL(C.ABBREV_WORD_1, C.ORGINL_WORD), B.CODE_NM) AS CODE_NM   /* 코드명 */
            </when>
            <when test='@org.apache.commons.lang3.StringUtils@equals(abbrevWordUseCd, "02")'>
                , NVL(NVL(C.ABBREV_WORD_2, C.ORGINL_WORD), B.CODE_NM) AS CODE_NM   /* 코드명 */
            </when>
            <when test='@org.apache.commons.lang3.StringUtils@equals(abbrevWordUseCd, "03")'>
                , NVL(NVL(C.ABBREV_WORD_3, C.ORGINL_WORD), B.CODE_NM) AS CODE_NM   /* 코드명 */
            </when>
            <when test='@org.apache.commons.lang3.StringUtils@equals(abbrevWordUseCd, "04")'>
                , NVL(NVL(C.ABBREV_WORD_4, C.ORGINL_WORD), B.CODE_NM) AS CODE_NM   /* 코드명 */
            </when>
            <when test='@org.apache.commons.lang3.StringUtils@equals(abbrevWordUseCd, "05")'>
                , NVL(NVL(C.ABBREV_WORD_5, C.ORGINL_WORD), B.CODE_NM) AS CODE_NM   /* 코드명 */
            </when>
            <otherwise>
                , NVL(C.ORGINL_WORD, B.CODE_NM) AS CODE_NM   /* 코드명 */
            </otherwise>
        </choose>
                , B.UPPER_CODE      /* 상위코드 */
                , B.CODE_REFER1     /* 코드참고1 */
                , B.CODE_REFER2     /* 코드참고2 */
                , B.CODE_REFER3     /* 코드참고3 */
                , B.CODE_REFER4     /* 코드참고4 */
                , B.CODE_REFER5     /* 코드참고5 */
            FROM  COMNDB.T_MAPS_CODE_GROUP A
                  JOIN COMNDB.T_MAPS_CODE B
                  ON  A.CODE_GROUP = B.CODE_GROUP
                  LEFT OUTER JOIN IAMDB.T_WORD_DICARY_MST C
                  ON  C.WORD_ID = B.WORD_ID
                  AND C.LANG_CD = #{langCd}
            WHERE 1=1
            AND   A.CODE_GROUP = #{codeGroup}
            AND   B.CODE = #{code}
              ) D
    </select>
    
    <!--
        Query ID    : selectCodeWordNm
        Description : 코드용어명 조회
    -->
    <select id="selectCodeWordNm" parameterType="com.mobis.maps.comm.vo.MapsCommCodeVO" resultType="java.lang.String">
        SELECT
              A.ORGINL_WORD AS CODE_NAME    /* 원본용어 */
        FROM  IAMDB.T_WORD_DICARY_MST A
        WHERE 1=1
        AND   A.WORD_ID = #{cboDfltId}
        AND   A.LANG_CD = #{langCd}
    </select>
    
    <!--
        Query ID    : selectSapCodeList
        Description : 코드 리스트 조회
    -->
    <select id="selectSapCodeList" parameterType="com.mobis.maps.comm.vo.MapsCommCodeVO" resultType="com.mobis.maps.cmmn.vo.SapCodeVO">
        /* Query ID=com.mobis.maps.comm.service.dao.MapsCommCodeMDAO.selectSapCodeList */
        SELECT
              A.CODE AS CODE_GROUP      /* 코드그룹 */
            , B.CNAME AS CODE_GROUP_NM  /* 코드그룹명 */
            , C.CODE1 AS CODE           /* 코드 */
            , D.SNAME AS CODE_NM        /* 코드명 */
        <!--choose>
            <when test='@org.apache.commons.lang3.StringUtils@equals(dispTy, "KV")'>
            , CONCAT(C.CODE1, ' : ', IF(D.SNAME IS NOT NULL, D.SNAME, C.CODE1)) AS CODE_NM   /* 코드명 */
            </when>
            <when test='@org.apache.commons.lang3.StringUtils@equals(dispTy, "VK")'>
            , CONCAT(IF(D.SNAME IS NOT NULL, D.SNAME, C.CODE1), ' : ', C.CODE1) AS CODE_NM   /* 코드명 */
            </when>
            <when test='@org.apache.commons.lang3.StringUtils@equals(dispTy, "K")'>
            , C.CODE1 AS CODE_NM /* 코드명 */
            </when>
            <otherwise>
            , IF(D.SNAME IS NOT NULL, D.SNAME, C.CODE1) AS CODE_NM  /* 코드명 */
            </otherwise>
        </choose-->
            , C.CODE1 AS CODE_REFER1    /* 코드참고1 */
            , C.CODE2 AS CODE_REFER2    /* 코드참고2 */
            , C.CODE3 AS CODE_REFER3    /* 코드참고3 */
            , C.CODE4 AS CODE_REFER4    /* 코드참고4 */
            , C.CODE5 AS CODE_REFER5    /* 코드참고5 */
            , C.USR01   /* 문자필드, 길이 70 */
            , C.USR02   /* 문자필드, 길이 70 */
            , C.USR03   /* 문자필드, 길이 70 */
            , C.USR04   /* 문자필드, 길이 70 */
            , C.USR05   /* 문자필드, 길이 70 */
            , C.USR06   /* 문자필드, 길이 70 */
            , C.USR07   /* 문자필드, 길이 70 */
            , C.USR08   /* 문자필드, 길이 70 */
            , C.USR09   /* 문자필드, 길이 70 */
            , C.USR10   /* 문자필드, 길이 70 */
            , C.USR11   /* 숫자문자필드, 길이 10 */
            , C.USR12   /* 숫자문자필드, 길이 10 */
            , C.USR13   /* 사용자 필드(20자) */
            , C.USR14   /* 사용자 필드(20자) */
            , C.USR15   /* 텍스트 (40 문자) */
            , C.USR16   /* 텍스트 (40 문자) */
            , C.USR17   /* 작업 영역 길이 128 */
            , C.USR18   /* 작업 영역 길이 128 */
            , C.USR19   /* 사용자 정의 필드: 리포트 지시자 */
            , C.USR20   /* 사용자 정의 필드: 리포트 지시자 */
            , C.USR21   /* 사용자 정의 필드: 리포트 지시자 */
            , C.USR22   /* 사용자 정의 필드: 리포트 지시자 */
            , C.USR23   /* 일자에 대한 사용자 필드 */
            , C.USR24   /* 일자에 대한 사용자 필드 */
            , C.USR25   /* 일자에 대한 사용자 필드 */
            , C.USR26   /* 일자에 대한 사용자 필드 */
            , C.USR27   /* Time User Field */
            , C.USR28   /* Time User Field */
            , C.USR29   /* Time User Field */
            , C.USR30   /* Time User Field */
            , C.USR31   /* 사용자 필드(1자) */
            , C.USR32   /* 사용자 필드(1자) */
            , C.USR33   /* 사용자 필드(1자) */
            , C.USR34   /* 사용자 필드(1자) */
            , C.USR35   /* 사용자 필드(1자) */
            , C.USR36   /* 사용자필드(4자리) */
            , C.USR37   /* 사용자필드(4자리) */
            , C.USR38   /* 사용자필드(4자리) */
            , C.USR39   /* 사용자필드(4자리) */
        FROM  MAPSDB.ZPCAT0030 A
              JOIN MAPSDB.ZPCAT0030T B
              ON  A.SYSID = B.SYSID
              AND A.MANDT = B.MANDT
              AND A.CODE = B.CODE
              AND A.SYSID = #{sysId}
              AND A.MANDT = #{client}
              AND B.SPRAS = #{aspLangKey}
              JOIN MAPSDB.ZPCAT0031 C
              ON  A.SYSID = C.SYSID
              AND A.MANDT = C.MANDT
              AND A.CODE = C.CODE
              JOIN MAPSDB.ZPCAT0031T D
              ON  C.SYSID = D.SYSID
              AND C.MANDT = D.MANDT
              AND C.CODE = D.CODE
              AND C.CODE1 = D.CODE1
              AND C.CODE2 = D.CODE2
              AND C.CODE3 = D.CODE3
              AND C.CODE4 = D.CODE4
              AND C.CODE5 = D.CODE5
              AND D.SPRAS = #{aspLangKey}
        WHERE 1=1
        AND   A.CODE = #{codeGroup}
        <if test='@org.apache.commons.lang3.StringUtils@isNotBlank(codeRefer1)'>
        AND   C.CODE1 = #{codeRefer1}
        </if>
        <if test='@org.apache.commons.lang3.StringUtils@isNotBlank(codeRefer2)'>
        AND   C.CODE2 = #{codeRefer2}
        </if>
        <if test='@org.apache.commons.lang3.StringUtils@isNotBlank(codeRefer3)'>
        AND   C.CODE3 = #{codeRefer3}
        </if>
        <if test='@org.apache.commons.lang3.StringUtils@isNotBlank(codeRefer4)'>
        AND   C.CODE4 = #{codeRefer4}
        </if>
        <if test='@org.apache.commons.lang3.StringUtils@isNotBlank(codeRefer5)'>
        AND   C.CODE5 = #{codeRefer5}
        </if>
        ORDER BY C.VALPOS
    </select>
    
    <!--
        Query ID    : selectSapCodeNm
        Description : 코드명 조회
    -->
    <select id="selectSapCodeNm" parameterType="com.mobis.maps.comm.vo.MapsCommCodeVO" resultType="com.mobis.maps.cmmn.vo.SapCodeVO">
        /* Query ID=com.mobis.maps.comm.service.dao.MapsCommCodeMDAO.selectSapCodeNm */
        SELECT
              A.CODE AS CODE_GROUP      /* 코드그룹 */
            , B.CNAME AS CODE_GROUP_NM  /* 코드그룹명 */
            , C.CODE1 AS CODE           /* 코드 */
            , D.SNAME AS CODE_NM        /* 코드명 */
        <!--choose>
            <when test='@org.apache.commons.lang3.StringUtils@equals(dispTy, "KV")'>
            , CONCAT(C.CODE1, ' : ', IF(D.SNAME IS NOT NULL, D.SNAME, C.CODE1)) AS CODE_NM   /* 코드명 */
            </when>
            <when test='@org.apache.commons.lang3.StringUtils@equals(dispTy, "VK")'>
            , CONCAT(IF(D.SNAME IS NOT NULL, D.SNAME, C.CODE1), ' : ', C.CODE1) AS CODE_NM   /* 코드명 */
            </when>
            <when test='@org.apache.commons.lang3.StringUtils@equals(dispTy, "K")'>
            , C.CODE1 AS CODE_NM /* 코드명 */
            </when>
            <otherwise>
            , IF(D.SNAME IS NOT NULL, D.SNAME, C.CODE1) AS CODE_NM  /* 코드명 */
            </otherwise>
        </choose-->
            , C.CODE1 AS CODE_REFER1    /* 코드참고1 */
            , C.CODE2 AS CODE_REFER2    /* 코드참고2 */
            , C.CODE3 AS CODE_REFER3    /* 코드참고3 */
            , C.CODE4 AS CODE_REFER4    /* 코드참고4 */
            , C.CODE5 AS CODE_REFER5    /* 코드참고5 */
            , C.USR01   /* 문자필드, 길이 70 */
            , C.USR02   /* 문자필드, 길이 70 */
            , C.USR03   /* 문자필드, 길이 70 */
            , C.USR04   /* 문자필드, 길이 70 */
            , C.USR05   /* 문자필드, 길이 70 */
            , C.USR06   /* 문자필드, 길이 70 */
            , C.USR07   /* 문자필드, 길이 70 */
            , C.USR08   /* 문자필드, 길이 70 */
            , C.USR09   /* 문자필드, 길이 70 */
            , C.USR10   /* 문자필드, 길이 70 */
            , C.USR11   /* 숫자문자필드, 길이 10 */
            , C.USR12   /* 숫자문자필드, 길이 10 */
            , C.USR13   /* 사용자 필드(20자) */
            , C.USR14   /* 사용자 필드(20자) */
            , C.USR15   /* 텍스트 (40 문자) */
            , C.USR16   /* 텍스트 (40 문자) */
            , C.USR17   /* 작업 영역 길이 128 */
            , C.USR18   /* 작업 영역 길이 128 */
            , C.USR19   /* 사용자 정의 필드: 리포트 지시자 */
            , C.USR20   /* 사용자 정의 필드: 리포트 지시자 */
            , C.USR21   /* 사용자 정의 필드: 리포트 지시자 */
            , C.USR22   /* 사용자 정의 필드: 리포트 지시자 */
            , C.USR23   /* 일자에 대한 사용자 필드 */
            , C.USR24   /* 일자에 대한 사용자 필드 */
            , C.USR25   /* 일자에 대한 사용자 필드 */
            , C.USR26   /* 일자에 대한 사용자 필드 */
            , C.USR27   /* Time User Field */
            , C.USR28   /* Time User Field */
            , C.USR29   /* Time User Field */
            , C.USR30   /* Time User Field */
            , C.USR31   /* 사용자 필드(1자) */
            , C.USR32   /* 사용자 필드(1자) */
            , C.USR33   /* 사용자 필드(1자) */
            , C.USR34   /* 사용자 필드(1자) */
            , C.USR35   /* 사용자 필드(1자) */
            , C.USR36   /* 사용자필드(4자리) */
            , C.USR37   /* 사용자필드(4자리) */
            , C.USR38   /* 사용자필드(4자리) */
            , C.USR39   /* 사용자필드(4자리) */
        FROM  MAPSDB.ZPCAT0030 A
              JOIN MAPSDB.ZPCAT0030T B
              ON  A.SYSID = B.SYSID
              AND A.MANDT = B.MANDT
              AND A.CODE = B.CODE
              AND A.SYSID = #{sysId}
              AND A.MANDT = #{client}
              AND B.SPRAS = #{aspLangKey}
              JOIN MAPSDB.ZPCAT0031 C
              ON  A.SYSID = C.SYSID
              AND A.MANDT = C.MANDT
              AND A.CODE = C.CODE
              JOIN MAPSDB.ZPCAT0031T D
              ON  C.SYSID = D.SYSID
              AND C.MANDT = D.MANDT
              AND C.CODE = D.CODE
              AND C.CODE1 = D.CODE1
              AND C.CODE2 = D.CODE2
              AND C.CODE3 = D.CODE3
              AND C.CODE4 = D.CODE4
              AND C.CODE5 = D.CODE5
              AND D.SPRAS = #{aspLangKey}
        WHERE 1=1
        AND   A.CODE = #{codeGroup}
        <if test='@org.apache.commons.lang3.StringUtils@isNotBlank(codeRefer1)'>
        AND   C.CODE1 = #{codeRefer1}
        </if>
        <if test='@org.apache.commons.lang3.StringUtils@isNotBlank(codeRefer2)'>
        AND   C.CODE2 = #{codeRefer2}
        </if>
        <if test='@org.apache.commons.lang3.StringUtils@isNotBlank(codeRefer3)'>
        AND   C.CODE3 = #{codeRefer3}
        </if>
        <if test='@org.apache.commons.lang3.StringUtils@isNotBlank(codeRefer4)'>
        AND   C.CODE4 = #{codeRefer4}
        </if>
        <if test='@org.apache.commons.lang3.StringUtils@isNotBlank(codeRefer5)'>
        AND   C.CODE5 = #{codeRefer5}
        </if>
    </select>
    
    <!--
        Query ID    : selectDomnCodeList
        Description : Domain코드 리스트 조회
    -->
    <select id="selectDomnCodeList" parameterType="com.mobis.maps.comm.vo.MapsCommCodeVO" resultType="com.mobis.maps.cmmn.vo.CodeVO">
        SELECT
              A.DOMNAME AS CODE_GROUP      /* 도메인이름 */
            , B.DDTEXT AS CODE_GROUP_NM    /* 도메인내역 */
            , A.DOMVALUE_L AS CODE         /* 도메인에 대한 값 */
        <choose>
            <when test='@org.apache.commons.lang3.StringUtils@equals(dispTy, "KV")'>
            , CONCAT(A.DOMVALUE_L, ' : ', IF(A.DDTEXT IS NOT NULL, A.DDTEXT, A.DOMVALUE_L)) AS CODE_NM   /* 코드명 */
            </when>
            <when test='@org.apache.commons.lang3.StringUtils@equals(dispTy, "VK")'>
            , CONCAT(IF(A.DDTEXT IS NOT NULL, A.DDTEXT, A.DOMVALUE_L), ' : ', A.DOMVALUE_L) AS CODE_NM   /* 코드명 */
            </when>
            <when test='@org.apache.commons.lang3.StringUtils@equals(dispTy, "K")'>
            , A.DOMVALUE_L AS CODE_NM /* 코드명 */
            </when>
            <otherwise>
            , IF(A.DDTEXT IS NOT NULL, A.DDTEXT, A.DOMVALUE_L) AS CODE_NM   /* 코드명 */
            </otherwise>
        </choose>
        FROM  MAPSDB.DD07T A
              LEFT OUTER JOIN MAPSDB.DD01T B
              ON  A.SYSID = B.SYSID             /* SAPSystem */
              AND A.MANDT = B.MANDT             /* 클라이언트 */
              AND A.DOMNAME = B.DOMNAME         /* 도메인이름 */
              AND A.DDLANGUAGE = B.DDLANGUAGE   /* 언어키 */
        WHERE 1=1
        AND   A.SYSID = #{sysId}            /* SAPSystem */
        AND   A.MANDT = #{client}           /* 클라이언트 */
        AND   A.DOMNAME = #{codeGroup}      /* 도메인이름 */
        AND   A.DDLANGUAGE = #{aspLangKey}  /* 언어키 */
        ORDER BY A.DOMNAME
               , A.VALPOS
    </select>
    
    <!--
        Query ID    : selectDomnCodeNm
        Description : Domain코드명 조회
    -->
    <select id="selectDomnCodeNm" parameterType="com.mobis.maps.comm.vo.MapsCommCodeVO" resultType="com.mobis.maps.cmmn.vo.CodeVO">
        SELECT
              A.DOMNAME AS CODE_GROUP      /* 도메인이름 */
            , B.DDTEXT AS CODE_GROUP_NM    /* 도메인내역 */
            , A.DOMVALUE_L AS CODE         /* 도메인에 대한 값 */
        <choose>
            <when test='@org.apache.commons.lang3.StringUtils@equals(dispTy, "KV")'>
            , CONCAT(A.DOMVALUE_L, ' : ', IF(A.DDTEXT IS NOT NULL, A.DDTEXT, A.DOMVALUE_L)) AS CODE_NM   /* 코드명 */
            </when>
            <when test='@org.apache.commons.lang3.StringUtils@equals(dispTy, "VK")'>
            , CONCAT(IF(A.DDTEXT IS NOT NULL, A.DDTEXT, A.DOMVALUE_L), ' : ', A.DOMVALUE_L) AS CODE_NM   /* 코드명 */
            </when>
            <when test='@org.apache.commons.lang3.StringUtils@equals(dispTy, "K")'>
            , A.DOMVALUE_L AS CODE_NM /* 코드명 */
            </when>
            <otherwise>
            , IF(A.DDTEXT IS NOT NULL, A.DDTEXT, A.DOMVALUE_L) AS CODE_NM   /* 코드명 */
            </otherwise>
        </choose>
        FROM  MAPSDB.DD07T A
              LEFT OUTER JOIN MAPSDB.DD01T B
              ON  A.SYSID = B.SYSID             /* SAPSystem */
              AND A.MANDT = B.MANDT             /* 클라이언트 */
              AND A.DOMNAME = B.DOMNAME         /* 도메인이름 */
              AND A.DDLANGUAGE = B.DDLANGUAGE   /* 언어키 */
        WHERE 1=1
        AND   A.SYSID = #{sysId}            /* SAPSystem */
        AND   A.MANDT = #{client}           /* 클라이언트 */
        AND   A.DOMNAME = #{codeGroup}      /* 도메인이름 */
        AND   A.DDLANGUAGE = #{aspLangKey}  /* 언어키 */
        AND   A.DOMVALUE_L = #{code}        /* 도메인에 대한 값 */
    </select>
    
</mapper>