<?xml version="1.0" encoding="UTF-8" ?>
<!DOCTYPE mapper PUBLIC "-//mybatis.org//DTD Mapper 3.0//EN" "http://mybatis.org/dtd/mybatis-3-mapper.dtd">
<!--
    SQL File Name : comm_MapsCommAuthenticMDAO_SQL.xml
 * @Description   : 첨부파일 데이터를 관리한다.
 * @author        : DT048058
 * @since         : 2019.08.19.
 * @version       : 1.0
 * @see
 * @Modification Information
 * <pre>
 *     since          author              description
 *  ===========    =============    ===========================
 *  2019.08.19.       DT048058         최초 생성
 * </pre>
-->

<mapper namespace="com.mobis.maps.comm.service.dao.MapsCommAuthenticMDAO">
    
    <!--
        Query ID    : selectScrinInfo
        Description : 화면정보 조회
    -->
    <select id="selectScrinInfo" parameterType="com.mobis.maps.comm.vo.MapsCommAuthenticVO" resultType="com.mobis.maps.comm.vo.MapsCommAuthenticVO">
        /* Query ID=com.mobis.maps.comm.service.dao.MapsCommAuthenticMDAO.selectScrinInfo */
        SELECT
              A.SCRIN_ID AS SCRIN_ID
            , CASE WHEN A.ABBREV_WORD_USE_CD = '01' THEN NVL(B.ABBREV_WORD_1, C.ABBREV_WORD_1)
                   WHEN A.ABBREV_WORD_USE_CD = '02' THEN NVL(B.ABBREV_WORD_2, C.ABBREV_WORD_2)
                   WHEN A.ABBREV_WORD_USE_CD = '03' THEN NVL(B.ABBREV_WORD_3, C.ABBREV_WORD_3)
                   WHEN A.ABBREV_WORD_USE_CD = '04' THEN NVL(B.ABBREV_WORD_4, C.ABBREV_WORD_4)
                   WHEN A.ABBREV_WORD_USE_CD = '05' THEN NVL(B.ABBREV_WORD_5, C.ABBREV_WORD_5)
                   ELSE NVL(B.ORGINL_WORD, C.ORGINL_WORD)
              END AS SCRIN_NM
            , A.SCRIN_URL               /* 화면URL */
            , A.POPUP_YN
        FROM  IAMDB.T_SCRIN_MST A
            LEFT OUTER JOIN IAMDB.T_WORD_DICARY_MST B
            ON  A.WORD_ID = B.WORD_ID
            AND B.LANG_CD = #{langCd}
            LEFT OUTER JOIN IAMDB.T_WORD_DICARY_MST C
            ON  B.WORD_ID = C.WORD_ID
            AND C.LANG_CD = #{dfltLangCd}
        WHERE 1=1
        AND   A.SCRIN_ID = #{scrinId}
        AND   A.USE_YN = 'Y'
        AND   A.DEL_YN = 'N'
    </select>
    
    <!--
        Query ID    : selectAuthenticScrin
        Description : MAPS인증(화면) 조회
    -->
    <select id="selectAuthenticScrin" parameterType="com.mobis.maps.comm.vo.MapsCommAuthenticVO" resultType="com.mobis.maps.comm.vo.MapsCommAuthenticVO">
        /* Query ID=com.mobis.maps.comm.service.dao.MapsCommAuthenticMDAO.selectAuthenticScrin */
        SELECT
              B.SCRIN_ID AS SCRIN_ID
        FROM  IAMDB.T_AUTHOR_MST A
            INNER JOIN IAMDB.T_AUTHOR_SCRIN_MANAGE B
            ON  A.AUTHOR_ID = B.AUTHOR_ID
            AND A.USE_YN = 'Y'
            AND B.SCRIN_ID = #{scrinId}
        WHERE 1=1
        AND  EXISTS (
                 SELECT 1
                 FROM   IAMDB.T_USER_AUTHOR_MANAGE C
                 WHERE 1=1
                 AND   C.AUTHOR_ID = A.AUTHOR_ID
                 AND   C.USER_SEQ_ID = #{userSeqId}
             )
        UNION ALL
        SELECT
              A.SCRIN_ID AS SCRIN_ID
        FROM  IAMDB.T_USER_SCRIN_MANAGE A
        WHERE 1=1
        AND   A.USER_SEQ_ID = #{userSeqId}
        AND   A.SCRIN_ID = #{scrinId}
    </select>
    
    <!--
        Query ID    : selectAuthenticPopupScrin
        Description : MAPS인증(팝업화면) 조회
    -->
    <select id="selectAuthenticPopupScrin" parameterType="com.mobis.maps.comm.vo.MapsCommAuthenticVO" resultType="com.mobis.maps.comm.vo.MapsCommAuthenticVO">
        /* Query ID=com.mobis.maps.comm.service.dao.MapsCommAuthenticMDAO.selectAuthenticPopupScrin */
        SELECT
              D.FNCT_NM AS SCRIN_ID
        FROM  IAMDB.T_AUTHOR_MST A
            INNER JOIN IAMDB.T_AUTHOR_SCRIN_FNCT_MANAGE B
            ON  A.AUTHOR_ID = B.AUTHOR_ID
            AND A.USE_YN = 'Y'
            INNER JOIN IAMDB.T_SCRIN_FNCT_MANAGE C
            ON  B.SCRIN_FNCT_ID = C.SCRIN_FNCT_ID
            INNER JOIN IAMDB.T_FNCT_MST D
            ON  C.FNCT_ID = D.FNCT_ID
            AND C.SCRIN_ID = #{menuId}
            AND D.FNCT_SE_CD = 'P'
            AND D.FNCT_NM = #{scrinId}
        WHERE 1=1
        AND   EXISTS (
                  SELECT 1
                  FROM   IAMDB.T_USER_AUTHOR_MANAGE E
                  WHERE 1=1
                  AND   A.AUTHOR_ID = E.AUTHOR_ID
                  AND   E.USER_SEQ_ID = #{userSeqId}
              )
    </select>
    
    <!--
        Query ID    : selectNlognAuthenticPopupScrin
        Description : 비로그인 MAPS인증(팝업화면) 조회
    -->
    <select id="selectNlognAuthenticPopupScrin" parameterType="com.mobis.maps.comm.vo.MapsCommAuthenticVO" resultType="com.mobis.maps.comm.vo.MapsCommAuthenticVO">
        /* Query ID=com.mobis.maps.comm.service.dao.MapsCommAuthenticMDAO.selectNlognAuthenticPopupScrin */
        SELECT
              B.FNCT_NM AS SCRIN_ID
        FROM  IAMDB.T_SCRIN_FNCT_MANAGE A
            , IAMDB.T_FNCT_MST B
        WHERE 1=1
        AND   A.SCRIN_ID = #{menuId}
        AND   B.FNCT_SE_CD = 'P'
        AND   B.FNCT_NM = #{scrinId}
        AND   A.FNCT_ID = B.FNCT_ID
    </select>
    
    <!--
        Query ID    : selectAuthenticSvcUrl
        Description : MAPS인증(서비스URL) 조회
    -->
    <select id="selectAuthenticSvcUrl" parameterType="com.mobis.maps.comm.vo.MapsCommAuthenticVO" resultType="com.mobis.maps.comm.vo.MapsCommAuthenticVO">
        /* Query ID=com.mobis.maps.comm.service.dao.MapsCommAuthenticMDAO.selectAuthenticSvcUrl */
        SELECT
              D.FNCT_URL AS SVC_URL
        FROM  IAMDB.T_AUTHOR_MST A
            INNER JOIN IAMDB.T_AUTHOR_SCRIN_FNCT_MANAGE B
            ON  A.AUTHOR_ID = B.AUTHOR_ID
            AND A.USE_YN = 'Y'
            INNER JOIN IAMDB.T_SCRIN_FNCT_MANAGE C
            ON  B.SCRIN_FNCT_ID = C.SCRIN_FNCT_ID
            INNER JOIN IAMDB.T_FNCT_MST D
            ON  C.FNCT_ID = D.FNCT_ID
            AND C.SCRIN_ID = #{scrinId}
            AND D.FNCT_SE_CD = 'U'
            AND D.FNCT_URL = #{svcUrl}
        WHERE 1=1
        AND   EXISTS (
                  SELECT 1
                  FROM   IAMDB.T_USER_AUTHOR_MANAGE E
                  WHERE 1=1
                  AND   A.AUTHOR_ID = E.AUTHOR_ID
                  AND   E.USER_SEQ_ID = #{userSeqId}
              )
        UNION ALL
        SELECT
              D.FNCT_URL AS SVC_URL
        FROM  IAMDB.T_AUTHOR_MST A
            INNER JOIN IAMDB.T_AUTHOR_SCRIN_FNCT_MANAGE B
            ON  A.AUTHOR_ID = B.AUTHOR_ID
            AND A.USE_YN = 'Y'
            INNER JOIN IAMDB.T_SCRIN_FNCT_MANAGE C
            ON  B.SCRIN_FNCT_ID = C.SCRIN_FNCT_ID
            INNER JOIN IAMDB.T_FNCT_ESTN_URL D
            ON  C.FNCT_ID = D.FNCT_ID
            AND C.SCRIN_ID = #{scrinId}
            AND D.FNCT_URL = #{svcUrl}
        WHERE 1=1
        AND   EXISTS (
                  SELECT 1
                  FROM   IAMDB.T_USER_AUTHOR_MANAGE E
                  WHERE 1=1
                  AND   A.AUTHOR_ID = E.AUTHOR_ID
                  AND   E.USER_SEQ_ID = #{userSeqId}
              )
    </select>

    <!--
        Query ID    : selectNlognAuthenticSvcUrl
        Description : 비로그인 MAPS인증(서비스URL) 조회
    -->
    <select id="selectNlognAuthenticSvcUrl" parameterType="com.mobis.maps.comm.vo.MapsCommAuthenticVO" resultType="com.mobis.maps.comm.vo.MapsCommAuthenticVO">
        /* Query ID=com.mobis.maps.comm.service.dao.MapsCommAuthenticMDAO.selectNlognAuthenticSvcUrl */
        SELECT
              B.FNCT_NM AS SCRIN_ID
        FROM  IAMDB.T_SCRIN_FNCT_MANAGE A
            , IAMDB.T_FNCT_MST B
        WHERE 1=1
        AND   A.SCRIN_ID = #{scrinId}
        AND   B.FNCT_SE_CD = 'U'
        AND   B.FNCT_URL = #{svcUrl}
        AND   A.FNCT_ID = B.FNCT_ID
        UNION ALL
        SELECT
              B.FNCT_URL AS SVC_URL
        FROM  IAMDB.T_SCRIN_FNCT_MANAGE A
            , IAMDB.T_FNCT_ESTN_URL B
        WHERE 1=1
        AND   A.SCRIN_ID = #{scrinId}
        AND   B.FNCT_URL = #{svcUrl}
        AND   A.FNCT_ID = B.FNCT_ID
    </select>

</mapper>