<?xml version="1.0" encoding="UTF-8"?>
<!DOCTYPE mapper PUBLIC "-//mybatis.org//DTD Mapper 3.0//EN" "http://mybatis.org/dtd/mybatis-3-mapper.dtd">
<!--
    SQL File Name : comm_MapsCommSapRfcMDAO_SQL.xml
 * @Description   : RFC 관리 데이터를 관리한다.
 * @author        : DT048058
 * @since         : 2019.08.26.
 * @version       : 1.0
 * @see
 * @Modification Information
 * <pre>
 *     since          author              description
 *  ===========    =============    ===========================
 *  2019.08.26.       DT048058         최초 생성
 * </pre>
-->
<mapper namespace="com.mobis.maps.comm.service.dao.MapsCommSapRfcMDAO">

    <!--
        Query ID    : selectSapRfcBassInfoList
        Description : RFC 정보 리스트를 조회한다
    -->
    <select id="selectSapRfcBassInfoPgList"
            parameterType="com.mobis.maps.comm.vo.MapsCommSapRfcInfoVO"
            resultType="com.mobis.maps.comm.vo.MapsCommSapRfcBassInfoVO">
        /* Query ID=com.mobis.maps.comm.service.dao.MapsCommSapRfcMDAO.selectSapRfcBassInfoPgList */
        <include refid="com.mobis.maps.cmmn.paging.selectTop"/>
        SELECT
              ROW_NUMBER() OVER(ORDER BY A.SYS_ID, A.RFC_ID) AS RNUM
            , A.SYS_ID      /* 시스템ID */
            , A.RFC_ID      /* RFC아이디 */
            , A.RFC_NM      /* RFC명 */
            , A.INTRFC_ID   /* 인터페이스ID */
            , A.CHARGER_ID  /* 담당자ID */
            , A.INPUT_DATA  /* 입력데이터 */
            , A.REGIST_ID   /* 등록자ID */
            , A.REGIST_DT   /* 등록일시 */
            , A.UPDT_ID     /* 수정자ID */
            , A.UPDT_DT     /* 수정일시 */
        FROM  COMNDB.T_RFC_BASS_INFO A
        WHERE 1=1
        AND   A.SYS_ID = #{sysId}
        <if test='@org.apache.commons.lang3.StringUtils@isNotBlank(kwrdTy)'>
        <choose>
            <when test='@org.apache.commons.lang3.StringUtils@equals(kwrdTy, "rfcId")'>
        AND   A.RFC_ID LIKE CONCAT('%', #{kwrd}, '%')
            </when>
            <when test='@org.apache.commons.lang3.StringUtils@equals(kwrdTy, "rfcNm")'>
        AND   A.RFC_NM LIKE CONCAT('%', #{kwrd}, '%')
            </when>
            <when test='@org.apache.commons.lang3.StringUtils@equals(kwrdTy, "intrfcId")'>
        AND   A.INTRFC_ID LIKE CONCAT('%', #{kwrd}, '%')
            </when>
            <when test='@org.apache.commons.lang3.StringUtils@equals(kwrdTy, "chargerId")'>
        AND   A.CHARGER_ID LIKE CONCAT('%', #{kwrd}, '%')
            </when>
        </choose>
        </if>
        ORDER BY A.SYS_ID
               , A.RFC_ID
        <include refid="com.mobis.maps.cmmn.paging.selectBottom"/>
    </select>
    
    <!--
        Query ID    : selectSapRfcBassInfo
        Description : RFC 정보를 조회한다
    -->
    <select id="selectSapRfcBassInfo"
            parameterType="com.mobis.maps.comm.vo.MapsCommSapRfcBassInfoVO"
            resultType="com.mobis.maps.comm.vo.MapsCommSapRfcBassInfoVO">
        /* Query ID=com.mobis.maps.comm.service.dao.MapsCommSapRfcMDAO.selectSapRfcBassInfo */
        SELECT
              A.SYS_ID      /* 시스템ID */
            , A.RFC_ID      /* RFC아이디 */
            , A.RFC_NM      /* RFC명 */
            , A.INTRFC_ID   /* 인터페이스ID */
            , A.CHARGER_ID  /* 담당자ID */
            , A.INPUT_DATA  /* 입력데이터 */
            , A.REGIST_ID   /* 등록자ID */
            , A.REGIST_DT   /* 등록일시 */
            , A.UPDT_ID     /* 수정자ID */
            , A.UPDT_DT     /* 수정일시 */
        FROM  COMNDB.T_RFC_BASS_INFO A
        WHERE 1=1
        AND   A.RFC_ID = #{rfcId} /* RFC아이디 */
    </select>

    <!--
        Query ID    : insertSapRfcBassInfo
        Description : RFC 정보 등록
    -->
    <insert id="insertSapRfcBassInfo"
            parameterType="com.mobis.maps.comm.vo.MapsCommSapRfcBassInfoVO">
        /* Query ID=com.mobis.maps.comm.service.dao.MapsCommSapRfcMDAO.insertSapRfcBassInfo */
        INSERT INTO COMNDB.T_RFC_BASS_INFO (
              SYS_ID        /* 시스템ID */
            , RFC_ID        /* RFC아이디 */
            , RFC_NM        /* RFC명 */
            , INTRFC_ID     /* 인터페이스ID */
            , CHARGER_ID    /* 담당자ID */
            , INPUT_DATA    /* 입력데이터 */
            , REGIST_ID     /* 등록자ID */
            , REGIST_DT     /* 등록일시 */
            , UPDT_ID       /* 수정자ID */
            , UPDT_DT       /* 수정일시 */
        ) VALUES (
              #{sysId}              /* RFC시스템ID */
            , #{rfcId}              /* RFC아이디 */
            , #{rfcNm}              /* RFC명 */
            , #{intrfcId}           /* 인터페이스ID */
            , #{chargerId}          /* 담당자ID */
            , #{inputData}          /* 입력데이터 */
            , #{registId}           /* 등록자ID */
            , CURRENT_TIMESTAMP     /* 등록일시 */
            , #{updtId}             /* 수정자ID */
            , CURRENT_TIMESTAMP     /* 수정일시 */
        )
    </insert>

    <!--
        Query ID    : updateSapRfcBassInfo
        Description : RFC 정보 수정
    -->
    <update id="updateSapRfcBassInfo"
            parameterType="com.mobis.maps.comm.vo.MapsCommSapRfcBassInfoVO">
        /* Query ID=com.mobis.maps.comm.service.dao.MapsCommSapRfcMDAO.updateSapRfcBassInfo */
        UPDATE COMNDB.T_RFC_BASS_INFO
        SET   RFC_NM = #{rfcNm}             /* RFC명 */
            , INTRFC_ID = #{intrfcId}       /* 인터페이스ID */
            , CHARGER_ID = #{chargerId}     /* 담당자ID */
            , INPUT_DATA = #{inputData}     /* 입력데이터 */
            , UPDT_ID = #{updtId}           /* 수정자ID */
            , UPDT_DT = CURRENT_TIMESTAMP   /* 수정일시 */
        WHERE 1=1
        AND   SYS_ID = #{sysId} /* RFC시스템ID */
        AND   RFC_ID = #{rfcId} /* RFC아이디 */
    </update>

    <!--
        Query ID    : deleteSapRfcBassInfo
        Description : RFC 정보 삭제
    -->
    <delete id="deleteSapRfcBassInfo"
            parameterType="com.mobis.maps.comm.vo.MapsCommSapRfcBassInfoVO">
        /* Query ID=com.mobis.maps.comm.service.dao.MapsCommSapRfcMDAO.deleteSapRfcBassInfo */
        DELETE
        FROM  COMNDB.T_RFC_BASS_INFO
        WHERE 1=1
        AND   SYS_ID = #{sysId} /* RFC시스템ID */
        AND   RFC_ID = #{rfcId} /* RFC아이디 */
    </delete>
    
    <!--
        Query ID    : selectSapRfcIpttInfoByRfcIdList
        Description : RFC 입출력정보 리스트를 조회한다
    -->
    <select id="selectSapRfcIpttInfoByRfcIdList"
            parameterType="com.mobis.maps.comm.vo.MapsCommSapRfcIpttInfoVO"
            resultType="com.mobis.maps.comm.vo.MapsCommSapRfcIpttInfoVO">
        /* Query ID=com.mobis.maps.comm.service.dao.MapsCommSapRfcMDAO.selectSapRfcIpttInfoByRfcIdList */
        SELECT
              ROW_NUMBER() OVER(ORDER BY A.SYS_ID, A.RFC_ID, B.RFC_IPTT_SE, B.RFC_FIELD) AS RNUM
            , A.SYS_ID          /* 시스템ID */
            , A.RFC_ID          /* RFC아이디 */
            , A.RFC_NM          /* RFC명 */
            , B.RFC_IPTT_SE     /* RFC입출력구분 */
            , B.RFC_FIELD       /* RFC필드 */
            , B.RFC_FIELD_NM    /* RFC필드명 */
            , B.IEM_ID          /* 항목ID */
            , B.WORD_ID         /* 용어ID */
            , D.ORGINL_WORD AS WORD_NM   /* 용어명 */
            , B.DATA_TY         /* 데이터타입 */
            , B.STRCTR_ID       /* 구조체아이디 */
            , C.STRCTR_NM       /* 구조체명 */
            , CASE C.STRCTR_NM
                  WHEN NULL THEN 'N'
                  ELSE 'Y'
              END AS STRCTR_EXST_YN   /* 구조체존재여부 */
            , B.RFC_FIELD_DC    /* RFC필드설명 */
            , B.USE_YN          /* 사용여부 */
            , B.DEL_YN          /* 삭제여부 */
            , B.REGIST_ID       /* 등록자ID */
            , B.REGIST_DT       /* 등록일시 */
            , B.UPDT_ID         /* 수정자ID */
            , B.UPDT_DT         /* 수정일시 */
        FROM  COMNDB.T_RFC_BASS_INFO A
              JOIN COMNDB.T_RFC_IPTT_INFO B
              ON   A.SYS_ID = B.SYS_ID
              AND  A.RFC_ID = B.RFC_ID
              LEFT OUTER JOIN COMNDB.T_RFC_STRCTR_MST C
              ON B.STRCTR_ID = C.STRCTR_ID
              LEFT OUTER JOIN IAMDB.T_WORD_DICARY_MST D
              ON  D.WORD_ID = B.WORD_ID
              AND D.LANG_CD = #{langCd}
        WHERE 1=1
        AND   A.SYS_ID = #{sysId} /* RFC시스템ID */
        AND   A.RFC_ID = #{rfcId} /* RFC아이디 */
        <if test='@org.apache.commons.lang3.StringUtils@isNotBlank(rfcIpttSe)'>
        AND   B.RFC_IPTT_SE = #{rfcIpttSe}  /* RFC입출력구분 */
        ORDER BY A.SYS_ID
               , A.RFC_ID
               , B.RFC_IPTT_SE
               , B.RFC_FIELD
        </if>
    </select>
    
    <!--
        Query ID    : selectSapRfcIpttInfo
        Description : RFC 입출력정보를 조회한다
    -->
    <select id="selectSapRfcIpttInfo"
            parameterType="com.mobis.maps.comm.vo.MapsCommSapRfcIpttInfoVO"
            resultType="com.mobis.maps.comm.vo.MapsCommSapRfcIpttInfoVO">
        /* Query ID=com.mobis.maps.comm.service.dao.MapsCommSapRfcMDAO.selectSapRfcIpttInfo */
        SELECT
              A.SYS_ID          /* 시스템ID */
            , A.RFC_ID          /* RFC아이디 */
            , A.RFC_NM          /* RFC명 */
            , B.RFC_IPTT_SE     /* RFC입출력구분 */
            , B.RFC_FIELD       /* RFC필드 */
            , B.RFC_FIELD_NM    /* RFC필드명 */
            , B.IEM_ID          /* 항목ID */
            , B.WORD_ID         /* 용어ID */
            , B.DATA_TY         /* 데이터타입 */
            , B.STRCTR_ID       /* 구조체아이디 */
            , C.STRCTR_NM       /* 구조체명 */
            , CASE C.STRCTR_NM
                  WHEN NULL THEN 'N'
                  ELSE 'Y'
              END AS STRCTR_EXST_YN   /* 구조체존재여부 */
            , B.RFC_FIELD_DC    /* RFC필드설명 */
            , B.USE_YN          /* 사용여부 */
            , B.DEL_YN          /* 삭제여부 */
            , B.REGIST_ID       /* 등록자ID */
            , B.REGIST_DT       /* 등록일시 */
            , B.UPDT_ID         /* 수정자ID */
            , B.UPDT_DT         /* 수정일시 */
        FROM  COMNDB.T_RFC_BASS_INFO A
              JOIN COMNDB.T_RFC_IPTT_INFO B
              ON  A.SYS_ID = B.SYS_ID
              AND A.RFC_ID = B.RFC_ID
              LEFT OUTER JOIN COMNDB.T_RFC_STRCTR_MST C
              ON B.STRCTR_ID = C.STRCTR_ID
        WHERE 1=1
        AND   A.SYS_ID = #{sysId}           /* RFC시스템ID */
        AND   A.RFC_ID = #{rfcId}           /* RFC아이디 */
        AND   B.RFC_IPTT_SE = #{rfcIpttSe}  /* RFC입출력구분 */
        AND   B.RFC_FIELD = #{rfcField}     /* RFC필드 */
    </select>

    <!--
        Query ID    : insertSapRfcIpttInfo
        Description : RFC 입출력정보 등록
    -->
    <insert id="insertSapRfcIpttInfo"
            parameterType="com.mobis.maps.comm.vo.MapsCommSapRfcIpttInfoVO">
        /* Query ID=com.mobis.maps.comm.service.dao.MapsCommSapRfcMDAO.insertSapRfcIpttInfo */
        INSERT INTO COMNDB.T_RFC_IPTT_INFO (
              SYS_ID        /* 시스템ID */
            , RFC_ID        /* RFC아이디 */
            , RFC_IPTT_SE   /* RFC입출력구분 */
            , RFC_FIELD     /* RFC필드 */
            , RFC_FIELD_NM  /* RFC필드명 */
            , IEM_ID        /* 항목ID */
            , WORD_ID       /* 용어ID */
            , DATA_TY       /* 데이터타입 */
            , STRCTR_ID     /* 구조체아이디 */
            , RFC_FIELD_DC  /* RFC필드설명 */
            , USE_YN        /* 사용여부 */
            , DEL_YN        /* 삭제여부 */
            , REGIST_ID     /* 등록자ID */
            , REGIST_DT     /* 등록일시 */
            , UPDT_ID       /* 수정자ID */
            , UPDT_DT       /* 수정일시 */
        ) VALUES (
              #{sysId}              /* RFC시스템ID */
            , #{rfcId}              /* RFC아이디 */
            , #{rfcIpttSe}          /* RFC입출력구분 */
            , #{rfcField}           /* RFC필드 */
            , #{rfcFieldNm}         /* RFC필드명 */
            , #{iemId}              /* 항목ID */
            , #{wordId}             /* 용어ID */
            , #{dataTy}             /* 데이터타입 */
            , #{strctrId}           /* 구조체아이디 */
            , #{rfcFieldDc}         /* RFC필드설명 */
            , #{useYn}              /* 사용여부 */
            , #{delYn}              /* 삭제여부 */
            , #{registId}           /* 등록자ID */
            , CURRENT_TIMESTAMP     /* 등록일시 */
            , #{updtId}             /* 수정자ID */
            , CURRENT_TIMESTAMP     /* 수정일시 */
        )
    </insert>

    <!--
        Query ID    : updateSapRfcIpttInfo
        Description : RFC 입출력정보 수정
    -->
    <update id="updateSapRfcIpttInfo"
            parameterType="com.mobis.maps.comm.vo.MapsCommSapRfcIpttInfoVO">
        /* Query ID=com.mobis.maps.comm.service.dao.MapsCommSapRfcMDAO.updateSapRfcIpttInfo */
        UPDATE COMNDB.T_RFC_IPTT_INFO
        SET   RFC_FIELD_NM = #{rfcFieldNm}  /* RFC필드명 */
            , IEM_ID = #{iemId}             /* 항목ID */
            , WORD_ID = #{wordId}           /* 용어ID */
            , DATA_TY = #{dataTy}           /* 데이터타입 */
            , STRCTR_ID = #{strctrId}       /* 구조체아이디 */
            , RFC_FIELD_DC = #{rfcFieldDc}  /* RFC필드설명 */
            , USE_YN = #{useYn}             /* 사용여부 */
            , DEL_YN = #{delYn}             /* 삭제여부 */
            , UPDT_ID = #{updtId}           /* 수정자ID */
            , UPDT_DT = CURRENT_TIMESTAMP   /* 수정일시 */
        WHERE 1=1
        AND   RFC_ID = #{rfcId}             /* RFC아이디 */
        AND   RFC_IPTT_SE = #{rfcIpttSe}    /* RFC입출력구분 */
        AND   RFC_FIELD = #{rfcField}       /* RFC필드 */
    </update>

    <!--
        Query ID    : deleteSapRfcIpttInfo
        Description : RFC 입출력정보 삭제
    -->
    <delete id="deleteSapRfcIpttInfo"
            parameterType="com.mobis.maps.comm.vo.MapsCommSapRfcIpttInfoVO">
        /* Query ID=com.mobis.maps.comm.service.dao.MapsCommSapRfcMDAO.deleteSapRfcIpttInfo */
        DELETE
        FROM  COMNDB.T_RFC_IPTT_INFO
        WHERE 1=1
        AND   RFC_ID = #{rfcId}             /* RFC아이디 */
        AND   RFC_IPTT_SE = #{rfcIpttSe}    /* RFC입출력구분 */
        AND   RFC_FIELD = #{rfcField}       /* RFC필드 */
    </delete>

    <!--
        Query ID    : deleteSapRfcIpttInfoAll
        Description : RFC 입출력정보 삭제(전체)
    -->
    <delete id="deleteSapRfcIpttInfoAll"
            parameterType="com.mobis.maps.comm.vo.MapsCommSapRfcBassInfoVO">
        /* Query ID=com.mobis.maps.comm.service.dao.MapsCommSapRfcMDAO.deleteSapRfcIpttInfoAll */
        DELETE
        FROM  COMNDB.T_RFC_IPTT_INFO
        WHERE 1=1
        AND   RFC_ID = #{rfcId} /* RFC아이디 */
    </delete>
    
    <!--
        Query ID    : selectSapRfcStrctrMstByRfcIdList
        Description : RFC아이디에 해당하는 RFC 구조체마스터 리스트를 조회한다
    -->
    <select id="selectSapRfcStrctrMstByRfcIdList"
            parameterType="com.mobis.maps.comm.vo.MapsCommSapRfcBassInfoVO"
            resultType="com.mobis.maps.comm.vo.MapsCommSapRfcStrctrMstVO">
        /* Query ID=com.mobis.maps.comm.service.dao.MapsCommSapRfcMDAO.selectSapRfcStrctrMstByRfcIdList */
        SELECT
              ROW_NUMBER() OVER(ORDER BY A.STRCTR_ID) AS RNUM
            , A.STRCTR_ID   /* 구조체아이디 */
            , A.STRCTR_NM   /* 구조체명 */
            , A.REGIST_ID   /* 등록자ID */
            , A.REGIST_DT   /* 등록일시 */
            , A.UPDT_ID     /* 수정자ID */
            , A.UPDT_DT     /* 수정일시 */
        FROM  COMNDB.T_RFC_STRCTR_MST A
              JOIN COMNDB.T_RFC_IPTT_INFO B
              ON  A.STRCTR_ID = B.STRCTR_ID
              AND B.RFC_ID = #{rfcId} /* RFC아이디 */
        WHERE 1=1
    </select>
    
    <!--
        Query ID    : selectSapRfcStrctrMst
        Description : RFC 구조체마스터를 조회한다
    -->
    <select id="selectSapRfcStrctrMst"
            parameterType="com.mobis.maps.comm.vo.MapsCommSapRfcStrctrMstVO"
            resultType="com.mobis.maps.comm.vo.MapsCommSapRfcStrctrMstVO">
        /* Query ID=com.mobis.maps.comm.service.dao.MapsCommSapRfcMDAO.selectSapRfcStrctrMst */
        SELECT
              A.STRCTR_ID   /* 구조체아이디 */
            , A.STRCTR_NM   /* 구조체명 */
            , A.REGIST_ID   /* 등록자ID */
            , A.REGIST_DT   /* 등록일시 */
            , A.UPDT_ID     /* 수정자ID */
            , A.UPDT_DT     /* 수정일시 */
        FROM  COMNDB.T_RFC_STRCTR_MST A
        WHERE 1=1
        AND   A.STRCTR_ID = #{strctrId} /* 구조체아이디 */
    </select>

    <!--
        Query ID    : insertSapRfcStrctrMst
        Description : RFC 구조체마스터 등록
    -->
    <insert id="insertSapRfcStrctrMst"
            parameterType="com.mobis.maps.comm.vo.MapsCommSapRfcStrctrMstVO">
        /* Query ID=com.mobis.maps.comm.service.dao.MapsCommSapRfcMDAO.insertSapRfcStrctrMst */
        INSERT INTO COMNDB.T_RFC_STRCTR_MST (
              STRCTR_ID     /* 구조체아이디 */
            , STRCTR_NM     /* 구조체명 */
            , REGIST_ID     /* 등록자ID */
            , REGIST_DT     /* 등록일시 */
            , UPDT_ID       /* 수정자ID */
            , UPDT_DT       /* 수정일시 */
        ) VALUES (
              #{strctrId}           /* 구조체아이디 */
            , #{strctrNm}           /* 구조체명 */
            , #{registId}           /* 등록자ID */
            , CURRENT_TIMESTAMP     /* 등록일시 */
            , #{updtId}             /* 수정자ID */
            , CURRENT_TIMESTAMP     /* 수정일시 */
        )
    </insert>

    <!--
        Query ID    : updateSapRfcStrctrMst
        Description : RFC 구조체마스터 수정
    -->
    <update id="updateSapRfcStrctrMst"
            parameterType="com.mobis.maps.comm.vo.MapsCommSapRfcStrctrMstVO">
        /* Query ID=com.mobis.maps.comm.service.dao.MapsCommSapRfcMDAO.updateSapRfcStrctrMst */
        UPDATE COMNDB.T_RFC_STRCTR_MST
        SET   STRCTR_NM = #{strctrNm}       /* 구조체명 */
            , UPDT_ID = #{updtId}           /* 수정자ID */
            , UPDT_DT = CURRENT_TIMESTAMP   /* 수정일시 */
        WHERE 1=1
        AND   STRCTR_ID = #{strctrId}       /* 구조체아이디 */
    </update>

    <!--
        Query ID    : deleteSapRfcStrctrMst
        Description : RFC 구조체마스터 삭제
    -->
    <delete id="deleteSapRfcStrctrMst"
            parameterType="com.mobis.maps.comm.vo.MapsCommSapRfcStrctrMstVO">
        /* Query ID=com.mobis.maps.comm.service.dao.MapsCommSapRfcMDAO.deleteSapRfcStrctrMst */
        DELETE
        FROM  COMNDB.T_RFC_STRCTR_MST
        WHERE 1=1
        AND   STRCTR_ID = #{strctrId}   /* 구조체아이디 */
    </delete>
    
    <!--
        Query ID    : selectSapRfcStrctrFieldByRfcIdList
        Description : RFC아이디에 해당하는 RFC 구조체필드 리스트를 조회한다
    -->
    <select id="selectSapRfcStrctrFieldByRfcIdList"
            parameterType="com.mobis.maps.comm.vo.MapsCommSapRfcStrctrFieldVO"
            resultType="com.mobis.maps.comm.vo.MapsCommSapRfcStrctrFieldVO">
        /* Query ID=com.mobis.maps.comm.service.dao.MapsCommSapRfcMDAO.selectSapRfcStrctrFieldByRfcIdList */
        SELECT
              ROW_NUMBER() OVER(ORDER BY A.STRCTR_ID, B.RFC_FIELD) AS RNUM
            , A.STRCTR_ID       /* 구조체아이디 */
            , A.STRCTR_NM       /* 구조체명 */
            , B.RFC_FIELD       /* RFC필드 */
            , B.RFC_FIELD_NM    /* RFC필드명 */
            , B.IEM_ID          /* 항목ID */
            , B.WORD_ID         /* 용어ID */
            , D.ORGINL_WORD AS WORD_NM   /* 용어명 */
            , B.DATA_TY         /* 데이터타입 */
            , B.RFC_FIELD_DC    /* RFC필드설명 */
            , B.USE_YN          /* 사용여부 */
            , B.DEL_YN          /* 삭제여부 */
            , B.REGIST_ID       /* 등록자ID */
            , B.REGIST_DT       /* 등록일시 */
            , B.UPDT_ID         /* 수정자ID */
            , B.UPDT_DT         /* 수정일시 */
        FROM  COMNDB.T_RFC_STRCTR_MST A
              JOIN COMNDB.T_RFC_STRCTR_FIELD_INFO B
              ON  A.STRCTR_ID = B.STRCTR_ID
              JOIN COMNDB.T_RFC_IPTT_INFO C
              ON  A.STRCTR_ID = C.STRCTR_ID
              AND C.RFC_ID = #{rfcId} /* RFC아이디 */
              LEFT OUTER JOIN IAMDB.T_WORD_DICARY_MST D
              ON  D.WORD_ID = B.WORD_ID
              AND D.LANG_CD = #{langCd}
        WHERE 1=1
        ORDER BY A.STRCTR_ID
               , B.RFC_FIELD
    </select>
    
    <!--
        Query ID    : selectSapRfcStrctrFieldList
        Description : RFC 구조체필드 리스트를 조회한다
    -->
    <select id="selectSapRfcStrctrFieldList"
            parameterType="com.mobis.maps.comm.vo.MapsCommSapRfcStrctrFieldVO"
            resultType="com.mobis.maps.comm.vo.MapsCommSapRfcStrctrFieldVO">
        /* Query ID=com.mobis.maps.comm.service.dao.MapsCommSapRfcMDAO.selectSapRfcStrctrFieldList */
        SELECT
              ROW_NUMBER() OVER(ORDER BY A.STRCTR_ID, A.RFC_FIELD) AS RNUM
            , A.STRCTR_ID       /* 구조체아이디 */
            , A.RFC_FIELD       /* RFC필드 */
            , A.RFC_FIELD_NM    /* RFC필드명 */
            , A.IEM_ID          /* 항목ID */
            , A.WORD_ID         /* 용어ID */
            , A.DATA_TY         /* 데이터타입 */
            , A.RFC_FIELD_DC    /* RFC필드설명 */
            , A.USE_YN          /* 사용여부 */
            , A.DEL_YN          /* 삭제여부 */
            , A.REGIST_ID       /* 등록자ID */
            , A.REGIST_DT       /* 등록일시 */
            , A.UPDT_ID         /* 수정자ID */
            , A.UPDT_DT         /* 수정일시 */
        FROM  COMNDB.T_RFC_STRCTR_FIELD_INFO A
        WHERE 1=1
        AND   A.STRCTR_ID = #{strctrId} /* 구조체아이디 */
        ORDER BY A.STRCTR_ID
               , A.RFC_FIELD
    </select>
    
    <!--
        Query ID    : selectSapRfcStrctrField
        Description : RFC 구조체필드를 조회한다
    -->
    <select id="selectSapRfcStrctrField"
            parameterType="com.mobis.maps.comm.vo.MapsCommSapRfcStrctrFieldVO"
            resultType="com.mobis.maps.comm.vo.MapsCommSapRfcStrctrFieldVO">
        /* Query ID=com.mobis.maps.comm.service.dao.MapsCommSapRfcMDAO.selectSapRfcStrctrField */
        SELECT
              A.STRCTR_ID       /* 구조체아이디 */
            , A.RFC_FIELD       /* RFC필드 */
            , A.RFC_FIELD_NM    /* RFC필드명 */
            , A.IEM_ID          /* 항목ID */
            , A.WORD_ID         /* 용어ID */
            , A.DATA_TY         /* 데이터타입 */
            , A.RFC_FIELD_DC    /* RFC필드설명 */
            , A.USE_YN          /* 사용여부 */
            , A.DEL_YN          /* 삭제여부 */
            , A.REGIST_ID       /* 등록자ID */
            , A.REGIST_DT       /* 등록일시 */
            , A.UPDT_ID         /* 수정자ID */
            , A.UPDT_DT         /* 수정일시 */
        FROM  COMNDB.T_RFC_STRCTR_FIELD_INFO A
        WHERE 1=1
        AND   A.STRCTR_ID = #{strctrId} /* 구조체아이디 */
        AND   A.RFC_FIELD = #{rfcField} /* RFC필드 */
    </select>

    <!--
        Query ID    : insertSapRfcStrctrMst
        Description : RFC 구조체항목 등록
    -->
    <insert id="insertSapRfcStrctrField"
            parameterType="com.mobis.maps.comm.vo.MapsCommSapRfcStrctrFieldVO">
        /* Query ID=com.mobis.maps.comm.service.dao.MapsCommSapRfcMDAO.insertSapRfcStrctrField */
        INSERT INTO COMNDB.T_RFC_STRCTR_FIELD_INFO (
              STRCTR_ID     /* 구조체아이디 */
            , RFC_FIELD     /* RFC필드 */
            , RFC_FIELD_NM  /* RFC필드명 */
            , IEM_ID        /* 항목ID */
            , WORD_ID       /* 용어ID */
            , DATA_TY       /* 데이터타입 */
            , RFC_FIELD_DC  /* RFC필드설명 */
            , USE_YN        /* 사용여부 */
            , DEL_YN        /* 삭제여부 */
            , REGIST_ID     /* 등록자ID */
            , REGIST_DT     /* 등록일시 */
            , UPDT_ID       /* 수정자ID */
            , UPDT_DT       /* 수정일시 */
        ) VALUES (
              #{strctrId}           /* 구조체아이디 */
            , #{rfcField}           /* RFC필드 */
            , #{rfcFieldNm}         /* RFC필드명 */
            , #{iemId}              /* 항목ID */
            , #{wordId}             /* 용어ID */
            , #{dataTy}             /* 데이터타입 */
            , #{rfcFieldDc}         /* RFC필드설명 */
            , #{useYn}              /* 사용여부 */
            , #{delYn}              /* 삭제여부 */
            , #{registId}           /* 등록자ID */
            , CURRENT_TIMESTAMP     /* 등록일시 */
            , #{updtId}             /* 수정자ID */
            , CURRENT_TIMESTAMP     /* 수정일시 */
        )
    </insert>

    <!--
        Query ID    : updateSapRfcStrctrField
        Description : RFC 구조체항목 수정
    -->
    <update id="updateSapRfcStrctrField"
            parameterType="com.mobis.maps.comm.vo.MapsCommSapRfcStrctrFieldVO">
        /* Query ID=com.mobis.maps.comm.service.dao.MapsCommSapRfcMDAO.updateSapRfcStrctrField */
        UPDATE COMNDB.T_RFC_STRCTR_FIELD_INFO
        SET   RFC_FIELD_NM = #{rfcFieldNm}  /* RFC필드명 */
            , IEM_ID = #{iemId}             /* 항목ID */
            , WORD_ID = #{wordId}           /* 용어ID */
            , DATA_TY = #{dataTy}           /* 데이터타입 */
            , RFC_FIELD_DC = #{rfcFieldDc}  /* RFC필드설명 */
            , USE_YN = #{useYn}             /* 사용여부 */
            , DEL_YN = #{delYn}             /* 삭제여부 */
            , UPDT_ID = #{updtId}           /* 수정자ID */
            , UPDT_DT = CURRENT_TIMESTAMP   /* 수정일시 */
        WHERE 1=1
        AND   STRCTR_ID = #{strctrId}   /* 구조체아이디 */
        AND   RFC_FIELD = #{rfcField}   /* RFC필드 */
    </update>

    <!--
        Query ID    : deleteSapRfcStrctrField
        Description : RFC 구조체항목 삭제
    -->
    <delete id="deleteSapRfcStrctrField"
            parameterType="com.mobis.maps.comm.vo.MapsCommSapRfcStrctrFieldVO">
        /* Query ID=com.mobis.maps.comm.service.dao.MapsCommSapRfcMDAO.deleteSapRfcStrctrField */
        DELETE
        FROM  COMNDB.T_RFC_STRCTR_FIELD_INFO
        WHERE 1=1
        AND   STRCTR_ID = #{strctrId}   /* 구조체아이디 */
        AND   RFC_FIELD = #{rfcField}   /* RFC필드 */
    </delete>

    <!--
        Query ID    : deleteSapRfcStrctrFieldAll
        Description : RFC 구조체항목 삭제(전체)
    -->
    <delete id="deleteSapRfcStrctrFieldAll"
            parameterType="com.mobis.maps.comm.vo.MapsCommSapRfcStrctrMstVO">
        /* Query ID=com.mobis.maps.comm.service.dao.MapsCommSapRfcMDAO.deleteSapRfcStrctrFieldAll */
        DELETE
        FROM  COMNDB.T_RFC_STRCTR_FIELD_INFO
        WHERE 1=1
        AND   STRCTR_ID = #{strctrId}   /* 구조체아이디 */
    </delete>

</mapper>