<?xml version="1.0" encoding="UTF-8" ?>
<!DOCTYPE mapper PUBLIC "-//mybatis.org//DTD Mapper 3.0//EN" "http://mybatis.org/dtd/mybatis-3-mapper.dtd">
<!--
    SQL File Name : comm_MapsCommMDAO_SQL.xml
 * @Description   : MAPS공통 데이터를 관리한다.
 * @author        : DT048058
 * @since         : 2019.08.26.
 * @version       : 1.0
 * @see
 * @Modification Information
 * <pre>
 *     since          author              description
 *  ===========    =============    ===========================
 *  2019.08.26.       DT048058         최초 생성
 * </pre>
-->

<mapper namespace="com.mobis.maps.comm.service.dao.MapsCommMDAO">
    
    <!--
        Query ID    : selectOrgnztPgList
        Description : 조직 페이징리스트 조회
    -->
    <select id="selectOrgnztPgList" parameterType="com.mobis.maps.comm.vo.MapsCommOrgnztVO" resultType="com.mobis.maps.comm.vo.MapsCommOrgnztVO">
        /* Query ID=com.mobis.maps.comm.service.dao.MapsCommMDAO.selectOrgnztPgList */
        <include refid="com.mobis.maps.cmmn.paging.selectTop"/>
        <choose>
            <when test='@org.apache.commons.lang3.StringUtils@equals(orgnztSeCd, "G")'>
        <!-- 일반대리점 조직조회 -->
        SELECT
              ROW_NUMBER() OVER(ORDER BY D.REP_DIST_CD, D.REP_DIST_YN DESC, D.ORGNZT_CD) AS RNUM
            , D.*
        FROM  (
            SELECT
                  A.VKORG AS BSN_ORGNZT_CD                  /* 영업조직(법인코드) */
                , A.VTWEG AS EXP_DMSTC_SE                   /* 수출/내수구분 */
                , A.KUNNR AS ORGNZT_CD                      /* 고객번호(대리점코드) */
                , B.ZKUNAM AS ORGNZT_NM                     /* 대리점상호 */
                , A.LAND1 AS ORGNZT_CYCD                    /* 국가코드 */
                , A.PSTLZ AS ORGNZT_ZIP                     /* 우편번호 */
                , CONCAT(A.ORT01, A.STRAS) AS ORGNZT_ADRES  /* 주소 */
                , A.ZCUSTAT AS ORGNZT_STTUS                 /* 조직상태 */
                , B.ZKUNNR AS DIST_CD                       /* 대리점코드 */
                , B.ZKUNN2 AS REP_DIST_CD                   /* 대표대리점코드 */
                , B.ZKU2NAM AS REP_DIST_NM                  /* 대표대리점명 */
                , CASE WHEN (B.ZKUNNR = B.ZKUNN2) THEN 'Y'
                       WHEN (B.ZKUNN2 IS NULL) THEN 'Y'
                       ELSE 'N'
                  END AS REP_DIST_YN                        /* 대표대리점여부 */
            FROM  MAPSDB.ZPSDT1805 A
                 INNER JOIN MAPSDB.ZPSDT1806 B
                 ON  A.VKORG = B.VKORG
                 AND A.ZSACUTM = B.ZKUNNR
            WHERE 1=1
            <if test='@org.apache.commons.lang3.StringUtils@isNotBlank(bsnOrgnztCd)'>
            AND   A.VKORG = #{bsnOrgnztCd}
            </if>
            <if test='@org.apache.commons.lang3.StringUtils@isNotBlank(expDmstcSe)'>
            AND   A.VTWEG = #{expDmstcSe} /* 유통경로(E:수출, D:내수, C:공통) */
            </if>
            <if test='@org.apache.commons.lang3.StringUtils@isNotBlank(orgnztCd)'>
            AND   A.KUNNR LIKE CONCAT('%', #{orgnztCd}, '%')
            </if>
            <if test='@org.apache.commons.lang3.StringUtils@isNotBlank(orgnztNm)'>
            AND   B.ZKUNAM LIKE CONCAT('%', #{orgnztNm}, '%')
            </if>
             <!-- AND A.ZSERVTY = ''    /*  Service Type(DDS : 직배, DTS : 일반) */ -->
            AND   A.ZCUSTAT IN ('A', 'B')  /* A:정상, B:중지, C:계약해재 */
               ) D
        ORDER BY D.REP_DIST_CD
               , D.REP_DIST_YN DESC
               , D.ORGNZT_CD
            </when>
            <when test='@org.apache.commons.lang3.StringUtils@equals(orgnztSeCd, "D")'>
        <!-- 직배대리점 조직조회 -->
        SELECT
              ROW_NUMBER() OVER(ORDER BY D.REP_DIST_CD, D.REP_DIST_YN DESC, D.ORGNZT_CD) AS RNUM
            , D.*
        FROM  (
            SELECT
                  A.VKORG AS BSN_ORGNZT_CD                  /* 영업조직(법인코드) */
                , A.VTWEG AS EXP_DMSTC_SE                   /* 수출/내수구분 */
                , A.KUNNR AS ORGNZT_CD                      /* 고객번호(대리점코드) */
                , B.ZKUNAM AS ORGNZT_NM                     /* 대리점상호 */
                , A.LAND1 AS ORGNZT_CYCD                    /* 국가코드 */
                , A.PSTLZ AS ORGNZT_ZIP                     /* 우편번호 */
                , CONCAT(A.ORT01, A.STRAS) AS ORGNZT_ADRES  /* 주소 */
                , A.ZCUSTAT AS ORGNZT_STTUS                 /* 조직상태 */
                , B.ZKUNNR AS DIST_CD                       /* 대리점코드 */
                , B.ZKUNN2 AS REP_DIST_CD                   /* 대표대리점코드 */
                , B.ZKU2NAM AS REP_DIST_NM                  /* 대표대리점명 */
                , CASE WHEN (B.ZKUNNR = B.ZKUNN2) THEN 'Y'
                       WHEN (B.ZKUNN2 IS NULL) THEN 'Y'
                       ELSE 'N'
                  END AS REP_DIST_YN                        /* 대표대리점여부 */
            FROM  MAPSDB.ZPSDT1805 A
                 INNER JOIN MAPSDB.ZPSDT1806 B
                 ON  A.VKORG = B.VKORG
                 AND A.ZSACUTM = B.ZKUNNR
            WHERE 1=1
            <if test='@org.apache.commons.lang3.StringUtils@isNotBlank(bsnOrgnztCd)'>
            AND   A.VKORG = #{bsnOrgnztCd}
            </if>
            <if test='@org.apache.commons.lang3.StringUtils@isNotBlank(expDmstcSe)'>
            AND   A.VTWEG = #{expDmstcSe} /* 유통경로(E:수출, D:내수, C:공통) */
            </if>
            <if test='@org.apache.commons.lang3.StringUtils@isNotBlank(orgnztCd)'>
            AND   A.KUNNR LIKE CONCAT('%', #{orgnztCd}, '%')
            </if>
            <if test='@org.apache.commons.lang3.StringUtils@isNotBlank(orgnztNm)'>
            AND   B.ZKUNAM LIKE CONCAT('%', #{orgnztNm}, '%')
            </if>
             <!-- AND A.ZSERVTY = ''    /*  Service Type(DDS : 직배, DTS : 일반) */ -->
            AND   A.ZCUSTAT IN ('A', 'B')  /* A:정상, B:중지, C:계약해재 */
               ) D
        ORDER BY D.REP_DIST_CD
               , D.REP_DIST_YN DESC
               , D.ORGNZT_CD
            </when>
            <when test='@org.apache.commons.lang3.StringUtils@equals(orgnztSeCd, "E")'>
        <!-- 직배대리점 조직조회 -->
        SELECT
              ROW_NUMBER() OVER(ORDER BY D.REP_DIST_CD, D.REP_DIST_YN DESC, D.ORGNZT_CD) AS RNUM
            , D.*
        FROM  (
            SELECT
                  A.VKORG AS BSN_ORGNZT_CD                  /* 영업조직(법인코드) */
                , A.VTWEG AS EXP_DMSTC_SE                   /* 수출/내수구분 */
                , A.KUNNR AS ORGNZT_CD                      /* 고객번호(대리점코드) */
                , B.ZKUNAM AS ORGNZT_NM                     /* 대리점상호 */
                , B.ZDEALER AS DEALER_CD                    /* 딜러코드 */
                , B.ZDLRNAM AS DEALER_NM                    /* 딜러상호 */
                , A.LAND1 AS ORGNZT_CYCD                    /* 국가코드 */
                , A.PSTLZ AS ORGNZT_ZIP                     /* 우편번호 */
                , CONCAT(A.ORT01, A.STRAS) AS ORGNZT_ADRES  /* 주소 */
                , A.ZCUSTAT AS ORGNZT_STTUS                 /* 조직상태 */
                , B.ZKUNNR AS DIST_CD                       /* 대리점코드 */
                , B.ZKUNN2 AS REP_DIST_CD                   /* 대표대리점코드 */
                , B.ZKU2NAM AS REP_DIST_NM                  /* 대표대리점명 */
                , CASE WHEN (B.ZKUNNR = B.ZKUNN2) THEN 'Y'
                       WHEN (B.ZKUNN2 IS NULL) THEN 'Y'
                       ELSE 'N'
                  END AS REP_DIST_YN                        /* 대표대리점여부 */
                , B.ZDEALE2 AS REP_DEALER_CD                /* 대표딜러코드 */
                , B.ZDLR2NAM AS REP_DEALER_NM               /* 대표딜러상호 */
                , CASE WHEN (B.ZDEALER = B.ZDEALE2) THEN 'Y'
                       WHEN (B.ZDEALE2 IS NULL) THEN 'Y'
                       ELSE 'N'
                  END AS REP_DEALER_YN                      /* 대표딜러여부 */
            FROM  MAPSDB.ZPSDT1805 A
                 INNER JOIN MAPSDB.ZPSDT1806 B
                 ON  A.VKORG = B.VKORG
                 AND A.ZSACUTM = B.ZKUNNR
            WHERE 1=1
            <if test='@org.apache.commons.lang3.StringUtils@isNotBlank(bsnOrgnztCd)'>
            AND   A.VKORG = #{bsnOrgnztCd}
            </if>
            <if test='@org.apache.commons.lang3.StringUtils@isNotBlank(expDmstcSe)'>
            AND   A.VTWEG = #{expDmstcSe} /* 유통경로(E:수출, D:내수, C:공통) */
            </if>
            AND   A.KUNNR = #{orgnztCd}
            <if test='@org.apache.commons.lang3.StringUtils@isNotBlank(dealerCd)'>
            AND   B.ZDEALER LIKE CONCAT('%', #{dealerCd}, '%')
            </if>
            <if test='@org.apache.commons.lang3.StringUtils@isNotBlank(dealerNm)'>
            AND   B.ZDLRNAM LIKE CONCAT('%', #{dealerNm}, '%')
            </if>
             <!-- AND A.ZSERVTY = ''    /*  Service Type(DDS : 직배, DTS : 일반) */ -->
            AND   A.ZCUSTAT IN ('A', 'B')  /* A:정상, B:중지, C:계약해재 */
               ) D
        ORDER BY D.REP_DIST_CD
               , D.REP_DIST_YN DESC
               , D.ORGNZT_CD
            </when>
            <when test='@org.apache.commons.lang3.StringUtils@equals(orgnztSeCd, "N")'>
        <!-- 국내외협력업체 조직조회 -->
       SELECT
              ROW_NUMBER() OVER(ORDER BY A.LIFNR) AS RNUM
            , A.BUKRS AS BSN_ORGNZT_CD      /* 영업조직(법인코드) */
            , A.LIFNR AS ORGNZT_CD          /* 공급업체 또는 채권자의 계정 번호 */
            , A.NAME1 AS ORGNZT_NM          /* 이름 1 */
            , A.COUNTRY AS ORGNZT_CYCD      /* 국가키 */
            , A.POST_CODE1 AS ORGNZT_ZIP    /* 우편번호 */
            , A.STREET AS ORGNZT_ADRES      /* 상세 주소 */
        FROM  MAPSDB.ZPMMS40010I A
        WHERE 1=1
        AND   A.SYSID = #{rfcPcSysId}   /* SAP System */
        AND   A.MANDT = #{rfcPcClient}  /* 클라이언트  */
        <if test='@org.apache.commons.lang3.StringUtils@isNotBlank(bsnOrgnztCd)'>
        AND   A.BUKRS = #{bsnOrgnztCd}      /* 회사 코드 */
        </if>
        <if test='@org.apache.commons.lang3.StringUtils@isNotBlank(orgnztCd)'>
        AND   A.LIFNR LIKE CONCAT('%', #{orgnztCd}, '%')    /* 공급업체 또는 채권자의 계정 번호 */
        </if>
        <if test='@org.apache.commons.lang3.StringUtils@isNotBlank(orgnztNm)'>
        AND   (A.NAME1 LIKE CONCAT('%', #{orgnztNm}, '%')
               OR A.NAME3 LIKE CONCAT('%', #{orgnztNm}, '%')
               )
        ORDER BY A.LIFNR
        </if>
            </when>
            <when test='@org.apache.commons.lang3.StringUtils@equals(orgnztSeCd, "P")'>
        <!-- PDA 창고조회 -->
        SELECT
              ROW_NUMBER() OVER(ORDER BY D.ORGNZT_CD) AS RNUM
            , D.*
        FROM  (
               SELECT
                     DISTINCT
                     A.COMP_CODE AS BSN_ORGNZT_CD    /* 회사코드  */
                   , A.LGNUM AS ORGNZT_CD            /* 창고 번호/복합 창고 */
                   , A.LGNUM AS ORGNZT_NM            /* 창고 번호/복합 창고 */
                   , A.COUNTRY AS ORGNZT_CYCD        /* 국가키 */
                   , NULL AS ORGNZT_ZIP              /* 우편번호 */
                   , NULL AS ORGNZT_ADRES            /* 상세 주소 */
               FROM  MAPSDB.ZPEWS1317 A
               WHERE 1=1
               AND   A.SYSID = #{rfcPwSysId}     /* ABAP System Field: Name of SAP System */
               AND   A.MANDT = #{rfcPwClient}    /* 클라이언트  */
        <if test='@org.apache.commons.lang3.StringUtils@isNotBlank(bsnOrgnztCd)'>
               AND   A.COMP_CODE = #{bsnOrgnztCd}    /* 회사코드  */
        </if>
        <if test='@org.apache.commons.lang3.StringUtils@isNotBlank(orgnztCd)'>
               AND   A.LGNUM = #{orgnztCd}           /* 창고 번호/복합 창고 */
        </if>
               ) D
        WHERE 1=1
            </when>
        </choose>
        <include refid="com.mobis.maps.cmmn.paging.selectBottom"/>
    </select>
    
    <!--
        Query ID    : selectOrgnztNm
        Description : 조직명 조회
    -->
    <select id="selectOrgnztNm" parameterType="com.mobis.maps.comm.vo.MapsCommOrgnztVO" resultType="com.mobis.maps.comm.vo.MapsCommOrgnztVO">
        /* Query ID=com.mobis.maps.comm.service.dao.MapsCommMDAO.selectOrgnztNm */
        <choose>
            <when test='@org.apache.commons.lang3.StringUtils@equals(orgnztSeCd, "G")'>
        <!-- 일반대리점 조직조회 -->
        SELECT
              A.VKORG AS BSN_ORGNZT_CD  /* 영업조직(법인코드) */
            , A.KUNNR AS ORGNZT_CD      /* 고객번호(대리점코드) */
            , B.ZKUNAM AS ORGNZT_NM     /* 대리점상호 */
        FROM  MAPSDB.ZPSDT1805 A
             INNER JOIN MAPSDB.ZPSDT1806 B
             ON  A.VKORG = B.VKORG
             AND A.ZSACUTM = B.ZKUNNR
        WHERE 1=1
        <if test='@org.apache.commons.lang3.StringUtils@isNotBlank(bsnOrgnztCd)'>
        AND   A.VKORG = #{bsnOrgnztCd}
        </if>
        AND   A.KUNNR = #{orgnztCd}
        <!-- AND A.ZSERVTY = ''    /*  Service Type(DDS : 직배, DTS : 일반) */ -->
        AND   A.ZCUSTAT IN ('A', 'B')  /* A:정상, B:중지, C:계약해재 */
            </when>
            <when test='@org.apache.commons.lang3.StringUtils@equals(orgnztSeCd, "D")'>
        <!-- 직배대리점 조직조회 -->
        SELECT
              A.VKORG AS BSN_ORGNZT_CD  /* 영업조직(법인코드) */
            , A.KUNNR AS ORGNZT_CD      /* 고객번호(대리점코드) */
            , B.ZKUNAM AS ORGNZT_NM     /* 대리점상호 */
        FROM  MAPSDB.ZPSDT1805 A
             INNER JOIN MAPSDB.ZPSDT1806 B
             ON  A.VKORG = B.VKORG
             AND A.ZSACUTM = B.ZKUNNR
        WHERE 1=1
        <if test='@org.apache.commons.lang3.StringUtils@isNotBlank(bsnOrgnztCd)'>
        AND   A.VKORG = #{bsnOrgnztCd}
        </if>
        AND   A.KUNNR = #{orgnztCd}
        <!-- AND A.ZSERVTY = ''    /*  Service Type(DDS : 직배, DTS : 일반) */ -->
        AND   A.ZCUSTAT IN ('A', 'B')  /* A:정상, B:중지, C:계약해재 */
            </when>
            <when test='@org.apache.commons.lang3.StringUtils@equals(orgnztSeCd, "E")'>
        <!-- 직배대리점 조직조회 -->
        SELECT
              A.VKORG AS BSN_ORGNZT_CD  /* 영업조직(법인코드) */
            , A.KUNNR AS ORGNZT_CD      /* 고객번호(대리점코드) */
            , B.ZKUNAM AS ORGNZT_NM     /* 대리점상호 */
            , B.ZDEALER AS DEALER_CD    /* 딜러코드 */
            , B.ZDLRNAM AS DEALER_NM    /* 딜러상호 */
        FROM  MAPSDB.ZPSDT1805 A
             INNER JOIN MAPSDB.ZPSDT1806 B
             ON  A.VKORG = B.VKORG
             AND A.ZSACUTM = B.ZKUNNR
        WHERE 1=1
        <if test='@org.apache.commons.lang3.StringUtils@isNotBlank(bsnOrgnztCd)'>
        AND   A.VKORG = #{bsnOrgnztCd}
        </if>
        AND   B.ZDEALER = #{orgnztCd}
        <!-- AND A.ZSERVTY = ''    /*  Service Type(DDS : 직배, DTS : 일반) */ -->
        AND   A.ZCUSTAT IN ('A', 'B')   /* A:정상, B:중지, C:계약해재 */
            </when>
            <when test='@org.apache.commons.lang3.StringUtils@equals(orgnztSeCd, "N")'>
        <!-- 국내외협력업체 조직조회 -->
        SELECT
              A.BUKRS AS BSN_ORGNZT_CD  /* 영업조직(법인코드) */
            , A.LIFNR AS ORGNZT_CD      /* 공급업체 또는 채권자의 계정 번호 */
            , A.NAME1 AS ORGNZT_NM      /* 이름 1 */
        FROM  MAPSDB.ZPMMS40010I A
        WHERE 1=1
        AND   A.SYSID = #{rfcPcSysId}   /* SAP System */
        AND   A.MANDT = #{rfcPcClient}  /* 클라이언트  */
        <if test='@org.apache.commons.lang3.StringUtils@isNotBlank(bsnOrgnztCd)'>
        AND   A.BUKRS = #{bsnOrgnztCd}  /* 회사 코드 */
        </if>
        AND   A.LIFNR = #{orgnztCd}     /* 공급업체 또는 채권자의 계정 번호 */
            </when>
            <when test='@org.apache.commons.lang3.StringUtils@equals(orgnztSeCd, "P")'>
        <!-- PDA 창고조회 -->
        SELECT
              DISTINCT
              A.COMP_CODE AS BSN_ORGNZT_CD   /* 회사코드  */
            , A.LGNUM AS ORGNZT_CD           /* 창고 번호/복합 창고 */
            , A.LGNUM AS ORGNZT_NM           /* 창고 번호/복합 창고 */
        FROM  MAPSDB.ZPEWS1317 A
        WHERE 1=1
        AND   A.SYSID = #{rfcPwSysId}       /* ABAP System Field: Name of SAP System */
        AND   A.MANDT = #{rfcPwClient}      /* 클라이언트  */
        <if test='@org.apache.commons.lang3.StringUtils@isNotBlank(bsnOrgnztCd)'>
        AND   A.COMP_CODE = #{bsnOrgnztCd}  /* 회사코드  */
        </if>
        AND   A.LGNUM = #{orgnztCd}         /* 창고 번호/복합 창고 */
            </when>
        </choose>
    </select>
</mapper>