<?xml version="1.0" encoding="UTF-8" ?>
<!DOCTYPE mapper PUBLIC "-//mybatis.org//DTD Mapper 3.0//EN" "http://mybatis.org/dtd/mybatis-3-mapper.dtd">
<!--
    SQL File Name : comm_MapsCommLanguageMDAO_SQL.xml
 * @Description   : 다국어 데이터를 관리한다.
 * @author        : DT048657
 * @since         : 2019. 9. 5.
 * @version       : 1.0
 * @see
 * @Modification Information
 * <pre>
 *     since          author              description
 *  ===========    =============    ===========================
 *  2019. 9. 5.     DT048657        최초 생성
 * 
-->
<mapper namespace="com.mobis.maps.comm.service.dao.MapsCommLanguageMDAO">

    <!--
        Query ID    : selectLangList
        Description : 다국어 리스트 조회
    -->
    <select id="selectLangList" parameterType="com.mobis.maps.comm.vo.MapsCommLanguageVO" resultType="com.mobis.maps.comm.vo.MapsCommLanguageVO">
        /* Query ID=com.mobis.maps.comm.service.dao.MapsCommLanguageMDAO.selectLangList */        
        SELECT
              A.COMPN_ID                /* 화면코드 */
            , A.WORD_ID                 /* 용어ID */
            , A.ABBREV_WORD_USE_CD      /* 단축용어사용코드 */
            , CASE WHEN A.ABBREV_WORD_USE_CD = '00' THEN NVL(C.ORGINL_WORD, B.ORGINL_WORD)
                   WHEN A.ABBREV_WORD_USE_CD = '01' THEN NVL(C.ABBREV_WORD_1, NVL(B.ABBREV_WORD_1, NVL(C.ORGINL_WORD, B.ORGINL_WORD)))
                   WHEN A.ABBREV_WORD_USE_CD = '02' THEN NVL(C.ABBREV_WORD_2, NVL(B.ABBREV_WORD_2, NVL(C.ORGINL_WORD, B.ORGINL_WORD)))
                   WHEN A.ABBREV_WORD_USE_CD = '03' THEN NVL(C.ABBREV_WORD_3, NVL(B.ABBREV_WORD_3, NVL(C.ORGINL_WORD, B.ORGINL_WORD)))
                   WHEN A.ABBREV_WORD_USE_CD = '04' THEN NVL(C.ABBREV_WORD_4, NVL(B.ABBREV_WORD_4, NVL(C.ORGINL_WORD, B.ORGINL_WORD)))
                   WHEN A.ABBREV_WORD_USE_CD = '05' THEN NVL(C.ABBREV_WORD_5, NVL(B.ABBREV_WORD_5, NVL(C.ORGINL_WORD, B.ORGINL_WORD)))
                   ELSE NVL(C.ORGINL_WORD, B.ORGINL_WORD)
              END AS COMPN_NM
            , #{langCd} AS LANG_CD
            , C.ORGINL_WORD
            , C.ABBREV_WORD_1
            , C.ABBREV_WORD_2
            , C.ABBREV_WORD_3
            , C.ABBREV_WORD_4
            , C.ABBREV_WORD_5
            , B.LANG_CD AS DFLT_LANG_CD
            , B.ORGINL_WORD AS DFLT_ORGINL_WORD
            , B.ABBREV_WORD_1 AS DFLT_ABBREV_WORD_1
            , B.ABBREV_WORD_2 AS DFLT_ABBREV_WORD_2
            , B.ABBREV_WORD_3 AS DFLT_ABBREV_WORD_3
            , B.ABBREV_WORD_4 AS DFLT_ABBREV_WORD_4
            , B.ABBREV_WORD_5 AS DFLT_ABBREV_WORD_5
        FROM  IAMDB.T_SCRIN_COMPN_MANAGE A
              LEFT OUTER JOIN IAMDB.T_WORD_DICARY_MST B
              ON  A.WORD_ID = B.WORD_ID
              AND B.LANG_CD = #{dfltLangCd}
              LEFT OUTER JOIN IAMDB.T_WORD_DICARY_MST C
              ON  A.WORD_ID = C.WORD_ID
              AND C.LANG_CD = #{langCd}
        WHERE 1=1
        AND   A.SCRIN_ID  = #{scrinId}
        ORDER BY A.COMPN_ID
    </select>
    
    <!--
        Query ID    : selectScrinFnctList
        Description : 화면기능 리스트 조회
    -->
    <select id="selectScrinFnctList" parameterType="com.mobis.maps.comm.vo.MapsCommScrinFnctVO" resultType="com.mobis.maps.comm.vo.MapsCommScrinFnctVO">
        /* Query ID=com.mobis.maps.comm.service.dao.MapsCommLanguageMDAO.selectScrinFnctList */        
        SELECT
              E.SCRIN_ID AS SCRIN_ID
            , F.FNCT_ID AS FNCT_ID
            , F.FNCT_SE_CD AS FNCT_SE_CD
            , F.FNCT_NM AS FNCT_NM
            , F.FNCT_URL AS FNCT_URL
            , E.COMPN_ID AS COMPN_ID
        FROM  IAMDB.T_SCRIN_FNCT_MANAGE E  
              INNER JOIN IAMDB.T_FNCT_MST F
              ON  F.FNCT_SE_CD IN ('P' , 'U')
              AND F.USE_YN = 'Y'
              AND E.FNCT_ID = F.FNCT_ID
        WHERE 1=1
        AND   E.SCRIN_ID =  #{scrinId}
        AND   EXISTS(
                    SELECT 1
                    FROM  IAMDB.T_USER_AUTHOR_MANAGE P1
                          INNER JOIN IAMDB.T_AUTHOR_MST P2
                          ON P1.AUTHOR_ID = P2.AUTHOR_ID
                          INNER JOIN IAMDB.T_AUTHOR_SCRIN_FNCT_MANAGE P3
                          ON P2.AUTHOR_ID = P3.AUTHOR_ID
                    WHERE 1=1
                    AND   P1.USER_SEQ_ID =  #{userSeqId}
                    AND   P3.SCRIN_FNCT_ID = E.SCRIN_FNCT_ID
                    UNION ALL
                    SELECT 1
                    FROM  IAMDB.T_USER_SCRIN_FNCT_MANAGE UP1
                    WHERE 1=1
                    AND   UP1.USER_SEQ_ID =  #{userSeqId}
                    AND   UP1.SCRIN_FNCT_ID = E.SCRIN_FNCT_ID
                    )
    </select>
    
    <!--
        Query ID    : selectWord
        Description : 다국어 리스트 조회
    -->
    <select id="selectWord" parameterType="com.mobis.maps.comm.vo.MapsCommLanguageVO" resultType="java.lang.String">
        /* Query ID=com.mobis.maps.comm.service.dao.MapsCommLanguageMDAO.selectWord */   
        SELECT
        <choose>
            <when test='@org.apache.commons.lang3.StringUtils@equals(abbrevWordUseCd, "01")'>
              NVL(B.ABBREV_WORD_1, NVL(A.ABBREV_WORD_1, NVL(B.ORGINL_WORD, A.ORGINL_WORD)))
            </when>
            <when test='@org.apache.commons.lang3.StringUtils@equals(abbrevWordUseCd, "02")'>
              NVL(B.ABBREV_WORD_2, NVL(A.ABBREV_WORD_2, NVL(B.ORGINL_WORD, A.ORGINL_WORD)))
            </when>
            <when test='@org.apache.commons.lang3.StringUtils@equals(abbrevWordUseCd, "03")'>
              NVL(B.ABBREV_WORD_3, NVL(A.ABBREV_WORD_3, NVL(B.ORGINL_WORD, A.ORGINL_WORD)))
            </when>
            <when test='@org.apache.commons.lang3.StringUtils@equals(abbrevWordUseCd, "04")'>
              NVL(B.ABBREV_WORD_4, NVL(A.ABBREV_WORD_4, NVL(B.ORGINL_WORD, A.ORGINL_WORD)))
            </when>
            <when test='@org.apache.commons.lang3.StringUtils@equals(abbrevWordUseCd, "05")'>
              NVL(B.ABBREV_WORD_5, NVL(A.ABBREV_WORD_5, NVL(B.ORGINL_WORD, A.ORGINL_WORD)))
            </when>
            <otherwise>
              NVL(B.ORGINL_WORD, A.ORGINL_WORD) AS WORD
            </otherwise>
        </choose>
        FROM  IAMDB.T_WORD_DICARY_MST A
            LEFT OUTER JOIN IAMDB.T_WORD_DICARY_MST B
            ON  B.WORD_ID = A.WORD_ID
            AND B.LANG_CD = #{langCd}
        WHERE 1=1
        AND   A.WORD_ID = #{wordId}
        AND   A.LANG_CD = #{dfltLangCd}
    </select>
        
    
</mapper>