<?xml version="1.0" encoding="UTF-8" ?>
<!DOCTYPE mapper PUBLIC "-//mybatis.org//DTD Mapper 3.0//EN" "http://mybatis.org/dtd/mybatis-3-mapper.dtd">
<!--
    SQL File Name : comm_MapsCommAtchFileMDAO_SQL.xml
 * @Description   : 첨부파일 데이터를 관리한다.
 * @author        : DT048058
 * @since         : 2019.08.19.
 * @version       : 1.0
 * @see
 * @Modification Information
 * <pre>
 *     since          author              description
 *  ===========    =============    ===========================
 *  2019.08.19.       DT048058         최초 생성
 * </pre>
-->

<mapper namespace="com.mobis.maps.comm.service.dao.MapsCommAtchFileMDAO">

    <!--
        Query ID    : selectAtchFileList
        Description : 첨부파일리스트 조회
    -->
    <select id="selectAtchFileList" parameterType="com.mobis.maps.cmmn.vo.MapsAtchFileVO" resultType="com.mobis.maps.cmmn.vo.MapsAtchFileVO">
        /* Query ID=com.mobis.maps.comm.service.dao.MapsCommAtchFileMDAO.selectAtchFileList */
        SELECT
              ATCH_SE
            , ATCH_ID
            , FILE_NO
            , FILE_PATH AS FOLDER_PATH
            , STRE_FILE_NM AS STORED_FILE_NAME
            , ORGINL_FILE_NM AS ORIGINAL_FILE_NAME
            , FILE_SIZE
            , REGIST_ID
            , REGIST_DT AS REG_DATE
            , DATE_FORMAT(REGIST_DT,'%Y%m%d%H%i%s') AS REGIST_DT
        FROM  COMNDB.T_ATCH_FILE_INFO
        WHERE ATCH_SE = #{atchSe}
        AND   ATCH_ID = #{atchId}
    </select>
    
    
    <!--
        Query ID    : selectAtchFileExtInfo
        Description : 업로드허용 첨부파일 확장자리스트
    -->
    <select id="selectAtchFileExtInfo" parameterType="com.mobis.maps.comm.vo.MapsCommFileExtVO"  resultType="com.mobis.maps.comm.vo.MapsCommFileExtVO">
        /* Query ID=com.mobis.maps.comm.service.dao.MapsCommAtchFileMDAO.selectAtchFileExtInfo */
        SELECT CODE
              ,CODE1 AS EXT
        FROM   MAPSDB.ZPCAT0031T A
        WHERE 1 = 1
        AND   A.SYSID = #{sysId}            /* SAPSystem */
        AND   A.MANDT = #{mandt}            /* 클라이언트 */
        AND   A.CODE IN ('CA-CHNNL-002' , 'CA-CHNNL-003')
        AND   A.SPRAS = '3'                 /* 한국어 */
        ORDER BY CODE
    </select>
    

    <!--
        Query ID    : selectAtchFile
        Description : 첨부파일 조회
    -->
    <select id="selectAtchFile" parameterType="com.mobis.maps.cmmn.vo.MapsAtchFileVO" resultType="com.mobis.maps.cmmn.vo.MapsAtchFileVO">
        /* Query ID=com.mobis.maps.comm.service.dao.MapsCommAtchFileMDAO.selectAtchFile */
        SELECT
              ATCH_SE
            , ATCH_ID
            , FILE_NO
            , FILE_PATH AS FOLDER_PATH
            , STRE_FILE_NM AS STORED_FILE_NAME
            , ORGINL_FILE_NM AS ORIGINAL_FILE_NAME
            , FILE_SIZE
            , REGIST_ID
            , REGIST_DT AS REG_DATE
            , DATE_FORMAT(REGIST_DT,'%Y%m%d%H%i%s') AS REGIST_DT
        FROM  COMNDB.T_ATCH_FILE_INFO
        WHERE ATCH_SE = #{atchSe}
        AND   ATCH_ID = #{atchId}
        AND   FILE_NO = #{fileNo}
    </select>
    
    <!--
        Query ID    : insertAtchFile
        Description : 첨부파일 등록
    -->
    <insert id="insertAtchFile" parameterType="com.mobis.maps.cmmn.vo.MapsAtchFileVO">
        /* Query ID=com.mobis.maps.comm.service.dao.MapsCommAtchFileMDAO.insertAtchFile */
        <selectKey keyProperty="fileNo" resultType="int" order="BEFORE">
        SELECT
            NVL(MAX(FILE_NO), 0) + 1 AS FILE_NO
        FROM  COMNDB.T_ATCH_FILE_INFO
        WHERE ATCH_SE = #{atchSe}
        AND   ATCH_ID = #{atchId}
        </selectKey>
        INSERT INTO COMNDB.T_ATCH_FILE_INFO (
              ATCH_SE
            , ATCH_ID
            , FILE_NO
            , FILE_PATH
            , STRE_FILE_NM
            , ORGINL_FILE_NM
            , FILE_SIZE
            , REGIST_ID
            , REGIST_DT
        ) VALUES (
              #{atchSe}
            , #{atchId}
            , #{fileNo}
            , #{folderPath}
            , #{storedFileName}
            , #{originalFileName}
            , #{fileSize}
            , #{registId}
            , CURRENT_TIMESTAMP
        ) 
    </insert>
    
    <!--
        Query ID    : insertAtchFile
        Description : 첨부파일 삭제
    -->
    <delete id="deleteAtchFile" parameterType="com.mobis.maps.cmmn.vo.MapsAtchFileVO">
        /* Query ID=com.mobis.maps.comm.service.dao.MapsCommAtchFileMDAO.deleteAtchFile */
        DELETE
        FROM  COMNDB.T_ATCH_FILE_INFO
        WHERE ATCH_SE = #{atchSe}
        AND   ATCH_ID = #{atchId}
        AND   FILE_NO = #{fileNo}
    </delete>
    
    <!--
        Query ID    : deleteAtchFileAll
        Description : 첨부파일 삭제(전체)
    -->
    <delete id="deleteAtchFileAll" parameterType="com.mobis.maps.cmmn.vo.MapsAtchFileVO">
        /* Query ID=com.mobis.maps.comm.service.dao.MapsCommAtchFileMDAO.deleteAtchFileAll */
        DELETE
        FROM  COMNDB.T_ATCH_FILE_INFO
        WHERE ATCH_SE = #{atchSe}
        AND   ATCH_ID = #{atchId}
    </delete>
    
    <!--
        Query ID    : selectScrinNm
        Description : 화면명 조회
    -->
    <select id="selectScrinNm" parameterType="com.mobis.maps.iam.vo.MapsIamScreenVO" resultType="com.mobis.maps.iam.vo.MapsIamScreenVO">
        /* Query ID=com.mobis.maps.comm.service.dao.MapsCommAtchFileMDAO.selectScrinNm */
        SELECT
              A.SCRIN_CD        
            , CASE WHEN A.ABBREV_WORD_USE_CD = '01' THEN NVL(C.ABBREV_WORD_1, B.ABBREV_WORD_1)
                   WHEN A.ABBREV_WORD_USE_CD = '02' THEN NVL(C.ABBREV_WORD_2, B.ABBREV_WORD_2)
                   WHEN A.ABBREV_WORD_USE_CD = '03' THEN NVL(C.ABBREV_WORD_3, B.ABBREV_WORD_3)
                   WHEN A.ABBREV_WORD_USE_CD = '04' THEN NVL(C.ABBREV_WORD_4, B.ABBREV_WORD_4)
                   WHEN A.ABBREV_WORD_USE_CD = '05' THEN NVL(C.ABBREV_WORD_5, B.ABBREV_WORD_5)
                   ELSE NVL(C.ORGINL_WORD, B.ORGINL_WORD)
              END AS SCRIN_NM
        FROM  IAMDB.T_SCRIN_MST A
              LEFT OUTER JOIN IAMDB.T_WORD_DICARY_MST B
              ON  A.WORD_ID = B.WORD_ID
              AND B.LANG_CD = #{dfltLangCd}
              LEFT OUTER JOIN IAMDB.T_WORD_DICARY_MST C
              ON A.WORD_ID = C.WORD_ID
              AND C.LANG_CD = #{langCd}
        WHERE 1=1
        AND   A.SCRIN_ID = #{scrinId}
    </select>
    
</mapper>