<?xml version="1.0" encoding="UTF-8" ?>
<!DOCTYPE mapper PUBLIC "-//mybatis.org//DTD Mapper 3.0//EN" "http://mybatis.org/dtd/mybatis-3-mapper.dtd">
<!--
    SQL File Name : comm_MapsCommPropMDAO_SQL.xml
 * @Description   : 프로퍼티 데이터를 관리한다.
 * @author        : DT048058
 * @since         : 2019.12.20.
 * @version       : 1.0
 * @see
 * @Modification Information
 * <pre>
 *     since          author              description
 *  ===========    =============    ===========================
 *  2019.12.20.       DT048058         최초 생성
 * </pre>
-->

<mapper namespace="com.mobis.maps.comm.service.dao.MapsCommPropMDAO">

    <!--
        Query ID    : selectPropPgList
        Description : 프로퍼티 리스트 조회
    -->
    <select id="selectPropPgList" parameterType="com.mobis.maps.comm.vo.MapsCommPropVO" resultType="com.mobis.maps.comm.vo.MapsCommPropVO">
        /* Query ID=com.mobis.maps.comm.service.dao.MapsCommPropMDAO.selectPropPgList */
        <include refid="com.mobis.maps.cmmn.paging.selectTop"/>
        SELECT
              ROW_NUMBER() OVER(ORDER BY A.PROP_SYS, A.PROP_KEY) AS RNUM
            , A.PROP_SYS    /* 프로퍼티시스템 */
            , A.PROP_KEY    /* 프로퍼티키 */
            , A.PROP_VAL    /* 프로퍼티값 */
            , A.PROP_DC     /* 프로퍼티설명 */
            , A.REGIST_ID   /* 등록자ID */
            , A.REGIST_DT   /* 등록일시 */
            , A.UPDT_ID     /* 수정자ID */
            , A.UPDT_DT     /* 수정일시 */
        FROM  COMNDB.T_MAPS_PROPERTY A
        WHERE 1=1
        <if test='@org.apache.commons.lang3.StringUtils@isNotBlank(propSys)'>
        AND   A.PROP_SYS = #{propSys}
        </if>
        <if test='@org.apache.commons.lang3.StringUtils@isNotBlank(propKey)'>
        AND   A.PROP_KEY LIKE CONCAT('%', #{propKey}, '%')
        </if>
        <if test='@org.apache.commons.lang3.StringUtils@isNotBlank(propVal)'>
        AND   A.PROP_VAL LIKE CONCAT('%', #{propVal}, '%')
        </if>
        ORDER BY A.PROP_SYS
               , A.PROP_KEY
        <include refid="com.mobis.maps.cmmn.paging.selectBottom"/>
    </select>
    
    <!--
        Query ID    : selectPropInfo
        Description : 프로퍼티 조회
    -->
    <select id="selectPropInfo" parameterType="com.mobis.maps.comm.vo.MapsCommPropVO" resultType="com.mobis.maps.comm.vo.MapsCommPropVO">
        /* Query ID=com.mobis.maps.comm.service.dao.MapsCommPropMDAO.selectPropInfo */
        SELECT
              A.PROP_SYS    /* 프로퍼티시스템 */
            , A.PROP_KEY    /* 프로퍼티키 */
            , A.PROP_VAL    /* 프로퍼티값 */
            , A.PROP_DC     /* 프로퍼티설명 */
            , A.REGIST_ID   /* 등록자ID */
            , A.REGIST_DT   /* 등록일시 */
            , A.UPDT_ID     /* 수정자ID */
            , A.UPDT_DT     /* 수정일시 */
        FROM  COMNDB.T_MAPS_PROPERTY A
        WHERE 1=1
        AND   A.PROP_SYS = #{propSys}
        AND   A.PROP_KEY = #{propKey}
    </select>
    
    <!--
        Query ID    : insertPropInfo
        Description : 프로퍼티 저장
    -->
    <insert id="insertPropInfo" parameterType="com.mobis.maps.comm.vo.MapsCommPropVO">
        /* Query ID=com.mobis.maps.comm.service.dao.MapsCommPropMDAO.insertPropInfo */
        INSERT INTO COMNDB.T_MAPS_PROPERTY (
              PROP_SYS      /* 프로퍼티시스템 */
            , PROP_KEY      /* 프로퍼티키 */
            , PROP_VAL      /* 프로퍼티값 */
            , PROP_DC       /* 프로퍼티설명 */
            , REGIST_ID     /* 등록자ID */
            , REGIST_DT     /* 등록일시 */
            , UPDT_ID       /* 수정자ID */
            , UPDT_DT       /* 수정일시 */
        ) VALUES (
              #{propSys}            /* 프로퍼티시스템 */
            , #{propKey}            /* 프로퍼티키 */
            , #{propVal}            /* 프로퍼티값 */
            , #{propDc}             /* 프로퍼티설명 */
            , #{registId}           /* 등록자ID */
            , CURRENT_TIMESTAMP     /* 등록일시 */
            , #{updtId}             /* 수정자ID */
            , CURRENT_TIMESTAMP     /* 수정일시 */
        )
    </insert>
    
    <!--
        Query ID    : updatePropInfo
        Description : 프로퍼티 수정
    -->
    <update id="updatePropInfo" parameterType="com.mobis.maps.comm.vo.MapsCommPropVO">
        /* Query ID=com.mobis.maps.comm.service.dao.MapsCommPropMDAO.updatePropInfo */
        UPDATE COMNDB.T_MAPS_PROPERTY
        SET   PROP_VAL = #{propVal}         /* 프로퍼티값 */
            , PROP_DC = #{propDc}           /* 프로퍼티설명 */
            , UPDT_ID = #{updtId}           /* 수정자ID */
            , UPDT_DT = CURRENT_TIMESTAMP   /* 수정일시 */
        WHERE 1=1
        AND   PROP_SYS = #{propSys}     /* 프로퍼티시스템 */
        AND   PROP_KEY = #{propKey}     /* 프로퍼티키 */
    </update>
    
    <!--
        Query ID    : deletePropInfo
        Description : 프로퍼티 삭제
    -->
    <delete id="deletePropInfo" parameterType="com.mobis.maps.comm.vo.MapsCommPropVO">
        /* Query ID=com.mobis.maps.comm.service.dao.MapsCommPropMDAO.deletePropInfo */
        DELETE
        FROM  COMNDB.T_MAPS_PROPERTY
        WHERE 1=1
        AND   PROP_SYS = #{propSys}     /* 프로퍼티시스템 */
        AND   PROP_KEY = #{propKey}     /* 프로퍼티키 */
    </delete>
    
</mapper>