<?xml version="1.0" encoding="UTF-8"?>
<beans xmlns="http://www.springframework.org/schema/beans" 
    xmlns:xsi="http://www.w3.org/2001/XMLSchema-instance"
	xmlns:p="http://www.springframework.org/schema/p" 
    xmlns:context="http://www.springframework.org/schema/context"
	xsi:schemaLocation="
        http://www.springframework.org/schema/beans http://www.springframework.org/schema/beans/spring-beans-4.2.xsd
		http://www.springframework.org/schema/context http://www.springframework.org/schema/context/spring-context-4.2.xsd">

    <!--
        - The controllers are autodetected POJOs labeled with the @Controller annotation.
    -->
    <context:component-scan base-package="com.mobis.maps"> 
        <context:exclude-filter type="annotation" expression="org.springframework.stereotype.Controller"/>
    </context:component-scan>
    
    <!-- Define Message properties
        message-*.properties loading을 담당한다.
        "*"를 이용한 일괄 loading을 하기 위해
        org.springframework.context.support.ReloadableResourceBundleMessageSource 를 재정의하였다.
     -->
    <bean id="messageSource" class="able.com.service.msg.AbleReloadableResourceBundleMessageSource">
        <property name="basenames">
            <list>
                <value>db:T_MAPS_MSG</value>
                <!--
                     type sample
                     1. classpath:/message/**/message-*
                     2. classpath:/message/message-*
                     3. classpath:/message/**/message-common
                -->
                <value>classpath:/message/message-*</value>
                <value>classpath:/egovframework/rte/fdl/property/messages/properties</value>
            </list>
        </property>
        <property name="cacheSeconds">
            <value>60</value>
        </property>
        
        <property name="messageDBResourceDAO" ref="messageDBResourceDAO">
        </property>
    </bean>
    
    <bean id="messageDBResourceDAO" class="com.mobis.maps.cmmn.msg.MapsMessageDBResourceDAO">
    
        <property name="dataSource" ref="dataSourceMaria"/>

        <property name="system">
            <value>${system.code}</value>
        </property>
        
        <property name="columnTimestamp">
            <value>UPDT_DT</value>
        </property>
    
        <property name="sqlMsgTimestamp">
            <value>
                SELECT
                      DATE_FORMAT(MAX(UPDT_DT),'%Y/%m/%d %H:%i:%s') AS UPDT_DT
                FROM  COMNDB.T_MAPS_MSG
                WHERE MSG_SYS IN ('C', :system)
                AND   MSG_LANG = :lang
            </value>
        </property>
        <property name="sqlMsgProperty">
            <value>
                SELECT
                      A.MSG_CD AS mkey
                    , NVL(B.MSG_NM, A.MSG_NM) AS value
                    , B.MSG_LANG AS language
                    , DATE_FORMAT(B.UPDT_DT,'%Y/%m/%d %H:%i:%s') AS UPDT_DT
                FROM  COMNDB.T_MAPS_MSG A
                    LEFT OUTER JOIN COMNDB.T_MAPS_MSG B
                    ON A.MSG_CD = B.MSG_CD
                    AND A.MSG_LANG = :dfltLocale
                    AND A.MSG_SYS IN ('C', :system)
                WHERE B.MSG_LANG = :lang
            </value>
        </property> 
    </bean>
    
    <bean id="aes256CryptoService" class="able.com.util.crypto.AES256CryptoService" />
    
    <bean class="com.mobis.maps.cmmn.spring.SpringApplicationContext"/>
    
</beans>
