<?xml version="1.0" encoding="UTF-8"?>
<beans xmlns="http://www.springframework.org/schema/beans"
    xmlns:xsi="http://www.w3.org/2001/XMLSchema-instance"
    xmlns:context="http://www.springframework.org/schema/context"
    xsi:schemaLocation="
        http://www.springframework.org/schema/beans http://www.springframework.org/schema/beans/spring-beans-4.2.xsd">
        
    <!-- Annotation 설정
    <context:annotation-config/> -->
    <!--
        설정(암호화) 파일
    -->
    <bean id="environmentVariablesConfiguration"
          class="org.jasypt.encryption.pbe.config.EnvironmentStringPBEConfig">
        <property name="algorithm"
                  value="PBEWithMD5AndDES"/>
        <property name="passwordEnvName"
                  value="APP_ENCRYPTION_PASSWORD"/>
    </bean>        
    <bean id="configurationEncryptor"
          class="org.jasypt.encryption.pbe.StandardPBEStringEncryptor">
        <property name="config"
                  ref="environmentVariablesConfiguration"/>
        <property name="password"
                  value="1wax3rdv"/>
    </bean>
    <bean id="propertyConfig"
          class="org.jasypt.spring3.properties.EncryptablePropertyPlaceholderConfigurer">
        <constructor-arg ref="configurationEncryptor"/>
        <property name="locations">
            <list>
                <value>classpath:property/db.properties</value>
                <value>classpath:property/sap.properties</value>
                <value>classpath:property/maps.properties</value>
            </list>
        </property>
    </bean>
	<!-- context공용 property정보를 저장하는 PropertyService -->
	<bean name="propertiesService" class="able.com.service.prop.PropertyServiceImpl" destroy-method="destroy">
		<property name="extFileName">
            <set>
                <map>
                    <entry key="encoding" value="UTF-8"/>
                    <entry key="filename" value="classpath:property/maps.properties"/>
                </map>
        <!-- 
		        <map>
		        	<entry key="encoding" value="UTF-8"/>
		        	<entry key="filename" value="file:./src/**/refresh-resource.properties"/>
		        </map>
	        	<value>file:./src/**/resource.properties</value>
		        <map>
		        	<entry key="encoding" value="UTF-8"/>
		        	<entry key="filename" value="classpath*:META-INF/korean-resource.properties"/>
		        </map>
         -->
            </set>
		</property>
		<property name="properties">
	        <map>
	        	<!-- 페이지당 row갯수 -->
	        	<entry key="pgSize" value="20"/>
	        	<!-- 블럭당 페이지 갯수 -->
	        	<entry key="pgIdxSize" value="10"/>
	        </map>
		</property>
	</bean>
    
    <!-- system M:nMgn, S:Srs, D:Dcs, P:Pda-->
    <bean id="dbProperties" class="com.mobis.maps.cmmn.property.MapsDBProperties" init-method="load">
    
        <property name="dataSource" ref="dataSourceMaria"/>
        
        <property name="system">
            <value>${system.code}</value>
        </property>
        
        <property name="sqlPropTimestamp">
            <value>
                SELECT
                      DATE_FORMAT(MAX(UPDT_DT),'%Y%m%d%H%i%s') AS lastmodify
                FROM  COMNDB.T_MAPS_PROPERTY
                WHERE PROP_SYS IN ('C', :sys)
            </value>
        </property>
        
        <property name="sqlPropList">
            <value>
                SELECT
                      PROP_KEY AS pkey
                    , PROP_VAL AS value
                    , DATE_FORMAT(UPDT_DT,'%Y%m%d%H%i%s') AS lastmodify
                FROM  COMNDB.T_MAPS_PROPERTY
                WHERE PROP_SYS IN ('C', :sys)
            </value> 
        </property>
    </bean>
    
</beans>	
