<?xml version="1.0" encoding="UTF-8"?>
<beans xmlns="http://www.springframework.org/schema/beans"
    xmlns:p="http://www.springframework.org/schema/p" 
    xmlns:xsi="http://www.w3.org/2001/XMLSchema-instance"
    xmlns:aop="http://www.springframework.org/schema/aop"
    xsi:schemaLocation="
        http://www.springframework.org/schema/beans http://www.springframework.org/schema/beans/spring-beans-4.2.xsd
        http://www.springframework.org/schema/aop http://www.springframework.org/schema/aop/spring-aop-4.2.xsd
        ">

	<bean id="nexacroApplicationContextProvider" 
            class="able.com.ui.adaptor.nexacro.dao.mybatis.NexacroApplicationContextProvider" lazy-init="false" />

<!-- 	<bean id="hsqlDbms" class="able.com.ui.adaptor.nexacro.dao.dbms.Hsql" />
	<bean id="oracleDbms" class="able.com.ui.adaptor.nexacro.dao.dbms.Oracle" />
	<bean id="mssqlDbms" class="able.com.ui.adaptor.nexacro.dao.dbms.Mssql" />
	<bean id="mysqlDbms" class="able.com.ui.adaptor.nexacro.dao.dbms.Mysql" />
	<bean id="tiberoDbms" class="able.com.ui.adaptor.nexacro.dao.dbms.Tibero" />
	
	<bean id="dbmsProvider" class="able.com.ui.adaptor.nexacro.dao.DbVendorsProvider">
	    <property name="dbvendors">
	        <map>
	     		<entry key="HSQL Database Engine" value-ref="hsqlDbms"/>
	     		<entry key="SQL Server" value-ref="mssqlDbms"/>
	            <entry key="Oracle" value-ref="oracleDbms"/>
	        </map>
	    </property>
	</bean>
	 -->

</beans>