<?xml version="1.0" encoding="UTF-8"?>
<!DOCTYPE mapper PUBLIC "-//mybatis.org//DTD Mapper 3.0//EN" "http://mybatis.org/dtd/mybatis-3-mapper.dtd">
<!-- 
    SQL File Name : xmlname.xm 
    Description : Work Calendar Manage
    author 이수지
    since 2020. 5. 25.
    version 1.0
    Modification Information
       since          author              description
    ===========    =============    ===========================
    2020. 5. 25.     이수지      		   최초 생성
-->

<mapper namespace="com.mobis.maps.nmgn.cc.service.dao.CalendarMngMDAO">

    <!--
        Query ID    : selectCalendarMng
        Description : Work Calendar Manage List 조회
    -->
    <select id="selectCalendarMngList" parameterType="com.mobis.maps.nmgn.cc.vo.CalendarMngVO" resultType="com.mobis.maps.nmgn.cc.vo.CalendarMngVO">
        
        /* Query ID=com.mobis.maps.cc.service.dao.CalendarMngMDAO.selectCalendarMngList */      
        
            SELECT  ROW_NUMBER() OVER(ORDER BY SALES_ORG, STDYY , STDDT , DT_SN) AS RNUM
                , DT_SN                    /* 순번 */
                , SALES_ORG                /* 조직코드 */
                , STDYY                    /* 기준년 */
                , STDLANG                  /* 기준언어 */
                , STDDT AS STDDTSTR        /* 기준일 */
                , STDDT
                , ANNVRSRY_DESC            /* 기념일내용 */
                , GROUP_DESC               /* 기념일그룹내용 */
                , REGIST_ID                /* 등록자ID */
                , REGIST_DT AS REGIST_DATE /* 등록일 */
                , UPDT_ID                  /* 수정자ID */
                , UPDT_DT AS UPDT_DATE     /* 수정일 */
            FROM CHNNLDB.T_CALNDR_ANNVRSRY_INFO
            WHERE 1=1
              AND STDYY = #{stdyy}   
              AND SALES_ORG = #{salesOrg}
            ORDER BY SALES_ORG, STDYY , STDDT , DT_SN
            
    </select>
    
    <!--
        Query ID    : insertCalendarMng
        Description : Work Calendar 저장
    -->
    <insert id="insertCalendarMng" parameterType="com.mobis.maps.nmgn.cc.vo.CalendarMngVO">
    
        /* Query ID=com.mobis.maps.cc.service.dao.CalendarMngMDAO.insertCalendarMng */
    
            INSERT INTO CHNNLDB.T_CALNDR_ANNVRSRY_INFO (
                      SALES_ORG         /* 조직코드 */
                    , STDYY             /* 기준년 */
                    , STDDT             /* 기준일 */
                    , STDLANG           /* 기준언어 */
                    , ANNVRSRY_DESC     /* 기념일내용 */
                    , GROUP_DESC        /* 기념일그룹내용 */
                    , REGIST_ID         /* 등록자ID */
                    , REGIST_DT         /* 등록일 */
                    , UPDT_ID           /* 수정자ID */
                    , UPDT_DT           /* 수정일 */
                ) VALUES (
                      #{salesOrg}
                    , SUBSTRING(#{stddtstr},1,4)
                    , #{stddtstr}
                    , #{stdlang}
                    , #{annvrsryDesc}
                    , IFNULL(NULLIF(#{groupDesc},''), #{annvrsryDesc})
                    , #{registId}
                    , CURRENT_TIMESTAMP
                    , #{updtId}
                    , CURRENT_TIMESTAMP
                )
    
    </insert>
    
    <!--
        Query ID    : updateCalendarMng
        Description : Work Calendar 수정
    -->
    <update id="updateCalendarMng" parameterType="com.mobis.maps.nmgn.cc.vo.CalendarMngVO">
    
        /* Query ID=com.mobis.maps.cc.service.dao.CalendarMngMDAO.updateCalendarMng */
    
            UPDATE CHNNLDB.T_CALNDR_ANNVRSRY_INFO
                SET   SALES_ORG     = #{salesOrg}                                       /* 조직코드 */
                    , STDYY         = SUBSTRING(#{stddtstr},1,4)                        /* 기준년 */
                    , STDDT         = #{stddtstr}                                       /* 기준일 */
                    , STDLANG       = #{stdlang}                                        /* 기준언어 */
                    , ANNVRSRY_DESC = #{annvrsryDesc}                                   /* 기념일내용 */
                    , GROUP_DESC    = IFNULL(NULLIF(#{groupDesc},''), #{annvrsryDesc})  /* 기념일그룹내용 */
                    , UPDT_ID       = #{updtId}                                         /* 수정자ID */
                    , UPDT_DT       = CURRENT_TIMESTAMP                                 /* 수정일 */
                WHERE 1=1
                  AND DT_SN         = #{dtSn}                                           /* 순번 */
                
    </update>
    
    <!--
        Query ID    : deleteCalendarMng
        Description : Work Calendar 삭제
    -->
    <delete id="deleteCalendarMng" parameterType="com.mobis.maps.nmgn.cc.vo.CalendarMngVO">
    
        /* Query ID=com.mobis.maps.cc.service.dao.CalendarMngMDAO.deleteCalendarMng */
        
                DELETE FROM CHNNLDB.T_CALNDR_ANNVRSRY_INFO
                WHERE 1=1
                   AND DT_SN         = #{dtSn}             /* 순번 */
     </delete>

</mapper>
