<?xml version="1.0" encoding="UTF-8"?>
<!DOCTYPE mapper PUBLIC "-//mybatis.org//DTD Mapper 3.0//EN" "http://mybatis.org/dtd/mybatis-3-mapper.dtd">
<!-- 
    SQL File Name : DistGeneralInfoMDAO_SQL.xml
    Description : DistGeneralInfoMDAO_SQL
    author ha.jeongryeong
    since 2019. 8. 22.
    version 1.0
    Modification Information
       since          author              description
    ===========    =============    ===========================
    2019. 8. 22.     ha.jeongryeong          최초 생성
-->

<mapper namespace="com.mobis.maps.nmgn.cc.service.dao.DistGeneralInfoMDAO">
    <!-- 
        Query ID : selectDistGeneralInfoList
        Description : 조회
     -->
    <select id="selectDistGeneralInfoList"
        parameterType="com.mobis.maps.nmgn.cc.vo.DistGeneralInfoVO" 
        resultType="com.mobis.maps.nmgn.cc.vo.DistGeneralInfoVO">
        /* Query ID=com.mobis.maps.cc.service.dao.DistGeneralInfoMDAO.selectPartsOrderPlanList */ 
        <include refid="com.mobis.maps.cmmn.paging.selectTop"/>
            SELECT * FROM (
            SELECT 
                  ROW_NUMBER() OVER(ORDER BY A.LAND1, A.ZSACUTM, C.SEQ_NUM) AS RNUM 
                  ,A.LAND1 AS NATION_NAME
                  ,A.ZSACUTM AS DIST_CODE
                  ,B.ZKUNAM AS DIST_NAME
                  ,A.STRAS AS ADDRESS
                  ,IFNULL(C.STAFF_NAME, U.USER_NM) AS PERSON
                  ,(SELECT CODE_NM FROM COMNDB.T_MAPS_CODE
                     WHERE CODE_GROUP = 'C000000011'
                       AND CODE = C.CHG_FLAG
                   ) AS POSITION  
                  ,CASE IFNULL(C.SEQ_NUM, 'NULL') WHEN 'NULL' THEN IFNULL(NULLIF(U.MOBLPHON_NO,''),U.OFFM_TELNO) ELSE C.TEL_NUM END AS TEL_NUM
                  ,CASE IFNULL(C.SEQ_NUM, 'NULL') WHEN 'NULL' THEN U.FAX_TELNO ELSE C.FAX_NUM END AS FAX_NUM
                  ,CASE IFNULL(C.SEQ_NUM, 'NULL') WHEN 'NULL' THEN U.EMAIL ELSE C.E_MAIL_ID END AS EMAIL
                  ,A.ZSALES_PER
                  ,(SELECT USER_ENGLISH_NM FROM IAMDB.WF_HISTORY WHERE USER_CURRENT_CODE >'0' AND USER_ID = A.ZSALES_PER LIMIT 0,1) ZSALES_PER_NM
             FROM MAPSDB.ZPSDT1805 A 
                  INNER JOIN MAPSDB.ZPSDT1806 B 
                    ON (A.VKORG = B.VKORG 
                    AND A.ZSACUTM = B.ZKUNNR) 
                  LEFT OUTER JOIN IAMDB.T_USER_MST M
                    ON (M.SYS_SE_CD = 'M' -- MGN
                    AND M.BSN_ORGNZT_CD = A.VKORG
                    AND M.ORGNZT_SE_CD = 'G' -- General Distributor
                    AND M.ORGNZT_CD = A.ZSACUTM
                    AND M.USE_YN = 'Y'
                    AND M.DEL_YN = 'N'
                  )
                  LEFT OUTER JOIN IAMDB.T_USER_BASS_INFO U
                     ON (U.USER_BASS_ID = M.USER_BASS_ID
                  )
                  LEFT OUTER JOIN 
                            (SELECT ROW_NUMBER() OVER (PARTITION BY C.KUNNR, C.E_MAIL_ID ORDER BY C.SEQ_NUM DESC) RNK
                                    ,C.*
                               FROM CHNNLDB.T_DIST_STAFF_INFO C
                              WHERE C.DEL_YN = 'N' ) C
                     ON (A.VKORG = C.VKORG
                     AND A.VTWEG = C.VTWEG
                     AND A.KUNNR = C.KUNNR
                     AND C.RNK = 1
                     AND C.E_MAIL_ID = U.EMAIL
                  )
            WHERE A.KDGRP IN ('13', '14', '15') /* nMGN 대상 대리점 */
              AND IFNULL(NULLIF(B.ZKUNN2,''),B.ZKUNNR) = B.ZKUNNR -- 대표대리점    
              AND A.VKORG = IFNULL(NULLIF(#{iVkorg},''),'1000')
              AND A.VTWEG = IFNULL(NULLIF(#{iVtweg},''),'E')
        <if test='@org.apache.commons.lang3.StringUtils@isNotBlank(iZlregio)'>
              AND A.ZLREGIO = #{iZlregio}
        </if>
        <if test='@org.apache.commons.lang3.StringUtils@isNotBlank(iZmregio)'>
              AND A.ZMREGIO = #{iZmregio}
        </if>
        <if test='@org.apache.commons.lang3.StringUtils@isNotBlank(iZsregio)'>
              AND A.ZSREGIO = #{iZsregio}
        </if>
        <if test='@org.apache.commons.lang3.StringUtils@isNotBlank(iKvgr1)'>
              AND A.KVGR1 = #{iKvgr1}
        </if>
        <if test='@org.apache.commons.lang3.StringUtils@isNotBlank(iZsacutm)'>
              AND A.ZSACUTM LIKE CONCAT(#{iZsacutm}, '%')
        </if>
        <if test='@org.apache.commons.lang3.StringUtils@isNotBlank(iZkunam)'>
              AND B.ZKUNAM LIKE CONCAT('%', #{iZkunam}, '%')
        </if>
        <if test='@org.apache.commons.lang3.StringUtils@isNotBlank(iLand1)'>
              AND A.LAND1 = #{iLand1}
        </if>
           ) A
            WHERE 1=1
        <if test='@org.apache.commons.lang3.StringUtils@isNotBlank(person)'>
              AND A.PERSON LIKE CONCAT('%',#{person},'%')
        </if>
        <if test='@org.apache.commons.lang3.StringUtils@isNotBlank(email)'>
              AND A.EMAIL LIKE CONCAT('%',#{email},'%')
        </if>
            ORDER BY A.RNUM
        <include refid="com.mobis.maps.cmmn.paging.selectBottom"/>          
    </select>
        
</mapper>
