<?xml version="1.0" encoding="UTF-8"?>
<!DOCTYPE mapper PUBLIC "-//mybatis.org//DTD Mapper 3.0//EN" "http://mybatis.org/dtd/mybatis-3-mapper.dtd">
<!-- 
    SQL File Name : DistInfoMDAO_SQL.xml
    Description : DistInfoMDAO_SQL
    author ha.jeongryeong
    since 2019. 8. 22.
    version 1.0
    Modification Information
       since          author              description
    ===========    =============    ===========================
    2019. 8. 22.     ha.jeongryeong          최초 생성
    2020. 3. 27.     ChoKyungHo           To-be 테이블 변경
-->

<mapper namespace="com.mobis.maps.nmgn.cc.service.dao.DistInfoMDAO">
    
    <!-- 
        Query ID : selectDistInfoDetail
        Description : Dist조회
     -->
    <select id="selectDistInfoDetail"
        parameterType="com.mobis.maps.nmgn.cc.vo.DistInfoVO" 
        resultType="com.mobis.maps.nmgn.cc.vo.DistInfoVO">
        /* Query ID=com.mobis.maps.cc.service.dao.DistInfoMDAO.selectDistInfoDetail */
        SELECT 
              A.ZSACUTM 
             ,B.ZKUNAM     
             ,A.STRAS
             ,A.ZBUBIGN
             ,C.FRANCHISE_1 AS FRANCHISE1
             ,C.FRANCHISE_2 AS FRANCHISE2
             ,C.FRANCHISE_3 AS FRANCHISE3
             ,C.FRANCHISE_4 AS FRANCHISE4
             ,A.KUNNR
             ,A.VKORG
             ,A.VTWEG
             ,A.ZSALES_PER
             ,(SELECT USER_ENGLISH_NM FROM IAMDB.WF_HISTORY WHERE USER_CURRENT_CODE >'0' AND USER_ID = A.ZSALES_PER LIMIT 0,1) ZSALES_PER_NM
        FROM MAPSDB.ZPSDT1805 A 
             INNER JOIN MAPSDB.ZPSDT1806 B 
                ON A.VKORG = B.VKORG 
               AND A.ZSACUTM = B.ZKUNNR 
             LEFT OUTER JOIN CHNNLDB.T_DIST_ADD_INFO C 
                ON A.VKORG=C.VKORG
               AND A.VTWEG=C.VTWEG
               AND A.KUNNR=C.KUNNR 
               AND IFNULL(NULLIF(B.ZKUNN2,''),B.ZKUNNR) = B.ZKUNNR -- 대표대리점
        WHERE A.KDGRP IN ('13', '14', '15') /* nMGN 대상 대리점 */
          AND A.ZSACUTM = #{zsacutm}
          AND A.VKORG = #{vkorg}
    </select> 
    
    <!-- 
        Query ID : selectDistStaffInfoList
        Description : Dist조회
     -->
    <select id="selectDistStaffInfoList"
        parameterType="com.mobis.maps.nmgn.cc.vo.DistInfoVO" 
        resultType="com.mobis.maps.nmgn.cc.vo.DistInfoVO">
        /* Query ID=com.mobis.maps.cc.service.dao.DistInfoMDAO.selectDistStaffInfoList */
        <include refid="com.mobis.maps.cmmn.paging.selectTop"/>
        SELECT  ROW_NUMBER() OVER(ORDER BY IFNULL(C.INDICT_ORDR, 99), LPAD(IFNULL(B.SEQ_NUM,M.USER_SEQ_ID),10,'0')) AS RNUM
               ,IFNULL(C.INDICT_ORDR, 99) INDICT_ORDR
               ,CASE IFNULL(B.SEQ_NUM, 'NULL') WHEN 'NULL' THEN 'Y' ELSE 'N' END AS CHK_YN
               ,CASE IFNULL(B.SEQ_NUM, 'NULL') WHEN 'NULL' THEN 'I' ELSE 'N' END AS ROW_SE
               ,A.ZSACUTM AS ZSACUTM
               ,B.CHG_FLAG
               ,B.SEQ_NUM
               ,LPAD(IFNULL(B.SEQ_NUM,M.USER_SEQ_ID),10,'0') AS SEQ_NUM_STR
               ,C.CODE_NM AS CHG_NAME
               ,IFNULL(B.STAFF_NAME, U.USER_NM) AS STAFF_NAME
               ,CASE IFNULL(B.SEQ_NUM, 'NULL') WHEN 'NULL' THEN IFNULL(NULLIF(U.MOBLPHON_NO,''),U.OFFM_TELNO) ELSE B.TEL_NUM END AS TEL_NUM
               ,CASE IFNULL(B.SEQ_NUM, 'NULL') WHEN 'NULL' THEN U.FAX_TELNO ELSE B.FAX_NUM END AS FAX_NUM
               ,CASE IFNULL(B.SEQ_NUM, 'NULL') WHEN 'NULL' THEN U.EMAIL ELSE B.E_MAIL_ID END AS EMAIL
               ,B.E_MAIL_RECV AS EMAIL_RECV
          FROM  MAPSDB.ZPSDT1805 A
                INNER JOIN IAMDB.T_USER_MST M
                  ON (M.SYS_SE_CD = 'M' -- MGN
                  AND M.BSN_ORGNZT_CD = A.VKORG
                  AND M.ORGNZT_SE_CD = 'G' -- General Distributor
                  AND M.ORGNZT_CD = A.ZSACUTM
                  AND M.USE_YN = 'Y'
                  AND M.DEL_YN = 'N'
                )
                INNER JOIN IAMDB.T_USER_BASS_INFO U
                   ON (U.USER_BASS_ID = M.USER_BASS_ID
                )
                LEFT OUTER JOIN 
                          (SELECT ROW_NUMBER() OVER (PARTITION BY X.KUNNR, X.E_MAIL_ID ORDER BY X.SEQ_NUM DESC) RNK
                                  ,X.*
                             FROM CHNNLDB.T_DIST_STAFF_INFO X
                            WHERE X.DEL_YN = 'N' ) B
                   ON (A.VKORG = B.VKORG
                   AND A.VTWEG = B.VTWEG
                   AND A.KUNNR = B.KUNNR
                   AND B.RNK = 1
                   AND B.E_MAIL_ID = U.EMAIL
                )
                LEFT OUTER JOIN COMNDB.T_MAPS_CODE C
                  ON (C.CODE_GROUP = 'C000000011'
                  AND C.CODE = B.CHG_FLAG
                )
         WHERE  A.ZSACUTM = #{zsacutm}
           AND  A.VKORG = #{vkorg}
        <include refid="com.mobis.maps.cmmn.paging.selectBottom"/>
    </select> 
    
    <!-- 
        Query ID : selectChgNameList
        Description : Charge Name 조회
     -->
    <select id="selectChgNameList"
        resultType="com.mobis.maps.nmgn.cc.vo.CodeNameVO">
        /* Query ID=com.mobis.maps.cc.service.dao.DistInfoMDAO.selectChgNameList */
         SELECT CODE    AS CODE
          ,CODE_NM      AS CODENM
        FROM COMNDB.T_MAPS_CODE
        WHERE CODE_GROUP = 'C000000011'   
        ORDER BY INDICT_ORDR
    </select>  
    
    <!--
        Query ID: updateDistDetailInfo
        commentription: 등록
    -->
    <update id="updateDistDetailInfo" 
        parameterType="com.mobis.maps.nmgn.cc.vo.DistInfoVO">
        /* Query ID=com.mobis.maps.cc.service.dao.PartsOrderPlanDAO.updateDistDetailInfo */  
       INSERT INTO CHNNLDB.T_DIST_ADD_INFO 
       (VKORG, VTWEG, KUNNR, FRANCHISE_1, FRANCHISE_2, FRANCHISE_3, FRANCHISE_4, REGIST_ID, REGIST_DT)
       VALUES
       (#{vkorg},#{vtweg},#{kunnr},#{franchise1},#{franchise2},#{franchise3},#{franchise4},#{uname},SYSDATE())
       ON DUPLICATE KEY
       UPDATE FRANCHISE_1  = #{franchise1}
              ,FRANCHISE_2 = #{franchise2}
              ,FRANCHISE_3 = #{franchise3}
              ,FRANCHISE_4 = #{franchise4}
              ,UPDT_ID     = #{uname}
              ,UPDT_DT     = SYSDATE()
    </update>
    
    <!--
        Query ID: deleteDistStaffInfo
        commentription: 삭제(staff)
    -->
    <update id="deleteDistStaffInfo" 
        parameterType="com.mobis.maps.nmgn.cc.vo.DistInfoVO">
        /* Query ID=com.mobis.maps.cc.service.dao.PartsOrderPlanDAO.deleteDistStaffInfo */ 
        UPDATE CHNNLDB.T_DIST_STAFF_INFO
           SET 
               DEL_YN   = 'Y',
               UPDT_ID  = #{uname},
               UPDT_DT  = SYSDATE()
        WHERE KUNNR   = #{kunnr}
          and VKORG   = #{vkorg}
          and VTWEG   = #{vtweg}
          and SEQ_NUM = #{seqNum}
    </update> 
    
    <!--
        Query ID: updateDistStaffInfo
        commentription: 수정(staff)
    -->
    <update id="updateDistStaffInfo" 
        parameterType="com.mobis.maps.nmgn.cc.vo.DistInfoVO">
        /* Query ID=com.mobis.maps.cc.service.dao.PartsOrderPlanDAO.updateDistStaffInfo */ 
        UPDATE CHNNLDB.T_DIST_STAFF_INFO
        SET
            CHG_FLAG    =  #{chgFlag},
            STAFF_NAME  =  #{staffName},
            TEL_NUM     =  #{telNum},
            FAX_NUM     =  #{faxNum},
            E_MAIL_ID   =  #{email},
            E_MAIL_RECV =  #{emailRecv},
            STAFF_PHOTO =  #{staffPhoto},
            UPDT_ID     =  #{uname},
            UPDT_DT     =  SYSDATE()
        WHERE KUNNR = #{kunnr} 
          and VKORG = #{vkorg} 
          and VTWEG = #{vtweg}
          and SEQ_NUM = #{seqNum}
    </update> 
    
    <!--
        Query ID: insertDistStaffInfo
        commentription: 등록(staff)
    -->
    <insert id="insertDistStaffInfo" 
        parameterType="com.mobis.maps.nmgn.cc.vo.DistInfoVO">
        /* Query ID=com.mobis.maps.cc.service.dao.PartsOrderPlanDAO.insertDistStaffInfo */ 
        INSERT INTO CHNNLDB.T_DIST_STAFF_INFO
        (
            VKORG,
            VTWEG,
            KUNNR,
            CHG_FLAG,
            ID_FLAG,
            STAFF_NAME,
            TEL_NUM,
            FAX_NUM,
            E_MAIL_ID,
            E_MAIL_RECV,
            STAFF_PHOTO,
            UPDT_ID,
            UPDT_DT,
            REGIST_ID,
            REGIST_DT            
        )
        VALUES
        (
            #{vkorg},
            #{vtweg},
            #{kunnr},
            #{chgFlag},
            #{idFlag},
            #{staffName},
            #{telNum},
            #{faxNum},
            #{email},
            #{emailRecv},
            #{staffPhoto},
            #{uname},
            SYSDATE(),
            #{uname},
            SYSDATE()
        )
        <selectKey resultType="int" keyProperty="seqNum" order="AFTER">
            SELECT LAST_INSERT_ID()
        </selectKey>    
    </insert>  
    
    <!--
        Query ID: updateDistStaffInfo
        commentription: 사진추가(staff)
    -->
    <update id="updateDistStaffPhotoYn" 
        parameterType="com.mobis.maps.nmgn.cc.vo.DistInfoVO">
        /* Query ID=com.mobis.maps.cc.service.dao.PartsOrderPlanDAO.updateDistStaffPhotoYn */ 
        UPDATE CHNNLDB.T_DIST_STAFF_INFO
           SET STAFF_PHOTO = 'Y'
         WHERE KUNNR = #{kunnr} 
           and VKORG = #{vkorg} 
           and VTWEG = #{vtweg}
           and SEQ_NUM = #{seqNum} 
    </update> 
</mapper>
