<?xml version="1.0" encoding="UTF-8"?>
<!DOCTYPE mapper PUBLIC "-//mybatis.org//DTD Mapper 3.0//EN" "http://mybatis.org/dtd/mybatis-3-mapper.dtd" >
<!--
	SQL File Name : DistSearchMDAO_SQL.xml
	Description : 대리점 검색
	author hong.minho
	since 2020. 03. 13.
	version 1.0
	Modification Information
		since        author            description
	===========    =============    ===========================
	2020. 03. 13.		hong.minho 		   최초 생성
-->

<mapper namespace="com.mobis.maps.nmgn.cc.service.dao.DistSearchMDAO">

    <!-- 
        Query ID : selectDistSearch
        Description : 대리점검색
     -->
    <select id="selectDistSearch"
        parameterType="com.mobis.maps.nmgn.cc.vo.DistSearchVO" 
        resultType="com.mobis.maps.nmgn.cc.vo.DistSearchVO">
        /* Query ID=com.mobis.maps.nmgn.cc.service.dao.DistSearchMDAO.selectDistSearch */ 
        <include refid="com.mobis.maps.cmmn.paging.selectTop"/>
        SELECT 
               ROW_NUMBER() OVER(ORDER BY IFNULL(NULLIF(B.ZKUNN2,''),A.ZSACUTM)
                                         ,CASE WHEN NULLIF(B.ZKUNN2,'') IS NULL THEN 'Y' ELSE 'N' END DESC
                                         ,B.ZKUNAM, A.ZSACUTM) AS RNUM
              ,CASE WHEN NULLIF(B.ZKUNN2,'') IS NULL THEN 'Y' ELSE 'N' END AS REF_YN
              ,IFNULL(NULLIF(B.ZKUNN2,''),A.ZSACUTM) AS REF_SACUTM
              ,B.ZKUNAM, A.ZSACUTM
              ,A.VKORG, A.VTWEG, A.KUNNR, A.VKBUR
              ,A.ZLREGIO, A.ZMREGIO, A.ZSREGIO, A.ZACTNO, A.ZCUSTAT
              ,A.LAND1, A.KVGR1
              ,A.ORT01, A.STRAS, A.PSTLZ
              ,A.ZEMAIL, A.ZPAMRE
              ,A.WAERS
              ,A.PLTYP
          FROM MAPSDB.ZPSDT1805 A
              ,MAPSDB.ZPSDT1806 B
         WHERE B.VKORG = A.VKORG 
           AND B.ZKUNNR = A.ZSACUTM 
           AND A.KDGRP IN ('13', '14', '15') /* nMGN 대상 대리점 */
        <if test='@org.apache.commons.lang3.StringUtils@isNotBlank(vkorg)'>
           AND A.VKORG = #{vkorg}
        </if>
        <if test='@org.apache.commons.lang3.StringUtils@isNotBlank(kvgr1)'>
           AND A.KVGR1 = #{kvgr1}
        </if>
        <if test='@org.apache.commons.lang3.StringUtils@isNotBlank(zlregio)'>
           AND A.ZLREGIO = #{zlregio}
        </if>
        <if test='@org.apache.commons.lang3.StringUtils@isNotBlank(zmregio)'>
           AND A.ZMREGIO = #{zmregio}
        </if>
        <if test='@org.apache.commons.lang3.StringUtils@isNotBlank(zsregio)'>
           AND A.ZSREGIO = #{zsregio}
        </if>
        <if test='@org.apache.commons.lang3.StringUtils@isNotBlank(land1)'>
           AND A.LAND1 = #{land1}
        </if>
        <if test='@org.apache.commons.lang3.StringUtils@isNotBlank(zsacutm)'>
           AND A.ZSACUTM LIKE CONCAT(#{zsacutm}, '%')
        </if>
        <if test='@org.apache.commons.lang3.StringUtils@isNotBlank(zkunam)'>
           AND B.ZKUNAM LIKE CONCAT('%', #{zkunam}, '%')
        </if>
        <if test='refYn == "Y"'>
           AND IFNULL(NULLIF(B.ZKUNN2,''),B.ZKUNNR) = B.ZKUNNR -- 대표대리점만
        </if>
        <include refid="com.mobis.maps.cmmn.paging.selectBottom"/>
    </select>



    <!-- 
        Query ID : selectDistInfo
        Description : 대리점정보조회
     -->
    <select id="selectDistInfo"
        parameterType="com.mobis.maps.nmgn.cc.vo.DistSearchVO" 
        resultType="com.mobis.maps.nmgn.cc.vo.DistSearchVO">
        /* Query ID=com.mobis.maps.nmgn.cc.service.dao.DistSearchMDAO.selectDistInfo */ 
        SELECT CASE WHEN NULLIF(B.ZKUNN2,'') IS NULL THEN 'Y' ELSE 'N' END AS REF_YN
              ,IFNULL(NULLIF(B.ZKUNN2,''),A.ZSACUTM) AS REF_SACUTM
              ,B.ZKUNAM, A.ZSACUTM
              ,A.VKORG, A.VTWEG, A.KUNNR, A.VKBUR
              ,A.ZLREGIO, A.ZMREGIO, A.ZSREGIO, A.ZACTNO, A.ZCUSTAT
              ,A.LAND1, A.KVGR1
              ,A.ORT01, A.STRAS, A.PSTLZ
              ,A.ZEMAIL, A.ZPAMRE
              ,A.WAERS
              ,A.PLTYP
          FROM MAPSDB.ZPSDT1805 A
              ,MAPSDB.ZPSDT1806 B
         WHERE B.VKORG = A.VKORG 
           AND B.ZKUNNR = A.ZSACUTM 
           AND A.ZSACUTM = #{zsacutm}
           AND A.VKORG = #{vkorg}
    </select>




    <!-- 
        Query ID : selectSubDistLst
        Description : 하위대리점 조회 (대표대리점의 경우)
     -->
    <select id="selectSubDistLst"
        parameterType="com.mobis.maps.nmgn.cc.vo.DistSearchVO" 
        resultType="com.mobis.maps.nmgn.cc.vo.DistSearchVO">
        /* Query ID=com.mobis.maps.nmgn.cc.service.dao.DistSearchMDAO.selectSubDistLst */ 
        SELECT
                CASE WHEN B.KUNNR = IFNULL(NULLIF(A.ZKUNN2,''), A.ZKUNNR) THEN 'Y' ELSE 'N' END AS REF_YN  -- 대표대리점여부
             ,  IFNULL(NULLIF(A.ZKUNN2,''), A.ZKUNNR) AS REF_SACUTM  -- 대표대리점
             ,  A.ZKUNAM
             ,  B.KUNNR AS ZSACUTM 
             ,  B.VKORG
             ,  B.VTWEG
             ,  B.LAND1
             ,  B.KVGR1
             ,  CONCAT(B.KUNNR, ' : ', A.ZKUNAM) AS DIST_DESC
          FROM  MAPSDB.ZPSDT1806 A
             ,  MAPSDB.ZPSDT1805 B
         WHERE  B.VKORG = A.VKORG
           AND  B.KUNNR = A.ZKUNNR
           AND  B.VTWEG = #{vtweg}  -- PARAM
           AND  A.VKORG = #{vkorg}  -- PARAM
           AND (A.ZKUNN2 = #{zsacutm} OR A.ZKUNNR = #{zsacutm}) -- PARAM
         ORDER  BY 1 DESC, B.VKORG, B.KUNNR
    </select>


</mapper>