<?xml version="1.0" encoding="UTF-8"?>
<!DOCTYPE mapper PUBLIC "-//mybatis.org//DTD Mapper 3.0//EN" "http://mybatis.org/dtd/mybatis-3-mapper.dtd" >
<!--
	SQL File Name : DistMailingMgrMDAO_SQL.xml
	Description : 대리점 직원 메일링 주소조회
	author hong.minho
	since 2020. 04. 14.
	version 1.0
	Modification Information
		since        author            description
	===========    =============    ===========================
	2020. 04. 14.		hong.minho 		   최초 생성
-->

<mapper namespace="com.mobis.maps.nmgn.cc.service.dao.DistMailingMgrMDAO">
    <!--
        Query ID    : selectMailingLst
        Description : 메일링목록조회
    -->
    <select id="selectMailingLst" parameterType="com.mobis.maps.nmgn.cc.vo.MailingVO" 
            resultType="com.mobis.maps.nmgn.cc.vo.MailingVO">
        /* Query ID=com.mobis.maps.nmgn.cc.service.dao.DistMailingMgrMDAO.selectMailingLst */
        SELECT A.KUNNR
              ,A.VKORG
              ,A.VTWEG
              ,A.ZSACUTM
              ,B.ZKUNAM
              ,A.ZLREGIO
              ,A.ZMREGIO
              ,A.ZSREGIO
              ,A.LAND1
              ,A.KVGR1
              ,C.STAFF_NAME STFFNM
              ,C.E_MAIL_ID EMLID
          FROM MAPSDB.ZPSDT1805 A 
               INNER JOIN MAPSDB.ZPSDT1806 B 
                 ON (A.VKORG = B.VKORG 
                 AND A.ZSACUTM = B.ZKUNNR) 
               LEFT OUTER JOIN IAMDB.T_USER_MST M
                 ON (M.SYS_SE_CD = 'M' -- MGN
                 AND M.BSN_ORGNZT_CD = A.VKORG
                 AND M.ORGNZT_SE_CD = 'G' -- General Distributor
                 AND M.ORGNZT_CD = A.ZSACUTM
                 AND M.USE_YN = 'Y'
                 AND M.DEL_YN = 'N'
               )
               LEFT OUTER JOIN IAMDB.T_USER_BASS_INFO U
                 ON (U.USER_BASS_ID = M.USER_BASS_ID
               )
               LEFT OUTER JOIN 
                         (SELECT ROW_NUMBER() OVER (PARTITION BY C.KUNNR, C.E_MAIL_ID ORDER BY C.SEQ_NUM DESC) RNK
                                 ,C.*
                            FROM CHNNLDB.T_DIST_STAFF_INFO C
                           WHERE C.DEL_YN = 'N' ) C
                 ON (A.VKORG = C.VKORG
                 AND A.VTWEG = C.VTWEG
                 AND A.KUNNR = C.KUNNR
                 AND C.RNK = 1
                 AND C.E_MAIL_ID = U.EMAIL
               )
         WHERE A.KDGRP IN ('13', '14', '15') /* nMGN 대상 대리점 */
           AND NULLIF(C.E_MAIL_ID,'') IS NOT NULL
           AND A.ZLREGIO = IFNULL(NULLIF(#{izlregio},''),A.ZLREGIO)
           AND A.ZMREGIO = IFNULL(NULLIF(#{izmregio},''),A.ZMREGIO)
           AND A.ZSREGIO = IFNULL(NULLIF(#{izsregio},''),A.ZSREGIO)
           AND A.LAND1 = IFNULL(NULLIF(#{iland1},''),A.LAND1)
           AND A.KVGR1 = IFNULL(NULLIF(#{kvgr1},''),A.KVGR1)
           AND (C.E_MAIL_RECV = 'ALL'
        <if test="emltps.size != 0">
                OR
            <foreach collection="emltps" item="item"  open="(" close=")" separator="or">                 
                C.E_MAIL_RECV LIKE CONCAT('%',#{item},'%')
            </foreach>
        </if>
               )
        <if test="ikunnrs.size != 0">
           AND (
               A.KUNNR IN
            <foreach collection="ikunnrs" item="item"  open="(" close=")" separator=",">                 
                #{item}
            </foreach>
            <if test="includeSubDist == true">
                OR
               B.ZKUNN2 IN
                <foreach collection="ikunnrs" item="item"  open="(" close=")" separator=",">                 
                #{item}
                </foreach>
            </if>
               )
        </if>
         ORDER BY 2, 3, 6, 7, 8, 9, 4, 10 
    </select>
</mapper>