<?xml version="1.0" encoding="UTF-8"?>
<!DOCTYPE mapper PUBLIC "-//mybatis.org//DTD Mapper 3.0//EN" "http://mybatis.org/dtd/mybatis-3-mapper.dtd">
<!-- 
    SQL File Name : xmlname.xm 
    Description : 설명을 기술합니다.
    author Jiyongdo
    since 2019. 10. 22.
    version 1.0
    Modification Information
       since          author              description
    ===========    =============    ===========================
    2019. 10. 22.     Jiyongdo  		   최초 생성
-->

<mapper namespace="com.mobis.maps.nmgn.cc.service.dao.DistributorPartsOperationManualMDAO">

    <!--
        Query ID    : selectDpomList
        Description : 리스트 조회
    -->
    <select id="selectDpomList" parameterType="com.mobis.maps.nmgn.cc.vo.DpomManualVO" resultType="com.mobis.maps.nmgn.cc.vo.DpomManualVO">
        /* Query ID=com.mobis.maps.cc.service.dao.DistributorPartsOperationManualMDAO.selectDpomList */
        <include refid="com.mobis.maps.cmmn.paging.selectTop"/>
         SELECT  ROW_NUMBER() OVER(ORDER BY T1.DOC_NO DESC) AS RNUM
                ,T1.DOC_NO
                ,T1.CMPNY_SE_CD
                ,T1.SJ
                ,T1.ATCHMNFL_TY
                ,T1.DEL_YN          /* 삭제여부 */
                ,T1.REGIST_ID  AS DPOM_REGIST_ID     /* 등록자ID */
                ,T1.REGIST_DT  AS DPOM_REGIST_DT     /* 등록자ID */
                ,T1.UPDT_ID         /* 수정자ID */
                ,T1.SALES_ORG
                ,T1.RCNT
                ,(SELECT B.ORGINL_FILE_NM
                    FROM COMNDB.T_ATCH_FILE_INFO B
                   WHERE B.ATCH_SE = 'NMGN006'
                     AND B.ATCH_ID = T1.DOC_NO
                     LIMIT  1) AS ATCHMNFL_NM                 
                ,(SELECT COUNT(1)
                    FROM COMNDB.T_ATCH_FILE_INFO B
                   WHERE B.ATCH_SE = 'NMGN006'
                     AND B.ATCH_ID = T1.DOC_NO) AS FILE_CNT                
        FROM CHNNLDB.T_DPOM_INFO T1
        WHERE 1=1
          AND T1.DEL_YN = 'N'   
          AND T1.SALES_ORG = #{salesOrg}
        <if test='pCmpnySeCd != "*"'>
          AND T1.CMPNY_SE_CD = #{pCmpnySeCd}
        </if>
        <if test="pSj != null and pSj != ''">
          AND T1.SJ LIKE CONCAT('%', #{pSj}, '%')
        </if>
          ORDER BY T1.REGIST_DT DESC
        <include refid="com.mobis.maps.cmmn.paging.selectBottom"/>
    </select>
    
    <!--
        Query ID: deleteDpomList
        commentription: 게시글을 삭제한다.
    -->
    <update id="deleteDpomList" parameterType="com.mobis.maps.nmgn.cc.vo.DpomManualVO">
    /* Query ID=com.mobis.maps.cc.service.dao.DistributorPartsOperationManualMDAO.deleteDpomList */ 
    <![CDATA[
        UPDATE CHNNLDB.T_DPOM_INFO T1
           SET T1.DEL_YN = 'Y',
               T1.UPDT_DT   = CURRENT_TIMESTAMP,
               T1.UPDT_ID   = #{updtId}  
         WHERE 1=1
           AND T1.DOC_NO = #{docNo}
    ]]> 
    </update>       
    
    <!--
        Query ID    : selectDpomEditList
        Description : 에디트 조회
    -->
    <select id="selectDpomEditList" parameterType="com.mobis.maps.nmgn.cc.vo.DpomManualVO" resultType="com.mobis.maps.nmgn.cc.vo.DpomManualVO">
        /* Query ID=com.mobis.maps.cc.service.dao.DistributorPartsOperationManualMDAO.selectDpomEditList */
         SELECT  T1.DOC_NO
                ,T1.CMPNY_SE_CD
                ,T1.SJ
                ,T1.ATCHMNFL_NM
                ,T1.ATCHMNFL_TY
                ,T1.REGIST_ID  AS DPOM_REGIST_ID     /* 등록자ID */
                ,T1.REGIST_DT  AS DPOM_REGIST_DT     /* 등록자ID */
                ,T1.UPDT_ID         /* 수정자ID */
                ,T1.SALES_ORG
                ,T1.RCNT
        FROM CHNNLDB.T_DPOM_INFO T1
        WHERE 1=1
          AND T1.DOC_NO = #{docNo}
    </select>
    
    <!--
        Query ID: deleteDpom
        commentription: 게시글을 삭제한다.
    -->
    <update id="deleteDpom" parameterType="com.mobis.maps.nmgn.cc.vo.DpomManualVO">
    /* Query ID=com.mobis.maps.cc.service.dao.DistributorPartsOperationManualMDAO.deleteDpom */ 
    <![CDATA[
        UPDATE CHNNLDB.T_DPOM_INFO T1
           SET T1.DEL_YN = 'Y',
               T1.UPDT_DT   = CURRENT_TIMESTAMP,
               T1.UPDT_ID   = #{updtId},  
               T1.ATCHMNFL_NM   = '',         /* 첨부파일명 */
               T1.ATCHMNFL_TY   = ''          /* 첨부파일타입 */               
         WHERE 1=1
           AND T1.DOC_NO = #{docNo}
    ]]> 
    </update>    
    
    <!--
        Query ID: updateDpom
        commentription: 게시글을 수정한다.
    -->
    <update id="updateDpom" parameterType="com.mobis.maps.nmgn.cc.vo.DpomManualVO">
    /* Query ID=com.mobis.maps.cc.service.dao.DistributorPartsOperationManualMDAO.updateDpom */ 
    <![CDATA[
     UPDATE CHNNLDB.T_DPOM_INFO
        SET   CMPNY_SE_CD   = #{cmpnySeCd}          /* 회사구분 */
            , SJ            = #{sj}                 /* 제목 */
            , ATCHMNFL_NM   = #{atchmnflNm}         /* 첨부파일명 */
            , ATCHMNFL_TY   = #{atchmnflTy}         /* 첨부파일타입 */
            , UPDT_ID       = #{updtId}             /* 수정자ID */
            , UPDT_DT       = CURRENT_TIMESTAMP     /* 수정일시 */
        WHERE 1=1
           AND DOC_NO = #{docNo}
    ]]> 
    </update>      
    
    <!--
        Query ID    : insertDpom
        Description : 등록
    -->
    <insert id="insertDpom" parameterType="com.mobis.maps.nmgn.cc.vo.FaqMnlManageVO" useGeneratedKeys="true" keyProperty="docNo">
          /* Query ID=com.mobis.maps.cc.service.dao.DistributorPartsOperationManualMDAO.insertDpom */
        <selectKey keyProperty="docNo" resultType="string" order="BEFORE">      
         SELECT CONCAT('D', LPAD(NVL(MID(MAX(DOC_NO), 2, 13), 0) + 1, 13, '0')) AS DOC_NO
           FROM CHNNLDB.T_DPOM_INFO
        </selectKey>
        INSERT INTO CHNNLDB.T_DPOM_INFO (
              DOC_NO        /* 문서번호 */
            , CMPNY_SE_CD   /* 회사구분 */
            , SJ            /* 제목 */
            , ATCHMNFL_NM   /* 첨부파일명 */
            , ATCHMNFL_TY   /* 첨부파일타입 */
            , DEL_YN        /* 삭제여부 */
            , REGIST_ID     /* 등록자ID */
            , REGIST_DT     /* 등록일시 */
            , UPDT_ID       /* 수정자ID */
            , UPDT_DT       /* 수정일시 */
            , SALES_ORG     /* 조직코드 */
        ) VALUES (
              #{docNo}              /* 문서번호 */
            , #{cmpnySeCd}          /* 회사구분 */
            , #{sj}                 /* 제목 */
            , #{atchmnflNm}         /* 첨부파일명 */
            , #{atchmnflTy}         /* 첨부파일타입 */
            , IFNULL(#{delYn}, 'N') /* 삭제여부 */
            , #{registId}           /* 등록자ID */
            , CURRENT_TIMESTAMP     /* 등록일시 */
            , #{updtId}             /* 수정자ID */
            , CURRENT_TIMESTAMP     /* 수정일시 */
            , #{salesOrg}           /* 조직코드 */
        )   
    </insert>     
    
    <!--
        Query ID    : deleteAtchFileAll
        Description : 첨부파일 삭제(전체)
    -->
    <delete id="deleteAtchFileAll" parameterType="com.mobis.maps.cmmn.vo.MapsAtchFileVO">
        /* Query ID=com.mobis.maps.comm.service.dao.MapsCommAtchFileMDAO.deleteAtchFileAll */
        DELETE
        FROM  COMNDB.T_ATCH_FILE_INFO
        WHERE ATCH_SE = #{atchSe}
        AND   ATCH_ID = #{atchId}
    </delete>   
    
    <!--
        Query ID: updateDpomRdCnt
        commentription: 조회수를 수정한다.
    -->
    <update id="updateDpomRdCnt" parameterType="com.mobis.maps.nmgn.cc.vo.DpomManualVO">
    /* Query ID=com.mobis.maps.nmgn.cc.service.dao.distributorPartsOperationManualMDAO.updateDpomRdCnt */ 
        UPDATE CHNNLDB.T_DPOM_INFO SET RCNT=RCNT+1
         WHERE 1=1
           AND DOC_NO = #{docNo}         
    <selectKey keyProperty="rcnt" resultType="int" order="AFTER">
        SELECT RCNT AS rcnt
          FROM CHNNLDB.T_DPOM_INFO
         WHERE 1=1
           AND DOC_NO = #{docNo}
    </selectKey>    
    </update>      
</mapper>
