<?xml version="1.0" encoding="UTF-8" ?>
<!DOCTYPE mapper PUBLIC "-//mybatis.org//DTD Mapper 3.0//EN" "http://mybatis.org/dtd/mybatis-3-mapper.dtd">
<!--
    SQL File Name : FaqMnlManageDAO_SQL.xml
 * @Description   : FAQ & DPOM 관리
 * @author        : choi.cheolho
 * @since         : 2019.10.22.
 * @version       : 1.0
 * @see
 * @Modification Information
 * <pre>
 *     since          author              description
 *  ===========    =============    ===========================
 *  2019.10.22.    choi.cheolho         최초 생성
 * </pre>
-->

<mapper namespace="com.mobis.maps.nmgn.cc.service.dao.FaqMnlManageMDAO">
    <!--
        Query ID    : selectFaqList
        Description : 리스트 조회
    -->
    <select id="selectFaqList" parameterType="com.mobis.maps.nmgn.cc.vo.FaqMnlManageVO" resultType="com.mobis.maps.nmgn.cc.vo.FaqMnlManageVO">
        /* Query ID=com.mobis.maps.cc.service.dao.FaqMnlManageMDAO.selectFaqList */
        <include refid="com.mobis.maps.cmmn.paging.selectTop"/>
         SELECT  ROW_NUMBER() OVER(ORDER BY T1.INDICT_ORDR, T1.DOC_NO) AS RNUM
                ,T1.DOC_NO
                ,T1.CMPNY_SE_CD
                ,T1.CL_CD
                ,(SELECT CODE_NM 
                    FROM COMNDB.T_MAPS_CODE T2 
                   WHERE T2.CODE = T1.CL_CD 
                     AND T2.CODE_GROUP = 'M000000004') AS CL_NM
                ,T1.SJ
                ,T1.CN
                ,T1.ATCHMNFL_NM
                ,T1.ATCHMNFL_TY
                ,T1.DEL_YN          /* 삭제여부 */
                ,T1.REGIST_ID       /* 등록자ID */
                ,T1.REGIST_DT       /* 등록자ID */
                ,T1.UPDT_ID         /* 수정자ID */
                ,T1.SALES_ORG
                ,T1.INDICT_ORDR
        FROM CHNNLDB.T_FAQ_MNL_MANAGE T1
        WHERE 1=1
          AND T1.DEL_YN  = 'N'
          AND T1.SALES_ORG = #{salesOrg}
        <if test='pCmpnySeCd != "*"'>
          AND T1.CMPNY_SE_CD = #{pCmpnySeCd}
        </if>
        <if test='pClCd != "*"'>
          AND T1.CL_CD = #{pClCd}
        </if>  
        <if test="pSj != null and pSj != ''">
          AND T1.SJ LIKE CONCAT('%', #{pSj}, '%')
        </if>
        <include refid="com.mobis.maps.cmmn.paging.selectBottom"/>
    </select>
    
    <!--
        Query ID    : selectFaqEditList
        Description : 상세 조회
    -->
    <select id="selectFaqEditList" parameterType="com.mobis.maps.nmgn.cc.vo.FaqMnlManageVO" resultType="com.mobis.maps.nmgn.cc.vo.FaqMnlManageVO">
        /* Query ID=com.mobis.maps.cc.service.dao.FaqMnlManageMDAO.selectFaqEditList */
         SELECT  T1.DOC_NO
                ,T1.CMPNY_SE_CD
                ,T1.CL_CD
                ,(SELECT CODE_NM 
                    FROM COMNDB.T_MAPS_CODE T2 
                   WHERE T2.CODE = T1.CL_CD 
                     AND T2.CODE_GROUP = 'M000000004') AS CL_NM
                ,T1.SJ
                ,T1.CN
                ,T1.ATCHMNFL_NM
                ,T1.ATCHMNFL_TY
                ,T1.DEL_YN          /* 삭제여부 */
                ,T1.REGIST_ID       /* 등록자ID */
                ,T1.REGIST_DT       /* 등록자ID */
                ,T1.UPDT_ID         /* 수정자ID */
                ,T1.SALES_ORG
                ,T1.INDICT_ORDR
        FROM CHNNLDB.T_FAQ_MNL_MANAGE T1
        WHERE 1=1
          AND T1.CMPNY_SE_CD = #{pCmpnySeCd}
          AND T1.DOC_NO = #{docNo}
    </select>    

    <!--
        Query ID    : insertFaqManage
        Description : 등록
    -->
    <insert id="insertFaqManage" parameterType="com.mobis.maps.nmgn.cc.vo.FaqMnlManageVO">
          /* Query ID=com.mobis.maps.cc.service.dao.FaqMnlManageMDAO.insertFaqManage */
        <selectKey keyProperty="docNo" resultType="string" order="BEFORE">      
         SELECT CONCAT('F', LPAD(NVL(MID(MAX(DOC_NO), 2, 13), 0) + 1, 13, '0')) AS DOC_NO
           FROM CHNNLDB.T_FAQ_MNL_MANAGE
        </selectKey>
        INSERT INTO CHNNLDB.T_FAQ_MNL_MANAGE (
              DOC_NO        /* 문서번호 */
            , CMPNY_SE_CD   /* 회사구분 */
            , CL_CD         /* 분류(카테고리)코드 */
            , SJ            /* 제목 */
            , CN            /* 내용 */
            , ATCHMNFL_NM   /* 첨부파일명 */
            , ATCHMNFL_TY   /* 첨부파일타입 */
            , DEL_YN        /* 삭제여부 */
            , REGIST_ID     /* 등록자ID */
            , REGIST_DT     /* 등록일시 */
            , UPDT_ID       /* 수정자ID */
            , UPDT_DT       /* 수정일시 */
            , SALES_ORG
            , INDICT_ORDR   /* 순번 */
        ) VALUES (
              #{docNo}              /* 문서번호 */
            , #{cmpnySeCd}          /* 회사구분 */
            , #{clCd}               /* 분류(카테고리)코드 */
            , #{sj}                 /* 제목 */
            , #{cn}                 /* 내용 */
            , #{atchmnflNm}         /* 첨부파일명 */
            , #{atchmnflTy}         /* 첨부파일타입 */
            , IFNULL(#{delYn}, 'N') /* 삭제여부 */
            , #{registId}           /* 등록자ID */
            , CURRENT_TIMESTAMP     /* 등록일시 */
            , #{updtId}             /* 수정자ID */
            , CURRENT_TIMESTAMP     /* 수정일시 */
            , #{salesOrg}
            , IFNULL(#{indictOrdr}, 1000)         /* 순번 */
        )
    </insert>
    
    <!--
        Query ID    : updateFaqManage
        Description : 수정
    -->
    <update id="updateFaqManage" parameterType="com.mobis.maps.nmgn.cc.vo.FaqMnlManageVO">
        /* Query ID=com.mobis.maps.cc.service.dao.FaqMnlManageMDAO.updateFaqManage */
     UPDATE CHNNLDB.T_FAQ_MNL_MANAGE
        SET   
              CMPNY_SE_CD   = #{cmpnySeCd}          /* 회사구분 */
            , CL_CD         = #{clCd}               /* 분류(카테고리)코드 */
            , SJ            = #{sj}                 /* 제목 */
            , CN            = #{cn}                 /* 내용 */
            , ATCHMNFL_NM   = #{atchmnflNm}         /* 첨부파일명 */
            , ATCHMNFL_TY   = #{atchmnflTy}         /* 첨부파일타입 */
            , DEL_YN        = IFNULL(#{delYn}, 'N') /* 삭제여부 */
            , UPDT_ID       = #{updtId}             /* 수정자ID */
            , UPDT_DT       = CURRENT_TIMESTAMP     /* 수정일시 */
            , SALES_ORG     = #{salesOrg}
            , INDICT_ORDR   = IFNULL(#{indictOrdr}, 1000)          /* 순번 */
        WHERE DOC_NO        = #{docNo}               /* 문서번호 */
    </update>

    <!--
        Query ID    : deleteFaqManage
        Description : 삭제
    -->
    <delete id="deleteFaqManage" parameterType="com.mobis.maps.nmgn.cc.vo.FaqMnlManageVO">
       /* Query ID=com.mobis.maps.cc.service.dao.FaqMnlManageMDAO.deleteFaqManage */
         UPDATE CHNNLDB.T_FAQ_MNL_MANAGE
            SET   DEL_YN        = 'Y'                    /* 삭제여부 */
                , UPDT_ID       = #{updtId}              /* 수정자ID */
                , UPDT_DT       = CURRENT_TIMESTAMP      /* 수정일시 */
            WHERE 1=1
              AND DOC_NO = #{docNo}
    </delete>
</mapper>