<?xml version="1.0" encoding="UTF-8"?>
<!DOCTYPE mapper PUBLIC "-//mybatis.org//DTD Mapper 3.0//EN" "http://mybatis.org/dtd/mybatis-3-mapper.dtd">
<!-- 
    SQL File Name : MapsNoticeMDAO_SQL.xml
    Description : 설명을 기술합니다.
    author Jiyongdo
    since 2019. 8. 22.
    version 1.0
    Modification Information
       since          author              description
    ===========    =============    ===========================
    2019. 8. 22.     Jiyongdo          최초 생성
-->

<mapper namespace="com.mobis.maps.nmgn.cc.service.dao.MapsNoticeMDAO">
    <!-- 
        Query ID : selectNoticeList
        Description : 게시글 목록을 조회한다.
     -->
    <select id="selectNoticeList" resultType="com.mobis.maps.nmgn.cc.vo.MapsNoticeVO">
    /* Query ID=com.mobis.maps.nmgn.cc.service.dao.MapsNoticeMDAO.selectNoticeList */ 
    <include refid="com.mobis.maps.cmmn.paging.selectTop"/>    
      SELECT ROW_NUMBER() OVER(ORDER BY CC.LV, CC.REGIST_DT DESC) AS RNUM 
           , CC.* 
      FROM (
        SELECT AA.* 
          FROM (   
            SELECT 
                  '0' AS LV
                 , BBSCTT_ID     /* 게시글ID */
                 , BBSCTT_SEQ    /* 게시글일련 */
                 , CATEGORY_CD   /* 카테고리코드 */
                 , POPUP_BGNDE  /* 게시시작일 */
                 , POPUP_ENDDE  /* 게시종료일 */
                 , EMRGNCY_YN      /* 게시여부 */
                 , BBSCTT_SJ     /* 게시글제목 */
                 , BBSCTT_CN     /* 게시글내용 */
                 , RD_CNT        /* 조회수 */
                 , DEL_YN        /* 삭제여부 */
                 , REGIST_ID     /* 작성자ID */
                 , REGIST_DT     /* 작성일 */
                 , UPDT_ID       /* 수정자ID */
                 , UPDT_DT       /* 수정일시 */
            FROM CHNNLDB.T_GNRL_NOTICE
            WHERE 1=1
                AND SALES_ORG = IFNULL(#{salesOrg}, '1000')
              <if test="@org.apache.commons.lang3.StringUtils@isNotBlank(popYn)">
                AND CURRENT_TIMESTAMP BETWEEN POPUP_BGNDE AND POPUP_ENDDE
              </if>         
              <if test='@org.apache.commons.lang3.StringUtils@isNotBlank(categoryCd)'>
                AND CATEGORY_CD LIKE CONCAT('%', #{categoryCd}, '%')                    
              </if>
              <if test='@org.apache.commons.lang3.StringUtils@isNotBlank(bbscttSj)'>
                AND BBSCTT_SJ LIKE CONCAT('%', #{bbscttSj}, '%')
              </if>
              <if test='@org.apache.commons.lang3.StringUtils@isNotBlank(registId)'>
                AND REGIST_ID LIKE CONCAT('%', #{registId}, '%')
              </if>               
                AND DEL_YN = 'N'          
                AND EMRGNCY_YN = 'Y'          
                ORDER BY REGIST_DT DESC
        ) AS AA
        UNION ALL
        SELECT BB.* 
          FROM (         
            SELECT 
                  '1' AS LV
                 , BBSCTT_ID     /* 게시글ID */
                 , BBSCTT_SEQ    /* 게시글일련 */
                 , CATEGORY_CD   /* 카테고리코드 */
                 , POPUP_BGNDE  /* 게시시작일 */
                 , POPUP_ENDDE  /* 게시종료일 */
                 , EMRGNCY_YN      /* 게시여부 */
                 , BBSCTT_SJ     /* 게시글제목 */
                 , BBSCTT_CN     /* 게시글내용 */
                 , RD_CNT        /* 조회수 */
                 , DEL_YN        /* 삭제여부 */
                 , REGIST_ID     /* 작성자ID */
                 , REGIST_DT     /* 작성일 */
                 , UPDT_ID       /* 수정자ID */
                 , UPDT_DT       /* 수정일시 */
            FROM CHNNLDB.T_GNRL_NOTICE
            WHERE 1=1
                AND SALES_ORG = IFNULL(#{salesOrg}, '1000')
              <if test="@org.apache.commons.lang3.StringUtils@isNotBlank(popYn)">
                AND CURRENT_TIMESTAMP BETWEEN POPUP_BGNDE AND POPUP_ENDDE
              </if>             
              <if test="(strDate != null and strDate != '') and (endDate != null and endDate != '')">             
                AND REGIST_DT  <![CDATA[>=]]>   STR_TO_DATE(#{strDate}, '%Y%m%d') 
                AND REGIST_DT  <![CDATA[<]]>   (INTERVAL 1 DAY + STR_TO_DATE(#{endDate}, '%Y%m%d'))  
              </if> 
              <if test='@org.apache.commons.lang3.StringUtils@isNotBlank(categoryCd)'>
                AND CATEGORY_CD LIKE CONCAT('%', #{categoryCd}, '%')                    
              </if>
              <if test='@org.apache.commons.lang3.StringUtils@isNotBlank(bbscttSj)'>
                AND BBSCTT_SJ LIKE CONCAT('%', #{bbscttSj}, '%')
              </if>
              <if test='@org.apache.commons.lang3.StringUtils@isNotBlank(registId)'>
                AND REGIST_ID LIKE CONCAT('%', #{registId}, '%')
              </if>               
                AND DEL_YN = 'N'          
                AND EMRGNCY_YN = 'N' 
                ORDER BY REGIST_DT DESC
        ) AS BB
      ) AS CC
      ORDER BY CC.LV, CC.REGIST_DT DESC      
    <include refid="com.mobis.maps.cmmn.paging.selectBottom"/>              
    </select>
    
    <!-- 
        Query ID : selectMainNoticeList
        Description : 게시글 목록을 조회한다.
     -->
    <select id="selectMainNoticeList" resultType="com.mobis.maps.nmgn.cc.vo.MapsNoticeVO">
    /* Query ID=com.mobis.maps.nmgn.cc.service.dao.MapsNoticeMDAO.selectMainNoticeList */ 
        SELECT 
             ROW_NUMBER() OVER(ORDER BY REGIST_DT DESC) AS RNUM
            , BBSCTT_ID     /* 게시글ID */
            , BBSCTT_SEQ    /* 게시글일련 */
            , CATEGORY_CD   /* 카테고리코드 */
            , POPUP_BGNDE  /* 게시시작일 */
            , POPUP_ENDDE  /* 게시종료일 */
            , EMRGNCY_YN      /* 게시여부 */
            , BBSCTT_SJ     /* 게시글제목 */
            , BBSCTT_CN     /* 게시글내용 */
            , RD_CNT        /* 조회수 */
            , DEL_YN        /* 삭제여부 */
            , REGIST_ID     /* 작성자ID */
            , REGIST_DT     /* 작성일 */
            , UPDT_ID       /* 수정자ID */
            , UPDT_DT       /* 수정일시 */
        FROM CHNNLDB.T_GNRL_NOTICE
        WHERE 1=1
           AND SALES_ORG = IFNULL(#{salesOrg}, '1000')
         <if test="@org.apache.commons.lang3.StringUtils@isNotBlank(popYn)">
           AND CURRENT_TIMESTAMP BETWEEN POPUP_BGNDE AND POPUP_ENDDE
         </if>                                      
           AND DEL_YN = 'N'          
        ORDER BY REGIST_DT DESC             
    </select>    
    
    <!-- 
        Query ID : selectNoticeNewList
        Description : 게시글 목록을 상세조회한다.
     -->
    <select id="selectNoticeNewList" resultType="com.mobis.maps.nmgn.cc.vo.MapsNoticeVO">
    /* Query ID=com.mobis.maps.nmgn.cc.service.dao.MapsNoticeMDAO.selectNoticeNewList */     
    <![CDATA[
        SELECT 
               BBSCTT_ID     /* 게시글ID */
             , BBSCTT_SEQ    /* 게시글일련 */
             , CATEGORY_CD   /* 카테고리코드 */
             , POPUP_BGNDE  /* 게시시작일 */
             , POPUP_ENDDE  /* 게시종료일 */
             , EMRGNCY_YN   /* 게시여부 */
             , BBSCTT_SJ     /* 게시글제목 */
             , BBSCTT_CN     /* 게시글내용 */
             , RD_CNT        /* 조회수 */
             , DEL_YN        /* 삭제여부 */
             , REGIST_ID     /* 작성자ID */
             , REGIST_DT     /* 작성일 */
             , UPDT_ID       /* 수정자ID */
             , UPDT_DT       /* 수정일시 */
             , (CASE WHEN SALES_ORG = '0000'
                    THEN NULL
                    ELSE SALES_ORG
                    END ) AS SALES_ORG
        FROM CHNNLDB.T_GNRL_NOTICE
        WHERE 1=1
          AND BBSCTT_ID = #{bbscttId}
          AND BBSCTT_SEQ = #{bbscttSeq}
          AND DEL_YN != 'Y'
    ]]>  
    </select>      
    
    <!--
        Query ID: insertNotice
        commentription: 게시글을 추가한다.
    -->
    <insert id="insertNotice" parameterType="com.mobis.maps.nmgn.cc.vo.MapsNoticeVO" useGeneratedKeys="true" keyProperty="bbscttId">
    /* Query ID=com.mobis.maps.nmgn.cc.service.dao.MapsNoticeMDAO.insertNotice */ 
     <selectKey keyProperty="bbscttId" resultType="string" order="BEFORE">
          SELECT CONCAT('N',LPAD(NVL(MID(MAX(BBSCTT_ID), 2, 10),0) + 1, 10, '0')) AS BBSCTT_ID                             
            FROM CHNNLDB.T_GNRL_NOTICE
     </selectKey>
    <![CDATA[
        INSERT INTO CHNNLDB.T_GNRL_NOTICE
        (
           BBSCTT_ID     /* 게시글ID */         
         , CATEGORY_CD   /* 카테고리코드 */
         , POPUP_BGNDE  /* 게시시작일 */
         , POPUP_ENDDE  /* 게시종료일 */
         , EMRGNCY_YN      /* 게시여부 */
         , BBSCTT_SJ     /* 게시글제목 */
         , BBSCTT_CN     /* 게시글내용 */
         , RD_CNT        /* 조회수 */
         , DEL_YN        /* 삭제여부 */
         , REGIST_ID     /* 작성자ID */
         , REGIST_DT     /* 작성일 */
         , UPDT_ID       /* 수정자ID */
         , UPDT_DT       /* 수정일시 */
         , SALES_ORG
        )
        VALUES (
          #{bbscttId}           /* 게시글ID */        
        , #{categoryCd}         /* 카테고리코드 */
        , #{popupBgnde}        /* 게시시작일 */
        , #{popupEndde}        /* 게시종료일 */        
        , NVL(#{emrgncyYn}, 'N')  /* 게시여부 */
        , #{bbscttSj}           /* 게시글제목 */
        , #{bbscttCn}           /* 게시글내용 */
        , #{rdCnt}              /* 조회수 */
        , NVL(#{delYn}, 'N')    /* 삭제여부 */
        , #{registId}           /* 작성자ID */
        , CURRENT_TIMESTAMP     /* 작성일 */
        , #{updtId}             /* 수정자ID */
        , CURRENT_TIMESTAMP     /* 수정일시 */
        , IFNULL(#{salesOrg}, '0000')
        )        
    ]]> 
    </insert>      
    
    <!-- 
        Query ID : selectContId
        Description : 게시글 id을 조회한다.
     -->
    <select id="selectContId" resultType="com.mobis.maps.nmgn.cc.vo.MapsNoticeVO">
    /* Query ID=com.mobis.maps.nmgn.cc.service.dao.MapsNoticeMDAO.selectContId */ 
    <![CDATA[        
          SELECT CONCAT('N',LPAD(NVL(MID(MAX(BBSCTT_ID), 2, 10),0) + 1, 10, '0')) AS BBSCTT_ID                             
            FROM CHNNLDB.T_GNRL_NOTICE
    ]]> 
    </select>    
    
    <!-- 
        Query ID : selectSeq
        Description : 게시글 seq을 조회한다.
     -->
    <select id="selectSeq" resultType="com.mobis.maps.nmgn.cc.vo.MapsNoticeVO">
    /* Query ID=com.mobis.maps.nmgn.cc.service.dao.MapsNoticeMDAO.selectSeq */ 
    <![CDATA[        
        SELECT 
              MAX(BBSCTT_SEQ) AS BBSCTT_SEQ
        FROM CHNNLDB.T_GNRL_NOTICE
        WHERE 1=1
          AND BBSCTT_ID = #{bbscttId}
    ]]> 
    </select>    
    
    <!--
        Query ID: updateNotice
        commentription: 게시글을 수정한다.
    -->
    <update id="updateNotice" parameterType="com.mobis.maps.nmgn.cc.vo.MapsNoticeVO">
    /* Query ID=com.mobis.maps.nmgn.cc.service.dao.MapsNoticeMDAO.updateNotice */ 
    <![CDATA[
         UPDATE CHNNLDB.T_GNRL_NOTICE
           SET  BBSCTT_ID    = #{bbscttId}        /* 게시글ID */            
              , CATEGORY_CD  = #{categoryCd}      /* 카테고리코드 */
              , POPUP_BGNDE  = #{popupBgnde}      /* 게시시작일 */
              , POPUP_ENDDE  = #{popupEndde}      /* 게시종료일 */
              , EMRGNCY_YN   = #{emrgncyYn}       /* 게시여부 */
              , BBSCTT_SJ    = #{bbscttSj}        /* 게시글제목 */
              , BBSCTT_CN    = #{bbscttCn}        /* 게시글내용 */                                
              , UPDT_ID      = #{updtId}          /* 수정자ID */
              , UPDT_DT      = CURRENT_TIMESTAMP  /* 수정일시 */
              , SALES_ORG    = IFNULL(#{salesOrg}, '0000')
         WHERE 1=1
           AND BBSCTT_ID = #{bbscttId}
           AND BBSCTT_SEQ = #{bbscttSeq}              
    ]]> 
    </update>     

    <!--
        Query ID: updateNoticeRdCnt
        commentription: 조회수를 수정한다.
    -->
    <update id="updateNoticeRdCnt" parameterType="com.mobis.maps.nmgn.cc.vo.MapsNoticeVO">
    /* Query ID=com.mobis.maps.nmgn.cc.service.dao.MapsNoticeMDAO.updateNoticeRdCnt */ 
        UPDATE CHNNLDB.T_GNRL_NOTICE SET RD_CNT=RD_CNT+1
         WHERE 1=1
           AND BBSCTT_ID = #{bbscttId}
           AND BBSCTT_SEQ = #{bbscttSeq}             
    <selectKey keyProperty="rdCnt" resultType="int" order="AFTER">
        SELECT RD_CNT AS rdCnt
          FROM CHNNLDB.T_GNRL_NOTICE
         WHERE 1=1
           AND BBSCTT_ID = #{bbscttId}
           AND BBSCTT_SEQ = #{bbscttSeq} 
    </selectKey>    
    </update> 

    <!--
        Query ID: deleteNotice
        commentription: 게시글을 삭제한다.
    -->
    <update id="deleteNotice" parameterType="com.mobis.maps.nmgn.cc.vo.MapsNoticeVO">
    /* Query ID=com.mobis.maps.nmgn.cc.service.dao.MapsNoticeMDAO.deleteNotice */ 
    <![CDATA[
    UPDATE CHNNLDB.T_GNRL_NOTICE
       SET DEL_YN   = 'Y'
         , UPDT_DT  = CURRENT_TIMESTAMP
         , UPDT_ID  = #{updtId}          /* 수정자ID */               
     WHERE 1=1
       AND BBSCTT_ID = #{bbscttId}
       AND BBSCTT_SEQ = #{bbscttSeq}
    ]]> 
    </update>   
  
</mapper>
