<?xml version="1.0" encoding="UTF-8"?>
<!DOCTYPE mapper PUBLIC "-//mybatis.org//DTD Mapper 3.0//EN" "http://mybatis.org/dtd/mybatis-3-mapper.dtd">
<!-- 
    SQL File Name : xmlname.xm 
    Description : News Letter
    author 이수지
    since 2020. 03. 31.
    version 1.0
    Modification Information
       since          author              description
    ===========    =============    ===========================
    2020. 03. 31.    이수지      		   최초 생성
-->

<mapper namespace="com.mobis.maps.nmgn.cc.service.dao.NewsLetterMDAO">

    <!--
        Query ID    : selectNewsLetter
        Description : News Letter List 조회
    -->
    <select id="selectNewsLetter" parameterType="com.mobis.maps.nmgn.cc.vo.NewsLetterVO" resultType="com.mobis.maps.nmgn.cc.vo.NewsLetterVO">
        
        /* Query ID=com.mobis.maps.cc.service.dao.NewsLetterMDAO.selectNewsLetter */
        
        <include refid="com.mobis.maps.cmmn.paging.selectTop"/>
        
            SELECT  ROW_NUMBER() OVER(ORDER BY A.REF_NO DESC) AS RNUM  /* 순번 */
                , A.SALES_ORG                /* 조직코드 */
                , A.REF_NO                   /* 뉴스레터순번 */
                , A.NEWSLETTER_SJ            /* 뉴스레터제목 */
                , A.NEWSLETTER_CN            /* 뉴스레터내용 */
                , A.CATEGORY_CD              /* 카테고리코드 */
                , A.DEL_YN                   /* 삭제여부 */
                , A.SNDNG_YN                 /* 전송여부 */
                , A.STRE_YN                  /* 저장여부 */
                , A.EMAIL_TO                 /* 수신이메일 */
                , A.RECPTN_EMAIL             /* 수신이메일 */
                , A.RECPTN_CC                /* 수신참조 */
                , A.REGIST_ID                /* 등록자ID */
                , A.REGIST_DT AS REGIST_DATE /* 등록일 */
                , A.UPDT_ID                  /* 수정자ID */
                , A.UPDT_DT AS UPDT_DATE     /* 수정일 */
                , A.SNDNG_ID                 /* 송신자ID */
                , A.SNDNG_DT                 /* 송신일 */
                , A.RCNT                     /* Read Count */
                , (SELECT COUNT(1) FROM COMNDB.T_ATCH_FILE_INFO WHERE ATCH_SE = 'NMGN007' AND ATCH_ID = A.REF_NO) AS ATCH_CNT /* Attach File Count */
            FROM CHNNLDB.T_NSLET_INFO A
            WHERE 1=1
            <if test="iCategory != null and iCategory != ''">
              AND A.CATEGORY_CD = #{iCategory}
            </if>
            <if test="iStrDate != null and iStrDate != ''">
              AND A.REGIST_DT &gt;= STR_TO_DATE(#{iStrDate}, '%Y%m%d')
            </if>
            <if test="iFnhDate != null and iFnhDate != ''">
              AND A.REGIST_DT &lt; (INTERVAL 1 DAY + STR_TO_DATE(#{iFnhDate}, '%Y%m%d'))
            </if>
            <if test="iSj != null and iSj != ''">
              AND A.NEWSLETTER_SJ LIKE CONCAT('%', #{iSj}, '%')
            </if>
              AND A.SALES_ORG = #{salesOrg}
              AND A.DEL_YN = 'N'
            <if test='iStreYn == "Y"'>
              AND A.STRE_YN = 'Y'
            </if>
            <if test='mainYn == "Y"'>
                LIMIT 0,5
            </if>
                    
        <include refid="com.mobis.maps.cmmn.paging.selectBottom"/>
    </select>
        
    <!--
        Query ID    : selectNewsLetterDetail
        Description : News Letter 상세조회
    -->
    <select id="selectNewsLetterDetail" parameterType="com.mobis.maps.nmgn.cc.vo.NewsLetterVO" resultType="com.mobis.maps.nmgn.cc.vo.NewsLetterVO">
    
        /* Query ID=com.mobis.maps.cc.service.dao.NewsLetterMDAO.selectNewsLetterDetail */
    
                SELECT
                       A.SALES_ORG                /* 조직코드 */
                     , A.REF_NO                   /* 뉴스레터순번 */
                     , A.NEWSLETTER_SJ            /* 뉴스레터제목 */
                     , A.NEWSLETTER_CN            /* 뉴스레터내용 */
                     , A.CATEGORY_CD              /* 카테고리코드 */
                     , A.EMAIL_TO                 /* 수신이메일 */
                     , A.RECPTN_EMAIL             /* 수신이메일 */
                     , A.RECPTN_CC                /* 수신참조 */
                     , A.SNDNG_ID                 /* 송신자ID */
                     , A.SNDNG_DT                 /* 송신일 */
                     , A.REGIST_ID                /* 등록자ID */
                     , A.REGIST_DT AS REGIST_DATE /* 등록일 */
                     , A.RCNT                     /* Read Count */
                     , A.STRE_YN                  /* 저장여부 */
                FROM CHNNLDB.T_NSLET_INFO A
                WHERE 1=1
                    AND A.REF_NO = #{refNo}
    </select>
        
      
    <!--
        Query ID    : updateNewsLetterReadCount
        Description : News Letter Read Count 업데이트
    -->
    <update id="updateNewsLetterReadCount" parameterType="com.mobis.maps.nmgn.cc.vo.NewsLetterVO">
    
        /* Query ID=com.mobis.maps.cc.service.dao.NewsLetterMDAO.updateNewsLetterReadCount */
        
                UPDATE CHNNLDB.T_NSLET_INFO SET RCNT = RCNT + 1
                 WHERE 1=1
                   AND REF_NO = #{refNo}
    </update>
      
        
    <!--
        Query ID    : insertNewsLetter
        Description : News Letter 저장
    -->
    <insert id="insertNewsLetter" parameterType="com.mobis.maps.nmgn.cc.vo.NewsLetterVO" useGeneratedKeys="true" keyProperty="refNo">
        
        /* Query ID=com.mobis.maps.cc.service.dao.NewsLetterMDAO.insertNewsLetter */
        
        <selectKey keyProperty="refNo" resultType="string" order="BEFORE">
                SELECT CONCAT('M', DATE_FORMAT(CURRENT_TIMESTAMP, '%Y%m%d'),'-', LPAD(IFNULL(CAST(SUBSTR(MAX(REF_NO), 11) AS INTEGER), 0) + 1, 4, '0')) AS REF_NO
                  FROM CHNNLDB.T_NSLET_INFO
                 WHERE REF_NO LIKE CONCAT('M', DATE_FORMAT(CURRENT_TIMESTAMP, '%Y%m%d'), '%')
        </selectKey>
        
                INSERT INTO CHNNLDB.T_NSLET_INFO (
                      SALES_ORG         /* 조직코드 */
                    , REF_NO            /* 뉴스레터순번 */
                    , NEWSLETTER_SJ     /* 뉴스레터제목 */
                    , NEWSLETTER_CN     /* 뉴스레터내용 */
                    , CATEGORY_CD       /* 카테고리코드 */
                    , DEL_YN            /* 삭제여부 */
                    , SNDNG_YN          /* 전송여부 */
                    , STRE_YN           /* 저장여부 */
                    , EMAIL_TO          /* 수신이메일 */
                    , RECPTN_EMAIL      /* 수신이메일 */
                    , RECPTN_CC         /* 수신참조 */
                    , REGIST_ID         /* 등록자ID */
                    , REGIST_DT         /* 등록일 */
                    , UPDT_ID           /* 수정자ID */
                    , UPDT_DT           /* 수정일 */
                    , SNDNG_ID          /* 송신자ID */
                    , SNDNG_DT          /* 송신일 */
                ) VALUES (
                      #{salesOrg}
                    , #{refNo}
                    , #{newsletterSj}
                    , #{newsletterCn}
                    , #{categoryCd}
                    , IFNULL(#{delYn}, 'N')
                    , IFNULL(#{sndngYn}, 'N')
                    , #{streYn}
                    , #{emailTo}
                    , #{recptnEmail}
                    , #{recptnCc}
                    , #{registId}
                    , CURRENT_TIMESTAMP
                    , #{updtId}
                    , CURRENT_TIMESTAMP
                    , #{sndngId}
                    , #{sndngdt}
                )
        
    </insert>
            
    <!--
        Query ID    : updateNewsLetter
        Description : News Letter 수정
    -->
    <update id="updateNewsLetter" parameterType="com.mobis.maps.nmgn.cc.vo.NewsLetterVO" useGeneratedKeys="true" keyProperty="refNo">
    
        /* Query ID=com.mobis.maps.cc.service.dao.NewsLetterMDAO.updateNewsLetter */
        
                UPDATE CHNNLDB.T_NSLET_INFO A
                SET    A.SALES_ORG              = #{salesOrg}           /* 조직코드 */
                     , A.NEWSLETTER_SJ          = #{newsletterSj}       /* 뉴스레터제목 */
                     , A.NEWSLETTER_CN          = #{newsletterCn}       /* 뉴스레터내용 */
                     , A.CATEGORY_CD            = #{categoryCd}         /* 카테고리코드 */
                     , A.EMAIL_TO               = #{emailTo}            /* 수신이메일 */
                     , A.RECPTN_EMAIL           = #{recptnEmail}        /* 수신이메일 */
                     , A.RECPTN_CC              = #{recptnCc}           /* 수신참조 */
                     , A.SNDNG_ID               = #{sndngId}            /* 송신자ID */
                     , A.UPDT_ID                = #{updtId}             /* 수정자ID */
                     , A.UPDT_DT                = CURRENT_TIMESTAMP     /* 수정일 */
                     , A.STRE_YN                = #{streYn}             /* 저장여부 */
                WHERE 1=1
                   AND A.REF_NO                 = #{refNo}
                   AND A.SNDNG_YN               = 'N'
    </update>       
     
    <!--
        Query ID    : deleteNewsLetter
        Description : News Letter 삭제
    -->
    <update id="deleteNewsLetter" parameterType="com.mobis.maps.nmgn.cc.vo.NewsLetterVO" useGeneratedKeys="true" keyProperty="refNo">
    
        /* Query ID=com.mobis.maps.cc.service.dao.NewsLetterMDAO.deleteNewsLetter */
        
                UPDATE CHNNLDB.T_NSLET_INFO A
                SET    A.DEL_YN               = 'Y'                 /* 삭제여부 */
                     , A.UPDT_ID              = #{updtId}           /* 수정자ID */
                     , A.UPDT_DT              = CURRENT_TIMESTAMP   /* 수정일 */
                WHERE 1=1
                   AND A.REF_NO               = #{refNo}
      </update>
    
    <!--
        Query ID    : selectTargetTreeList
        Description : News Letter List 조회
    -->
    <select id="selectTargetTreeList" parameterType="com.mobis.maps.nmgn.cc.vo.TargetTreeVO" resultType="com.mobis.maps.nmgn.cc.vo.TargetTreeVO">
        <![CDATA[
            WITH RECURSIVE V_RCUR_LST AS (
            SELECT 1 LV, A.CODE CD, A.CODE_NM CD_DESC, '---' UPPER_CD, CONCAT('|',A.CODE,'            ') GID, A.CODE CTP
              FROM COMNDB.T_MAPS_CODE A
             WHERE A.CODE_GROUP = 'C000000019'
             UNION ALL
            SELECT C.LV+1 LV, B.CD, B.CD_DESC, B.UPPER_CD, CONCAT(TRIM(C.GID),'|',B.CD) GID, CASE WHEN B.CTP = '-' THEN C.CTP ELSE B.CTP END CTP
              FROM (
                    SELECT B.CODE1 CD, CODE1 CD1, CONCAT(B.CODE1,' ',B.SNAME) CD_DESC, 'H' UPPER_CD, '-' CTP
                      FROM MAPSDB.ZPCAT0031T B
                     WHERE B.CODE = 'CD-SD-4511'
                       AND B.SPRAS = #{spras}
                       AND B.SYSID = #{sysid}
                       AND B.MANDT = #{mandt}
                     UNION ALL
                    SELECT B.CODE1 CD, CODE1 CD1, CONCAT(B.CODE1,' ',B.SNAME) CD_DESC, 'K' UPPER_CD, '-' CTP
                      FROM MAPSDB.ZPCAT0031T B
                     WHERE B.CODE = 'CD-SD-4511'
                       AND B.SPRAS = #{spras}
                       AND B.SYSID = #{sysid}
                       AND B.MANDT = #{mandt}
                     UNION ALL
                    SELECT C.CODE1 CD, CODE1 CD1, CONCAT(C.CODE1,' ',C.SNAME) CD_DESC, C.CODE2 UPPER_CD, '-' CTP
                      FROM MAPSDB.ZPCAT0031T C
                     WHERE C.CODE IN ('CD-SD-4512', 'CD-SD-4513')
                       AND C.SPRAS = #{spras}
                       AND C.SYSID = #{sysid}
                       AND C.MANDT = #{mandt}
                     UNION ALL
                    SELECT B.KUNNR CD, B.ZSACUTM CD1, CONCAT(B.ZSACUTM,' ',A.ZKUNAM) AS CD_DESC, B.ZSREGIO UPPER_CD, B.KVGR1 CTP
                      FROM MAPSDB.ZPSDT1806 A
                          ,MAPSDB.ZPSDT1805 B
                     WHERE B.VKORG = A.VKORG
                       AND B.ZSACUTM = A.ZKUNNR
                       AND B.KDGRP IN ('13', '14', '15') /* nMGN 대상 대리점 */
                       AND IFNULL(NULLIF(A.ZKUNN2,''), A.ZKUNNR) = A.ZKUNNR /* 대표대리점만 */
                    ) B
                  ,V_RCUR_LST C
             WHERE C.CD = B.UPPER_CD
              AND B.CTP = CASE WHEN B.CTP = '-' THEN '-' ELSE C.CTP END
            )
            SELECT LV, CD, CD_DESC, TRIM(GID) GID, CTP, CONCAT(CD_DESC, '<', TRIM(GID), '>') AS GID_DESC
              FROM V_RCUR_LST ORDER BY GID
        ]]>
    </select>    
    
    <!--
        Query ID    : updateNewsLetteMail
        Description : News Letter 메일전송 상태 업데이트
    -->
    <update id="updateNewsLetteMail" parameterType="com.mobis.maps.nmgn.cc.vo.NewsLetterVO">
    
        /* Query ID=com.mobis.maps.cc.service.dao.NewsLetterMDAO.updateNewsLetteMail */
        
                UPDATE CHNNLDB.T_NSLET_INFO A
                SET   A.SNDNG_YN            = #{sndngYn}            /* 전송여부 */
                    , A.SNDNG_ID            = #{sndngId}            /* 송신자ID */
                    , A.SNDNG_DT            = CURRENT_TIMESTAMP     /* 송신일 */
                WHERE 1=1
                    AND A.REF_NO = #{refNo}
    </update>
    
</mapper>
