<?xml version="1.0" encoding="UTF-8"?>
<!DOCTYPE mapper PUBLIC "-//mybatis.org//DTD Mapper 3.0//EN" "http://mybatis.org/dtd/mybatis-3-mapper.dtd">
<!-- 
    SQL File Name : OrderProcCodeMDAO_SQL.xml
    Description : OrderProcCodeMDAO_SQL
    author ha.jeongryeong
    since 2019. 8. 22.
    version 1.0
    Modification Information
       since          author              description
    ===========    =============    ===========================
    2019. 8. 22.     ha.jeongryeong          최초 생성
    2020. 3. 27.     ChoKyungHo           To-Be 테이블로 변경
-->

<mapper namespace="com.mobis.maps.nmgn.cc.service.dao.OrderProcCodeMDAO">
    <!-- 
        Query ID : selectOrderProcCodeList
        Description : 조회
     -->
    <select id="selectOrderProcCodeList"
        parameterType="com.mobis.maps.nmgn.cc.vo.OrderProcCodeVO" 
        resultType="com.mobis.maps.nmgn.cc.vo.OrderProcCodeVO">
        /* Query ID=com.mobis.maps.cc.service.dao.OrderProcCodeMDAO.selectOrderProcCodeList */
        <include refid="com.mobis.maps.cmmn.paging.selectTop"/>
            SELECT ROW_NUMBER() OVER(ORDER BY A.LAND1, A.ZSACUTM) AS RNUM, 
                    A.LAND1,  
                    A.KVGR1,                      
                    A.ZSACUTM,  
                    A.RISK_CLASS,
                    A.PLTYP,
                    A.ZDIS_RATE01,
                    A.ZDIS_RATE02,
                    A.ZDIS_RATE03,
                    A.ZWELS1,
                    A.ZWELS2,
                    A.WAERS,
                    A.ZPAMRE,
                    A.ZMARKUP,
                    A.ZINCO1,
                    A.ZINCO2,
                    A.ZARPORT1,
                    A.ZARPORT2,
                    A.ZFINDES1,
                    A.ZFINDES2
              FROM MAPSDB.ZPSDT1805 A , MAPSDB.ZPSDT1806 B
             WHERE A.VKORG = B.VKORG
               AND A.ZSACUTM = B.ZKUNNR
               AND A.KDGRP IN ('13', '14', '15') /* nMGN 대상 대리점 */
            <choose>
                <when test='@org.apache.commons.lang3.StringUtils@isNotBlank(iZsacutmSub)'> <!-- 하위/단일 대리점 검색 -->
               AND A.ZSACUTM = #{iZsacutmSub}
                </when>
                <when test='@org.apache.commons.lang3.StringUtils@isNotBlank(iZsacutm)'>
               AND B.ZKUNN2 = #{iZsacutm}
                </when>
                <otherwise>
               AND IFNULL(NULLIF(B.ZKUNN2,''),B.ZKUNNR) = B.ZKUNNR -- 대표대리점
                </otherwise>
            </choose>    
            <if test='@org.apache.commons.lang3.StringUtils@isNotBlank(iVkorg)'>
               AND A.VKORG = #{iVkorg}
            </if>
            <if test='@org.apache.commons.lang3.StringUtils@isNotBlank(iZlregio)'>
               AND A.ZLREGIO = #{iZlregio}
            </if>
            <if test='@org.apache.commons.lang3.StringUtils@isNotBlank(iZmregio)'>
               AND A.ZMREGIO = #{iZmregio}
            </if>
            <if test='@org.apache.commons.lang3.StringUtils@isNotBlank(iZsregio)'>
               AND A.ZSREGIO = #{iZsregio}
            </if>
            <if test='@org.apache.commons.lang3.StringUtils@isNotBlank(iKvgr1)'>
               AND A.KVGR1 = #{iKvgr1}
            </if>
             ORDER BY A.LAND1, A.ZSACUTM
        <include refid="com.mobis.maps.cmmn.paging.selectBottom"/>
    </select>
    
      
</mapper>
