<?xml version="1.0" encoding="UTF-8"?>
<!DOCTYPE mapper PUBLIC "-//mybatis.org//DTD Mapper 3.0//EN" "http://mybatis.org/dtd/mybatis-3-mapper.dtd">
<!-- 
    SQL File Name : PriceStructureMDAO_SQL.xml
    Description : PriceStructureMDAO_SQL
    author ha.jeongryeong
    since 2019. 8. 22.
    version 1.0
    Modification Information
       since          author              description
    ===========    =============    ===========================
    2019. 8. 22.     ha.jeongryeong          최초 생성
    2020. 4. 28.     hong.minho              rework
-->

<mapper namespace="com.mobis.maps.nmgn.cc.service.dao.PriceStructureMDAO">
    <!-- 
        Query ID : selectPriceStructureList
        Description : 조회(list)
     -->
    <select id="selectPriceStructureList"
        parameterType="com.mobis.maps.nmgn.cc.vo.PriceStructureVO" 
        resultType="com.mobis.maps.nmgn.cc.vo.PriceStructureVO">
        /* Query ID=com.mobis.maps.cc.service.dao.PriceStructureMDAO.selectPriceStructureList */
        <include refid="com.mobis.maps.cmmn.paging.selectTop"/> 
        SELECT ROW_NUMBER() OVER(ORDER BY A.ZSACUTM ASC) AS RNUM 
              ,A.KVGR1   AS CORP_CODE
              ,A.ZSACUTM AS DIST_CODE
              ,B.ZKUNAM  AS DIST_NAME
              ,A.LAND1
              ,A.ZSREGIO AS REGION
              ,DATE_FORMAT(E.UPDT_DT, '%Y-%m-%d') AS UPD_DT
              ,A.CHUSR   AS UPD_USR
              ,A.VKORG   AS VKORG
              ,A.VTWEG   AS VTWEG
              ,A.KUNNR   AS KUNNR
          FROM MAPSDB.ZPSDT1805 A 
              ,MAPSDB.ZPSDT1806 B
         WHERE A.VKORG = B.VKORG 
           AND A.ZSACUTM = B.ZKUNNR 
                                    LEFT OUTER JOIN 
                                      (SELECT AGC_CODE,
                                              MAX(UPDT_DT) AS UPDT_DT
                                       FROM CHNNLDB.T_AGC_ADD_INFO
                                       GROUP BY AGC_CODE
                                       ) E ON A.ZSACUTM = E.AGC_CODE
          WHERE 1=1
          <if test='@org.apache.commons.lang3.StringUtils@isNotBlank(iVkorg)'>
                AND A.VKORG = #{vkorg}
          </if>
          <if test='@org.apache.commons.lang3.StringUtils@isNotBlank(iZlregio)'>
                AND A.ZLREGIO = #{zlregio}
          </if>
          <if test='@org.apache.commons.lang3.StringUtils@isNotBlank(iZmregio)'>
                AND A.ZMREGIO = #{zmregio}
          </if>
          <if test='@org.apache.commons.lang3.StringUtils@isNotBlank(iZsregio)'>
                AND A.ZSREGIO = #{zsregio}
          </if>
          <if test='@org.apache.commons.lang3.StringUtils@isNotBlank(iKvgr1)'>
                AND A.KVGR1 = #{corpCode}
          </if>
          <if test='@org.apache.commons.lang3.StringUtils@isNotBlank(iDistCd)'>
             AND A.ZSACUTM LIKE CONCAT(UPPER(#{distCode}), '%')
          </if>  
          <if test='@org.apache.commons.lang3.StringUtils@isNotBlank(land1)'>
             AND A.LAND1 = #{land1}
          </if>
          ORDER BY A.ZSACUTM ASC 
        <include refid="com.mobis.maps.cmmn.paging.selectBottom"/>    
    </select>
    
    <!-- 
        Query ID : selectPriceStructure
        Description : 조회(detail)
     -->
    <select id="selectPriceStructure"
        parameterType="com.mobis.maps.nmgn.cc.vo.PriceStructureVO" 
        resultType="com.mobis.maps.nmgn.cc.vo.PriceStructureVO">
        /* Query ID=com.mobis.maps.cc.service.dao.PriceStructureMDAO.selectPriceStructure */
        SELECT D.ZSACUTM, 
               D.LAND1,
               A.VKORG, A.VTWEG, A.KUNNR, A.APLY_YEAR, 
               A.FOB, A.FRE, A.INS, A.CIF, A.DUT, A.WHA, A.INL, A.FRW, A.LCC, 
               A.OTH, A.SUT, A.LDC, A.DIS, A.DEN, A.DEM, A.RNV, A.VAT, A.RWV,
               A.UPDT_DT
          FROM MAPSDB.ZPSDT1805 D
               LEFT OUTER JOIN CHNNLDB.T_DIST_PRC_STRT A
               ON (A.VKORG = D.VKORG
               AND A.VTWEG = D.VTWEG
               AND A.KUNNR = D.KUNNR
               AND A.DEL_YN = 'N'
               AND A.APLY_YEAR = (
                   SELECT MAX(APLY_YEAR) 
                     FROM CHNNLDB.T_DIST_PRC_STRT T
                    WHERE T.VKORG = A.VKORG
                      AND T.VTWEG = A.VTWEG
                      AND T.KUNNR = A.KUNNR
                      AND T.DEL_YN = 'N')
               )
         WHERE D.VKORG = #{vkorg}
           AND D.VTWEG = #{vtweg}
           AND D.KUNNR = #{kunnr}        
    </select>
    
    <!-- 
        Query ID : deletePriceStructure
        Description : 삭제(detail)
     -->
    <delete id="deletePriceStructure"
        parameterType="com.mobis.maps.nmgn.cc.vo.PriceStructureVO">
        /* Query ID=com.mobis.maps.cc.service.dao.PriceStructureMDAO.deletePriceStructure */
        DELETE FROM CHNNLDB.T_AGC_PRC_STRT
        WHERE AGC_CODE = #{distCode}
        AND APLY_YEAR = #{aplyYear} 
    </delete>
    
    <!-- 
        Query ID : insertPriceStructure
        Description : 저장(detail)
     -->
    <insert id="insertPriceStructure"
        parameterType="com.mobis.maps.nmgn.cc.vo.PriceStructureVO">
        /* Query ID=com.mobis.maps.cc.service.dao.PriceStructureMDAO.insertPriceStructure */
        INSERT INTO CHNNLDB.T_DIST_PRC_STRT (
               VKORG, VTWEG, KUNNR, APLY_YEAR, 
               FOB, FRE, INS, CIF, DUT, WHA, INL, FRW, LCC, 
               OTH, SUT, LDC, DIS, DEN, DEM, RNV, VAT, RWV, 
               DEL_YN, REGIST_ID, REGIST_DT, UPDT_ID, UPDT_DT)
        VALUES (
               #{vkorg}, #{vtweg}, #{kunnr}, #{aplyYear}, 
               #{fob}, #{fre}, #{ins}, #{cif}, #{dut}, #{wha}, #{inl}, #{frw}, #{lcc}, 
               #{oth}, #{sut}, #{ldc}, #{dis}, #{den}, #{dem}, #{rnv}, #{vat}, #{rwv}, 
               'N', #{updtId}, current_timestamp(), #{updtId}, current_timestamp())
        ON DUPLICATE KEY
        UPDATE FOB = #{fob}, 
               FRE = #{fre}, 
               INS = #{ins}, 
               CIF = #{cif}, 
               DUT = #{dut}, 
               WHA = #{wha}, 
               INL = #{inl}, 
               FRW = #{frw}, 
               LCC = #{lcc}, 
               OTH = #{oth}, 
               SUT = #{sut}, 
               LDC = #{ldc}, 
               DIS = #{dis}, 
               DEN = #{den}, 
               DEM = #{dem}, 
               VAT = #{vat}, 
               RNV = #{rnv}, 
               RWV = #{rwv}, 
               UPDT_ID = #{updtId}, 
               UPDT_DT = current_timestamp()
    </insert>
</mapper>
