<?xml version="1.0" encoding="UTF-8"?>
<configuration>
<!-- git 테스트 -->
<!-- console로 log 남기기 -->
    <appender name="console" class="ch.qos.logback.core.ConsoleAppender">
        <encoder class="ch.qos.logback.classic.encoder.PatternLayoutEncoder">
            <pattern>
                ▶ %-5level %d{HH:mm:ss.SSS} [%thread] %logger[%method:%line] - %msg%n
            </pattern>
        </encoder>
    </appender>
    <appender name="consoleForLoginInterceptor" class="ch.qos.logback.core.ConsoleAppender">
        <encoder class="ch.qos.logback.classic.encoder.PatternLayoutEncoder">
            <pattern>
                ▷ %-5level %d{HH:mm:ss} %logger[%method:%line] - %msg%n
            </pattern>
        </encoder>
    </appender>
 
 
<!-- file로 log 남기기 -->
    <appender name="file" class="ch.qos.logback.core.FileAppender">
        <file>C:\ABLE_Frame\log\testFile.log</file>
        <encoder>
            <pattern>
                ▶ %-5level %d{HH:mm:ss.SSS} [%thread] %logger[%method:%line] - %msg%n
                <!-- [%method:%line] : 어떤 메소드에 어떤 라인에서 찍혔는지 %msg%n : 찍고 싶은 로그-->
            </pattern>
        </encoder>
    </appender>
    
    <!-- class만 따로 지정해서 이 클래스만 로그를 따로 관리할 수 있다. LoginInterceptor class 파일만 따로 로그 관리 -->
    <appender name="fileForLoginInterceptor" class="ch.qos.logback.core.rolling.RollingFileAppender">
        <file>C:\ABLE_Frame\log\testRollingFile.log</file>
        <rollingPolicy class="ch.qos.logback.core.rolling.TimeBasedRollingPolicy">
        
            <!-- d:\ testRollingFile 2015-04-07-15.log 파일 생성 -->
            <fileNamePattern>C:\ABLE_Frame\log\testRollingFile.%d{yyyy-MM-dd-HH}.log</fileNamePattern>
        
            <!-- 30시간 지난건 지우겠다. -->
            <maxHistory>24</maxHistory>
        </rollingPolicy>
        <encoder>
            <pattern>
                ▷ %-5level %d{HH:mm:ss} %logger[%method:%line] - %msg%n
            </pattern>
        </encoder>
    </appender>

    <appender name="dbSapRfc" class="com.mobis.maps.logback.db.MapsSapRfcDBAppender">
        <connectionSource class="ch.qos.logback.core.db.DriverManagerConnectionSource">
            <driverClass>org.mariadb.jdbc.Driver</driverClass>
            <url>jdbc:mariadb://10.240.19.114:3306/COMNDB</url>
            <user>nmgnUser</user>
            <password>marianmgn!@123</password>
        </connectionSource>
    </appender>
        
    <!-- 이 아래에 있는 애들 다 log로 찍겠다. 
    <logger name="able.cmm.mybatis.web.MyBatisSampleController" level="info">
        <appender-ref ref="fileForLoginInterceptor"/>
        <appender-ref ref="console" />
    </logger>-->
    
    <!-- 이 아래에 있는 애들 다 log로 찍겠다. -->
    <logger name="org.springframework" level="info" />
   
   
    <logger name="org.apache.commons.beanutils" level="off" />
    
    <logger name="able" level="debug" additivity="false">
        <appender-ref ref="console" />
    </logger>
    <logger name="egovframework" level="debug" additivity="false">
        <appender-ref ref="console" />
    </logger>
    
    <!-- myBatis SQL Log -->   
    <logger name="jdbc.resultsettable" level="off" additivity="false">
        <appender-ref ref="console" />
    </logger>     
    <logger name="jdbc.resultset" level="off" additivity="false">
        <appender-ref ref="console" /> 
    </logger>           
    <logger name="jdbc.audit" level="off" additivity="false">
        <appender-ref ref="console" />        
    </logger>     
    <logger name="jdbc.sqltiming" level="off" additivity="false">
        <appender-ref ref="console" />
    </logger>       
    <logger name="jdbc.sqlonly" level="debug" additivity="false">  
        <appender-ref ref="console" />       
    </logger>     
    <logger name="jdbc.connection" level="off" additivity="false">
        <appender-ref ref="console" />       
    </logger>
    <logger name="org.apache.ibatis.logging.jdbc" level="off" additivity="false">
        <appender-ref ref="console" />       
    </logger>
    <logger name="org.mybatis.spring" level="off" additivity="false">
        <appender-ref ref="console" />       
    </logger> 

    <logger name="able.com.ui.adaptor.nexacro.view" level="off" additivity="false">
        <appender-ref ref="console" />       
    </logger>        
    <logger name="able.com.ui.adaptor.nexacro.security" level="off" additivity="false">
        <appender-ref ref="console" />       
    </logger>
    <logger name="com.nexacro17.xapi.data" level="off" additivity="false">
        <appender-ref ref="console" />       
    </logger>
    
    <!-- RFC 실행 DB Log START -->   
    <logger name="com.mobis.maps.comm.service.impl.MapsCommSapServiceImpl" level="info" additivity="false">
        <appender-ref ref="dbSapRfc" />
        <appender-ref ref="console" />
    </logger>
    <!-- RFC 실행 DB Log END -->   
    
    <root level="debug">
        <appender-ref ref="console" />
        <!-- <appender-ref ref="file" /> -->
    </root>
</configuration>