<?xml version="1.0" encoding="UTF-8" ?>
<!DOCTYPE mapper PUBLIC "-//mybatis.org//DTD Mapper 3.0//EN" "http://mybatis.org/dtd/mybatis-3-mapper.dtd">
<!--
    SQL File Name : comm_MapsIamUserBassInfoMDAO_SQL.xml
 * @Description   : 사용자기본정보 데이터를 관리한다.
 * @author        : DT048058
 * @since         : 2019. 12. 13.
 * @version       : 1.0
 * @see
 * @Modification Information
 * <pre>
 *     since          author              description
 *  ===========    =============    ===========================
 *  2020.03.17.    DT048058         최초 생성
 * 
-->
<mapper namespace="com.mobis.maps.iam.service.dao.MapsIamUserBassInfoMDAO">

    <!--
        Query ID    : selectUserBassInfoPgList
        Description : 사용자기본정보 페이징리스트 조회
    -->
    <select id="selectUserBassInfoPgList" parameterType="com.mobis.maps.iam.vo.MapsIamUserBassInfoVO" resultType="com.mobis.maps.iam.vo.MapsIamUserBassInfoVO">
        /* Query ID=com.mobis.maps.iam.service.dao.MapsIamUserBassInfoMDAO.selectUserBassInfoPgList */
        <include refid="com.mobis.maps.cmmn.paging.selectTop"/>
        SELECT
              ROW_NUMBER() OVER(ORDER BY A.USER_BASS_ID) AS RNUM
            , A.USER_BASS_ID            /* 사용자기본ID */
            , A.USER_NM                 /* 사용자명 */
            , A.ORGNZT_SE_CD            /* 조직구분코드 */
            , A.BSN_ORGNZT_CD           /* 영업조직코드 */
            , A.ORGNZT_CD               /* 조직코드 */
            , CASE WHEN A.ORGNZT_SE_CD = 'G' THEN C.ZKUNAM      /* 일반대리점 */
                   WHEN A.ORGNZT_SE_CD = 'D' THEN C.ZKUNAM      /* 직배대리점 */
                   WHEN A.ORGNZT_SE_CD = 'E' THEN C.ZKUNAM      /* 직배딜러 */
                   WHEN A.ORGNZT_SE_CD = 'N' THEN D.NAME1       /* 국내외협력업체 */
                   WHEN A.ORGNZT_SE_CD = 'P' THEN A.ORGNZT_CD   /* PDA */
              END AS ORGNZT_NM
            , A.DEALER_CD               /* 딜러코드 */
            , C.ZDLRNAM AS DEALER_NM    /* 딜러명 */
            , A.EMAIL                   /* 이메일주소 */
            , A.MOBLPHON_NO             /* 휴대전화번호 */
            , A.OFFM_TELNO              /* 사무실전화번호 */
            , A.FAX_TELNO               /* 팩스전화번호 */
            , A.USE_YN                  /* 사용여부 */
            , A.DEL_YN                  /* 삭제여부 */
            , A.REGIST_ID               /* 생성자ID */
            , A.REGIST_DT               /* 생성일시 */
            , A.UPDT_ID                 /* 수정자ID */
            , A.UPDT_DT                 /* 수정일시 */
        FROM  IAMDB.T_USER_BASS_INFO A  
             LEFT OUTER JOIN MAPSDB.ZPSDT1805 B
             ON  B.VKORG = A.BSN_ORGNZT_CD
             AND B.KUNNR = A.ORGNZT_CD
             LEFT OUTER JOIN MAPSDB.ZPSDT1806 C
             ON  B.VKORG = C.VKORG
             AND B.ZSACUTM = C.ZKUNNR
             LEFT OUTER JOIN MAPSDB.ZPMMS40010I D
             ON  D.SYSID = #{rfcPcSysId}    /* SAP System */
             AND D.MANDT = #{rfcPcClient}   /* 클라이언트  */
             AND D.BUKRS = A.BSN_ORGNZT_CD  /* 회사 코드 */
             AND D.LIFNR = A.ORGNZT_CD      /* 공급업체 또는 채권자의 계정 번호 */
        WHERE 1=1
        <choose>
            <when test='@org.apache.commons.lang3.StringUtils@isNotBlank(orgnztSeCd)'>
        AND   A.ORGNZT_SE_CD = #{orgnztSeCd}    /* 조직구분코드 */
            </when>
            <otherwise>
                <if test='@org.apache.commons.lang3.ArrayUtils@isNotEmpty(orgnztSeCds)'>
        AND   A.ORGNZT_SE_CD <foreach collection="orgnztSeCds" item="orgnztSeCd" index="i"  open="IN (" close=")" separator=",">#{orgnztSeCd}</foreach>
                </if>
            </otherwise>
        </choose>
        <if test='@org.apache.commons.lang3.StringUtils@isNotBlank(bsnOrgnztCd)'>
        AND   A.BSN_ORGNZT_CD = #{bsnOrgnztCd}  /* 영업조직코드 */
        </if>
        <if test='@org.apache.commons.lang3.StringUtils@isNotBlank(orgnztCd)'>
        AND   A.ORGNZT_CD LIKE CONCAT('%', #{orgnztCd}, '%')    /* 조직코드 */
        </if>
        <if test='@org.apache.commons.lang3.ArrayUtils@isNotEmpty(orgnztCds)'>
        AND   A.ORGNZT_CD <foreach collection="orgnztCds" item="orgnztCd" index="i"  open="IN (" close=")" separator=",">#{orgnztCd}</foreach>
        </if>
        <if test='@org.apache.commons.lang3.StringUtils@isNotBlank(dealerCd)'>
        AND   A.DEALER_CD = #{dealerCd}         /* 딜러코드 */
        </if>
        <if test='@org.apache.commons.lang3.StringUtils@isNotBlank(kwrdTy)'>
        <choose>
            <when test='@org.apache.commons.lang3.StringUtils@equals(kwrdTy, "userBassId")'>
        AND   A.USER_BASS_ID LIKE CONCAT('%', #{kwrd}, '%')
            </when>
            <when test='@org.apache.commons.lang3.StringUtils@equals(kwrdTy, "userNm")'>
        AND   A.USER_NM LIKE CONCAT('%', #{kwrd}, '%')
            </when>
            <when test='@org.apache.commons.lang3.StringUtils@equals(kwrdTy, "email")'>
        AND   A.EMAIL LIKE CONCAT('%', #{kwrd}, '%')
            </when>
        </choose>
        </if>
        <if test='@org.apache.commons.lang3.StringUtils@isNotBlank(useYn)'>
        AND   A.USE_YN = #{useYn}   /* 사용여부 */
        </if>
        <if test='@org.apache.commons.lang3.StringUtils@isNotBlank(delYn)'>
        AND   A.DEL_YN = #{delYn}   /* 삭제여부 */
        </if>
        <include refid="com.mobis.maps.cmmn.paging.selectBottom"/>
    </select>
    
    <!--
        Query ID    : selectPopupUserBassInfoPgList
        Description : 사용자기본정보 페이징리스트 조회
    -->
    <select id="selectPopupUserBassInfoPgList" parameterType="com.mobis.maps.iam.vo.MapsIamUserBassInfoVO" resultType="com.mobis.maps.iam.vo.MapsIamUserBassInfoVO">
        /* Query ID=com.mobis.maps.iam.service.dao.MapsIamUserBassInfoMDAO.selectPopupUserBassInfoPgList */
        <include refid="com.mobis.maps.cmmn.paging.selectTop"/>
        SELECT
              ROW_NUMBER() OVER(ORDER BY DATA.USER_BASS_ID) AS RNUM
            , DATA.* 
        FROM  (
            SELECT
                  A.USER_BASS_ID            /* 사용자기본ID */
                , A.USER_NM                 /* 사용자명 */
                , A.ORGNZT_SE_CD            /* 조직구분코드 */
                , A.BSN_ORGNZT_CD           /* 영업조직코드 */
                , A.ORGNZT_CD               /* 조직코드 */
                , CASE WHEN A.ORGNZT_SE_CD = 'G' THEN C.ZKUNAM      /* 일반대리점 */
                       WHEN A.ORGNZT_SE_CD = 'D' THEN C.ZKUNAM      /* 직배대리점 */
                       WHEN A.ORGNZT_SE_CD = 'E' THEN C.ZKUNAM      /* 직배딜러 */
                       WHEN A.ORGNZT_SE_CD = 'N' THEN D.NAME1       /* 국내외협력업체 */
                  END AS ORGNZT_NM
                , A.DEALER_CD               /* 딜러코드 */
                , C.ZDLRNAM AS DEALER_NM    /* 딜러명 */
                , A.EMAIL                   /* 이메일주소 */
                , A.MOBLPHON_NO             /* 휴대전화번호 */
                , A.OFFM_TELNO              /* 사무실전화번호 */
                , A.FAX_TELNO               /* 팩스전화번호 */
            FROM  IAMDB.T_USER_BASS_INFO A  
                 LEFT OUTER JOIN MAPSDB.ZPSDT1805 B
                 ON  B.VKORG = A.BSN_ORGNZT_CD
                 AND B.KUNNR = A.ORGNZT_CD
                 LEFT OUTER JOIN MAPSDB.ZPSDT1806 C
                 ON  B.VKORG = C.VKORG
                 AND B.ZSACUTM = C.ZKUNNR
                 LEFT OUTER JOIN MAPSDB.ZPMMS40010I D
                 ON  D.SYSID = #{rfcPcSysId}    /* SAP System */
                 AND D.MANDT = #{rfcPcClient}   /* 클라이언트  */
                 AND D.BUKRS = A.BSN_ORGNZT_CD  /* 회사 코드 */
                 AND D.LIFNR = A.ORGNZT_CD      /* 공급업체 또는 채권자의 계정 번호 */
            WHERE 1=1
            <if test='@org.apache.commons.lang3.StringUtils@isNotBlank(orgnztSeCd)'>
            AND   A.ORGNZT_SE_CD = #{orgnztSeCd}    /* 조직구분코드 */
            </if>
            <if test='@org.apache.commons.lang3.StringUtils@isNotBlank(bsnOrgnztCd)'>
            AND   A.BSN_ORGNZT_CD = #{bsnOrgnztCd}  /* 영업조직코드 */
            </if>
            <if test='@org.apache.commons.lang3.StringUtils@isNotBlank(orgnztCd)'>
            AND   A.ORGNZT_CD LIKE CONCAT('%', #{orgnztCd}, '%')        /* 조직코드 */
            </if>
            <if test='@org.apache.commons.lang3.StringUtils@isNotBlank(dealerCd)'>
            AND   A.DEALER_CD LIKE CONCAT('%', #{dealerCd}, '%')         /* 딜러코드 */
            </if>
            <if test='@org.apache.commons.lang3.StringUtils@isNotBlank(kwrdTy)'>
            <choose>
                <when test='@org.apache.commons.lang3.StringUtils@equals(kwrdTy, "userBassId")'>
            AND   A.USER_BASS_ID LIKE CONCAT('%', #{kwrd}, '%')
                </when>
                <when test='@org.apache.commons.lang3.StringUtils@equals(kwrdTy, "userNm")'>
            AND   A.USER_NM LIKE CONCAT('%', #{kwrd}, '%')
                </when>
            </choose>
            </if>
            AND   A.USE_YN = 'Y'   /* 사용여부 */
            AND   A.DEL_YN = 'N'   /* 삭제여부 */
               ) DATA
        WHERE 1=1
        <if test='@org.apache.commons.lang3.StringUtils@isNotBlank(orgnztNm)'>
        AND   DATA.ORGNZT_NM LIKE CONCAT('%', #{orgnztNm}, '%')         /* 조직명 */
        </if>
        <if test='@org.apache.commons.lang3.StringUtils@isNotBlank(dealerNm)'>
        AND   DATA.DEALER_NM LIKE CONCAT('%', #{dealerNm}, '%')         /* 딜러명 */
        </if>
        ORDER BY DATA.USER_BASS_ID
        <include refid="com.mobis.maps.cmmn.paging.selectBottom"/>
    </select>
    
    <!--
        Query ID    : selectUserBassInfo
        Description : 사용자기본정보 조회
    -->
    <select id="selectUserBassInfo" parameterType="com.mobis.maps.iam.vo.MapsIamUserBassInfoVO" resultType="com.mobis.maps.iam.vo.MapsIamUserBassInfoVO">
        /* Query ID=com.mobis.maps.iam.service.dao.MapsIamUserBassInfoMDAO.selectUserBassInfo */
        SELECT
              A.USER_BASS_ID    /* 사용자기본ID */
            , A.USER_NM         /* 사용자명 */
            , A.ORGNZT_SE_CD    /* 조직구분코드 */
            , A.BSN_ORGNZT_CD   /* 영업조직코드 */
            , A.ORGNZT_CD       /* 조직코드 */
            , A.DEALER_CD       /* 딜러코드 */
            , A.EMAIL           /* 이메일주소 */
            , A.MOBLPHON_NO     /* 휴대전화번호 */
            , A.OFFM_TELNO      /* 사무실전화번호 */
            , A.FAX_TELNO       /* 팩스전화번호 */
            , A.USE_YN          /* 사용여부 */
            , A.DEL_YN          /* 삭제여부 */
            , A.REGIST_ID       /* 생성자ID */
            , A.REGIST_DT       /* 생성일시 */
            , A.UPDT_ID         /* 수정자ID */
            , A.UPDT_DT         /* 수정일시 */
        FROM  IAMDB.T_USER_BASS_INFO A
        WHERE 1=1
        AND   A.USER_BASS_ID = #{userBassId}    /* 사용자기본ID */
    </select>
    
    <!--
        Query ID    : selectHasUserBassInfo
        Description : 사용자기본정보 존재 조회
    -->
    <select id="selectHasUserBassInfo" parameterType="com.mobis.maps.iam.vo.MapsIamUserBassInfoVO"  resultType="com.mobis.maps.iam.vo.MapsIamUserBassInfoVO">
        /* Query ID=com.mobis.maps.iam.service.dao.MapsIamUserBassInfoMDAO.selectHasUserBassInfo */
        SELECT
              MAX(USER_BASS_ID) AS USER_BASS_ID
        FROM  IAMDB.T_USER_BASS_INFO
        WHERE 1 = 1
        <if test='@org.apache.commons.lang3.StringUtils@isNotBlank(userBassId)'>
        <choose>
            <when test='@org.apache.commons.lang3.StringUtils@equals(userBassId, "NEW")'>
        AND   EMAIL = #{email}
            </when>
            <otherwise>
        AND   USER_BASS_ID = #{userBassId}
        OR    EMAIL = #{email}
            </otherwise>
        </choose> 
        </if>
        <if test='@org.apache.commons.lang3.StringUtils@isBlank(userBassId)'>
        AND   EMAIL = #{email}
        </if>
    </select>
    
    <!--
        Query ID    : insertUserIdSeq
        Description : 사용자ID순번 채번 등록
    -->
    <insert id="insertUserIdSeq" parameterType="com.mobis.maps.iam.vo.MapsIamUserIdSeqVO">
        /* Query ID=com.mobis.maps.iam.service.dao.MapsIamUserBassInfoMDAO.insertUserIdSeq */
        <selectKey keyProperty="userIdSn,userIdSnHex,userId" resultType="com.mobis.maps.iam.vo.MapsIamUserIdSeqVO" order="BEFORE">
        SELECT
              NVL(MAX(USER_ID_SN) + 1, 1) AS USER_ID_SN
            , CONV(NVL(MAX(USER_ID_SN ) + 1, 1), 10, 16) AS USER_ID_SN_HEX
        <choose>
            <when test='@org.apache.commons.lang3.StringUtils@equals(orgnztSeCd, "E")'>
            , CONCAT(#{dealerCd}, LPAD(NVL(MAX(USER_ID_SN) + 1 , 1), 10 - LENGTH(#{dealerCd}), '0')) AS USER_ID
            </when>
            <otherwise>
            , CONCAT(#{orgnztCd}, LPAD(NVL(MAX(USER_ID_SN) + 1 , 1), 10 - LENGTH(#{orgnztCd}), '0')) AS USER_ID
            </otherwise>
        </choose>
        FROM  IAMDB.T_USER_ID_SEQ A
        WHERE 1=1
        AND   ORGNZT_SE_CD = #{orgnztSeCd}    /* 조직구분코드 */
        AND   BSN_ORGNZT_CD = #{bsnOrgnztCd}  /* 영업조직코드 */
        AND   ORGNZT_CD = #{orgnztCd}         /* 조직코드 */
        <if test='@org.apache.commons.lang3.StringUtils@equals(orgnztSeCd, "E")'>
        AND   DEALER_CD = #{dealerCd}         /* 딜러코드 */
        </if>
        </selectKey>
        INSERT INTO IAMDB.T_USER_ID_SEQ (
              ORGNZT_SE_CD
            , BSN_ORGNZT_CD
            , ORGNZT_CD
            , DEALER_CD
            , USER_ID_SN
            , USER_ID_SN_HEX
            , USER_ID
            , REGIST_ID
            , REGIST_DT
            , UPDT_ID
            , UPDT_DT
        )  VALUES (
              #{orgnztSeCd}         /* 조직구분코드 */
            , #{bsnOrgnztCd}        /* 영업조직코드 */
            , #{orgnztCd}           /* 조직코드 */
            , NVL(#{dealerCd}, '')  /* 딜러코드 */
            , #{userIdSn}           /* 사용자ID순번 */
            , #{userIdSnHex}        /* 사용자ID순번16진수 */
            , #{userId}             /* 사용자ID */
            , #{registId}           /* 생성자ID */
            , CURRENT_TIMESTAMP     /* 생성일시 */
            , #{updtId}             /* 수정자ID */
            , CURRENT_TIMESTAMP     /* 수정일시 */
        )
        ON DUPLICATE KEY 
        UPDATE
              USER_ID_SN = #{userIdSn}
            , USER_ID_SN_HEX = #{userIdSnHex}
            , USER_ID = #{userId}
            , UPDT_ID = #{updtId}         /* 수정자ID */
            , UPDT_DT = CURRENT_TIMESTAMP /* 수정일시 */
    </insert>
      
    <!--
        Query ID    : insertUserBassInfo
        Description : 사용자기본정보 등록
    -->
    <insert id="insertUserBassInfo" parameterType="com.mobis.maps.iam.vo.MapsIamUserBassInfoVO">
        /* Query ID=com.mobis.maps.iam.service.dao.MapsIamUserBassInfoMDAO.insertUserBassInfo */
        <selectKey keyProperty="userBassId" resultType="String" order="BEFORE">
        SELECT
        <choose>
            <when test='@org.apache.commons.lang3.StringUtils@equals(userBassId, "NEW")'>
                <choose>
                    <when test='@org.apache.commons.lang3.StringUtils@contains("G|N|D", orgnztSeCd)'>
              (SELECT
                     CONCAT(#{orgnztCd}, LPAD(NVL(MAX(MID(A.USER_ID, LENGTH(#{orgnztCd}) + 1, 10 - LENGTH(#{orgnztCd}))),0) + 1, 10 - LENGTH(#{orgnztCd}), '0')) AS USER_BASS_ID
               FROM  IAMDB.T_USER_MST A
               WHERE 1=1
               AND   A.ORGNZT_SE_CD = #{orgnztSeCd}
               AND   A.BSN_ORGNZT_CD = #{bsnOrgnztCd}
               AND   A.ORGNZT_CD = #{orgnztCd}
               AND   A.USER_ID REGEXP CONCAT('^', #{orgnztCd}, '[0-9]+$')
               AND   LENGTH(A.USER_ID) = 10
               ) AS USER_BASS_ID
                    </when>
                    <when test='@org.apache.commons.lang3.StringUtils@equals(orgnztSeCd, "E")'>
              (SELECT
                     CONCAT(#{dealerCd}, LPAD(NVL(MAX(MID(A.USER_ID, LENGTH(#{dealerCd}) + 1, 10 - LENGTH(#{dealerCd}))),0) + 1, 10 - LENGTH(#{dealerCd}), '0')) AS USER_BASS_ID
               FROM  IAMDB.T_USER_MST A
               WHERE 1=1
               AND   A.ORGNZT_SE_CD = #{orgnztSeCd}
               AND   A.BSN_ORGNZT_CD = #{bsnOrgnztCd}
               AND   A.ORGNZT_CD = #{orgnztCd}
               AND   A.DEALER_CD = #{dealerCd}
               AND   A.USER_ID REGEXP CONCAT('^', #{dealerCd}, '[0-9]+$')
               AND   LENGTH(A.USER_ID) = 10
               ) AS USER_BASS_ID
                    </when>
                    <otherwise>
              #{userBassId} AS USER_BASS_ID
                    </otherwise>
                </choose>
            </when>
            <otherwise>
              #{userBassId} AS USER_BASS_ID
            </otherwise>
        </choose>
        FROM  DUAL
        </selectKey>
        INSERT INTO IAMDB.T_USER_BASS_INFO (
              USER_BASS_ID  /* 사용자기본ID */
            , USER_NM       /* 사용자명 */
            , ORGNZT_SE_CD  /* 조직구분코드 */
            , BSN_ORGNZT_CD /* 영업조직코드 */
            , ORGNZT_CD     /* 조직코드 */
            , DEALER_CD     /* 딜러코드 */
            , EMAIL         /* 이메일주소 */
            , MOBLPHON_NO   /* 휴대전화번호 */
            , OFFM_TELNO    /* 사무실전화번호 */
            , FAX_TELNO     /* 팩스전화번호 */
            , USE_YN        /* 사용여부 */
            , DEL_YN        /* 삭제여부 */
            , REGIST_ID     /* 생성자ID */
            , REGIST_DT     /* 생성일시 */
            , UPDT_ID       /* 수정자ID */
            , UPDT_DT       /* 수정일시 */
        ) VALUES (
              #{userBassId}     /* 사용자기본ID */
            , #{userNm}         /* 사용자명 */
            , #{orgnztSeCd}     /* 조직구분코드 */
            , #{bsnOrgnztCd}    /* 영업조직코드 */
            , #{orgnztCd}       /* 조직코드 */
            , #{dealerCd}       /* 딜러코드 */
            , #{email}          /* 이메일주소 */
            , #{moblphonNo}     /* 휴대전화번호 */
            , #{offmTelno}      /* 사무실전화번호 */
            , #{faxTelno}       /* 팩스전화번호 */
            , #{useYn}          /* 사용여부 */
            , #{delYn}          /* 삭제여부 */
            , #{registId}       /* 생성자ID */
            , CURRENT_TIMESTAMP /* 생성일시 */
            , #{updtId}         /* 수정자ID */
            , CURRENT_TIMESTAMP /* 수정일시 */
        )
    </insert>
    
    <!--
        Query ID    : updateUserBassInfo
        Description : 사용자기본정보 수정                                   
    -->
    <update id="updateUserBassInfo" parameterType="com.mobis.maps.iam.vo.MapsIamUserBassInfoVO">
        /* Query ID=com.mobis.maps.iam.service.dao.MapsIamUserBassInfoMDAO.updateUserBassInfo */
        UPDATE IAMDB.T_USER_BASS_INFO
        SET   USER_NM = #{userNm}               /* 사용자명 */
            , ORGNZT_SE_CD = #{orgnztSeCd}      /* 조직구분코드 */
            , BSN_ORGNZT_CD = #{bsnOrgnztCd}    /* 영업조직코드 */
            , ORGNZT_CD = #{orgnztCd}           /* 조직코드 */
            , DEALER_CD = #{dealerCd}           /* 딜러코드 */
            , EMAIL = #{email}                  /* 이메일주소 */
            , MOBLPHON_NO = #{moblphonNo}       /* 휴대전화번호 */
            , OFFM_TELNO = #{offmTelno}         /* 사무실전화번호 */
            , FAX_TELNO = #{faxTelno}           /* 팩스전화번호 */
            , USE_YN = #{useYn}                 /* 사용여부 */
            , DEL_YN = #{delYn}                 /* 삭제여부 */
            , UPDT_ID = #{updtId}               /* 수정자ID */
            , UPDT_DT = CURRENT_TIMESTAMP       /* 수정일시 */
        WHERE 1=1
        AND   USER_BASS_ID = #{userBassId}  /* 사용자기본ID */
    </update>
    
    <!--
        Query ID    : updateDeleteUserBassInfo
        Description : 사용자기본정보 삭제
    -->
    <update id="updateDeleteUserBassInfo" parameterType="com.mobis.maps.iam.vo.MapsIamUserBassInfoVO">
        /* Query ID=com.mobis.maps.iam.service.dao.MapsIamUserBassInfoMDAO.updateDeleteUserBassInfo */
        UPDATE IAMDB.T_USER_BASS_INFO
        SET   USE_YN = 'N'                  /* 사용여부 */
            , DEL_YN = 'Y'                  /* 삭제여부 */
            , UPDT_ID = #{updtId}           /* 수정자ID */
            , UPDT_DT = CURRENT_TIMESTAMP   /* 수정일시 */
        WHERE 1=1
        AND   USER_BASS_ID = #{userBassId}  /* 사용자기본ID */
    </update>
    
    <!--
        Query ID    : deleteUserBassInfo
        Description : 사용자기본정보 삭제
    -->
    <delete id="deleteUserBassInfo" parameterType="com.mobis.maps.iam.vo.MapsIamUserBassInfoVO">
        /* Query ID=com.mobis.maps.iam.service.dao.MapsIamUserBassInfoMDAO.deleteUserBassInfo */
        DELETE
        FROM  IAMDB.T_USER_BASS_INFO
        WHERE 1=1
        AND   USER_BASS_ID = #{userBassId}  /* 사용자기본ID */
    </delete>
    
    <!--
        Query ID    : selectUserBassChghstPgList
        Description : 사용자기본변경이력 페이징리스트 조회
    -->
    <select id="selectUserBassChghstPgList" parameterType="com.mobis.maps.iam.vo.MapsIamUserBassInfoVO" resultType="com.mobis.maps.iam.vo.MapsIamUserBassInfoVO">
        /* Query ID=com.mobis.maps.iam.service.dao.MapsIamUserBassInfoMDAO.selectUserBassChghstPgList */
        <include refid="com.mobis.maps.cmmn.paging.selectTop"/>
        SELECT
              ROW_NUMBER() OVER(ORDER BY A.USER_BASS_ID, A.CHANGE_DT DESC) AS RNUM
            , A.CHANGE_DT       /* 변경일시 */
            , A.USER_BASS_ID    /* 사용자기본ID */
            , A.CHANGE_SE_CD    /* 변경구분코드 */
            , A.USER_NM         /* 사용자명 */
            , A.ORGNZT_SE_CD    /* 조직구분코드 */
            , A.BSN_ORGNZT_CD   /* 영업조직코드 */
            , A.ORGNZT_CD       /* 조직코드 */
            , A.DEALER_CD       /* 딜러코드 */
            , A.EMAIL           /* 이메일주소 */
            , A.MOBLPHON_NO     /* 휴대전화번호 */
            , A.OFFM_TELNO      /* 사무실전화번호 */
            , A.FAX_TELNO       /* 팩스전화번호 */
            , A.USE_YN          /* 사용여부 */
            , A.DEL_YN          /* 삭제여부 */
            , A.CHANGE_ID       /* 변경자ID */
        FROM  IAMDB.T_USER_BASS_CHGHST A
        WHERE 1=1
        AND   A.USER_BASS_ID = #{userBassId}        /* 사용자기본ID */
        AND   A.CHANGE_DT >= STR_TO_DATE(CONCAT(DATE_FORMAT(#{strtDt}, '%Y%m%d'),'000000'), '%Y%m%d%H%i%S')         /* 변경시작일자 */
        AND <![CDATA[A.CHANGE_DT <= STR_TO_DATE(CONCAT(DATE_FORMAT(#{endDt}, '%Y%m%d'),'235959'), '%Y%m%d%H%i%S')]]>/* 변경종료일자 */
        <if test='@org.apache.commons.lang3.StringUtils@isNotBlank(changeSeCd)'>
        AND   A.CHANGE_SE_CD = #{changeSeCd}                    /* 변경구분코드 */
        </if>
        <if test='@org.apache.commons.lang3.StringUtils@isNotBlank(changeId)'>
        AND   A.CHANGE_ID LIKE CONCAT('%', #{changeId}, '%')    /* 변경자ID */
        </if>
        ORDER BY A.USER_BASS_ID
               , A.CHANGE_DT DESC
        <include refid="com.mobis.maps.cmmn.paging.selectBottom"/>
    </select>
    
    <!--
        Query ID    : insertUserBassChghst
        Description : 사용자기본정보 변경이력 등록
    -->
    <insert id="insertUserBassChghst" parameterType="com.mobis.maps.iam.vo.MapsIamUserBassInfoVO">
        /* Query ID=com.mobis.maps.iam.service.dao.MapsIamUserBassInfoMDAO.insertUserBassChghst */
        INSERT INTO IAMDB.T_USER_BASS_CHGHST (
              CHANGE_DT     /* 변경일시 */
            , USER_BASS_ID  /* 사용자기본ID */
            , CHANGE_SE_CD  /* 변경구분코드 */
            , USER_NM       /* 사용자명 */
            , ORGNZT_SE_CD  /* 조직구분코드 */
            , BSN_ORGNZT_CD /* 영업조직코드 */
            , ORGNZT_CD     /* 조직코드 */
            , DEALER_CD     /* 딜러코드 */
            , EMAIL         /* 이메일주소 */
            , MOBLPHON_NO   /* 휴대전화번호 */
            , OFFM_TELNO    /* 사무실전화번호 */
            , FAX_TELNO     /* 팩스전화번호 */
            , USE_YN        /* 사용여부 */
            , DEL_YN        /* 삭제여부 */
            , CHANGE_ID     /* 변경자ID */
        ) VALUES (
              CURRENT_TIMESTAMP /* 변경일시 */
            , #{userBassId}     /* 사용자기본ID */
            , #{changeSeCd}     /* 변경구분코드 */
            , #{userNm}         /* 사용자명 */
            , #{orgnztSeCd}     /* 조직구분코드 */
            , #{bsnOrgnztCd}    /* 영업조직코드 */
            , #{orgnztCd}       /* 조직코드 */
            , #{dealerCd}       /* 딜러코드 */
            , #{email}          /* 이메일주소 */
            , #{moblphonNo}     /* 휴대전화번호 */
            , #{offmTelno}      /* 사무실전화번호 */
            , #{faxTelno}       /* 팩스전화번호 */
            , #{useYn}          /* 사용여부 */
            , #{delYn}          /* 삭제여부 */
            , #{changeId}       /* 변경자ID */
        )
    </insert>
    
</mapper>