<?xml version="1.0" encoding="UTF-8" ?>
<!DOCTYPE mapper PUBLIC "-//mybatis.org//DTD Mapper 3.0//EN" "http://mybatis.org/dtd/mybatis-3-mapper.dtd">
<!--
    SQL File Name : comm_MapsIamWordDicaryMDAO_SQL.xml
 * @Description   : 용어사전 데이터를 관리한다.
 * @author        : DT048657
 * @since         : 2019. 9. 5.
 * @version       : 1.0
 * @see
 * @Modification Information
 * <pre>
 *     since          author              description
 *  ===========    =============    ===========================
 *  2019. 9. 5.     DT048657        최초 생성
 * 
-->
<mapper namespace="com.mobis.maps.iam.service.dao.MapsIamWordDicaryMDAO">

    <!--
        Query ID    : selectWdDicPgList
        Description : 용어사전 리스트 조회
    -->
    <select id="selectWdDicPgList" parameterType="com.mobis.maps.iam.vo.MapsIamWordDicaryVO" resultType="com.mobis.maps.iam.vo.MapsIamWordDicaryVO">
        /* Query ID=com.mobis.maps.iam.service.dao.MapsIamWordDicaryMDAO.selectWdDicPgList */
        <include refid="com.mobis.maps.cmmn.paging.selectTop"/>
        SELECT
              ROW_NUMBER() OVER(ORDER BY D.DICARY_ID) AS RNUM
            , D.*
        FROM  (        
            SELECT                  
                  MAX(D.DICARY_ID) AS DICARY_ID 
                , MAX(D.WORD_ID) AS WORD_ID    
                , NVL(MAX(D.LANG_CD), #{langCd}) AS LANG_CD
                , MAX(D.ORGINL_WORD) AS ORGINL_WORD
                , MAX(D.ABBREV_WORD_1) AS ABBREV_WORD_1
                , MAX(D.ABBREV_WORD_2) AS ABBREV_WORD_2
                , MAX(D.ABBREV_WORD_3) AS ABBREV_WORD_3
                , MAX(D.ABBREV_WORD_4) AS ABBREV_WORD_4
                , MAX(D.ABBREV_WORD_5) AS ABBREV_WORD_5
                , MAX(D.WORD_DC) AS WORD_DC
                , MAX(D.USE_YN) AS USE_YN
                , MAX(D.REGIST_ID) AS REGIST_ID
                , MAX(D.REGIST_DT) AS REGIST_DT
                , MAX(D.UPDT_ID) AS UPDT_ID
                , MAX(D.UPDT_DT) AS UPDT_DT
                , MAX(D.REFRN_DICARY_ID) AS REFRN_DICARY_ID
                , NVL(MAX(D.REFRN_LANG_CD), #{refrnLangCd}) AS REFRN_LANG_CD
                , MAX(D.REFRN_ORGINL_WORD) AS REFRN_ORGINL_WORD
                , MAX(D.REFRN_ABBREV_WORD_1) AS REFRN_ABBREV_WORD_1
                , MAX(D.REFRN_ABBREV_WORD_2) AS REFRN_ABBREV_WORD_2
                , MAX(D.REFRN_ABBREV_WORD_3) AS REFRN_ABBREV_WORD_3
                , MAX(D.REFRN_ABBREV_WORD_4) AS REFRN_ABBREV_WORD_4
                , MAX(D.REFRN_ABBREV_WORD_5) AS REFRN_ABBREV_WORD_5
                , MAX(D.REFRN_WORD_DC) AS REFRN_WORD_DC
                , MAX(D.REFRN_USE_YN) AS REFRN_USE_YN
            FROM  (       
                    SELECT
                          0 AS LANG_TYPE
                        , DICARY_ID  
                        , WORD_ID    
                        , LANG_CD
                        , ORGINL_WORD
                        , ABBREV_WORD_1
                        , ABBREV_WORD_2
                        , ABBREV_WORD_3
                        , ABBREV_WORD_4
                        , ABBREV_WORD_5
                        , WORD_DC
                        , USE_YN
                        , REGIST_ID
                        , REGIST_DT
                        , UPDT_ID
                        , UPDT_DT
                        , NULL AS REFRN_DICARY_ID
                        , NULL AS REFRN_LANG_CD
                        , NULL AS REFRN_ORGINL_WORD
                        , NULL AS REFRN_ABBREV_WORD_1
                        , NULL AS REFRN_ABBREV_WORD_2
                        , NULL AS REFRN_ABBREV_WORD_3
                        , NULL AS REFRN_ABBREV_WORD_4
                        , NULL AS REFRN_ABBREV_WORD_5
                        , NULL AS REFRN_WORD_DC
                        , NULL AS REFRN_USE_YN
                    FROM  IAMDB.T_WORD_DICARY_MST
                    WHERE 1=1
                    AND   LANG_CD = #{langCd}
                    UNION
                    SELECT
                          1 AS LANG_TYPE
                        , NULL  
                        , WORD_ID    
                        , NULL
                        , NULL
                        , NULL
                        , NULL
                        , NULL
                        , NULL
                        , NULL
                        , NULL
                        , NULL
                        , NULL
                        , NULL
                        , NULL
                        , NULL
                        , DICARY_ID     AS REFRN_DICARY_ID
                        , LANG_CD       AS REFRN_LANG_CD
                        , ORGINL_WORD   AS REFRN_ORGINL_WORD
                        , ABBREV_WORD_1 AS REFRN_ABBREV_WORD_1
                        , ABBREV_WORD_2 AS REFRN_ABBREV_WORD_2
                        , ABBREV_WORD_3 AS REFRN_ABBREV_WORD_3
                        , ABBREV_WORD_4 AS REFRN_ABBREV_WORD_4
                        , ABBREV_WORD_5 AS REFRN_ABBREV_WORD_5
                        , WORD_DC       AS REFRN_WORD_DC
                        , USE_YN        AS REFRN_USE_YN
                    FROM  IAMDB.T_WORD_DICARY_MST
                    WHERE 1=1
                    AND   LANG_CD = #{refrnLangCd}
                  ) D
            WHERE 1=1                  
            GROUP BY D.WORD_ID
            ORDER BY D.DICARY_ID
            ) D
        WHERE 1=1
        <if test='@org.apache.commons.lang3.StringUtils@isNotBlank(wordId)'>
        AND   D.WORD_ID LIKE CONCAT(#{wordId}, '%')
        </if>
        <if test='@org.apache.commons.lang3.StringUtils@isNotBlank(kwrdTy)'>
            <choose>
                <when test='@org.apache.commons.lang3.StringUtils@equals(kwrdTy, "AA")'>
                    <if test='@org.apache.commons.lang3.StringUtils@isNotBlank(kwrd)'>
        AND   (D.ORGINL_WORD LIKE CONCAT('%', #{kwrd}, '%')
                OR D.ABBREV_WORD_1 LIKE CONCAT('%', #{kwrd}, '%')
                OR D.ABBREV_WORD_2 LIKE CONCAT('%', #{kwrd}, '%')
                OR D.ABBREV_WORD_3 LIKE CONCAT('%', #{kwrd}, '%')
                OR D.ABBREV_WORD_4 LIKE CONCAT('%', #{kwrd}, '%')
                OR D.ABBREV_WORD_5 LIKE CONCAT('%', #{kwrd}, '%')
                OR D.REFRN_ORGINL_WORD LIKE CONCAT('%', #{kwrd}, '%')
                OR D.REFRN_ABBREV_WORD_1 LIKE CONCAT('%', #{kwrd}, '%')
                OR D.REFRN_ABBREV_WORD_2 LIKE CONCAT('%', #{kwrd}, '%')
                OR D.REFRN_ABBREV_WORD_3 LIKE CONCAT('%', #{kwrd}, '%')
                OR D.REFRN_ABBREV_WORD_4 LIKE CONCAT('%', #{kwrd}, '%')
                OR D.REFRN_ABBREV_WORD_5 LIKE CONCAT('%', #{kwrd}, '%')
               )
                    </if>
                </when>
                <when test='@org.apache.commons.lang3.StringUtils@equals(kwrdTy, "00")'>
        AND   (D.ORGINL_WORD LIKE CONCAT('%', #{kwrd}, '%')
                OR D.REFRN_ORGINL_WORD LIKE CONCAT('%', #{kwrd}, '%')
               )
                </when>
                <when test='@org.apache.commons.lang3.StringUtils@equals(kwrdTy, "01")'>
        AND   (D.ABBREV_WORD_1 LIKE CONCAT('%', #{kwrd}, '%')
                OR D.REFRN_ABBREV_WORD_1 LIKE CONCAT('%', #{kwrd}, '%')
               )
                </when>
                <when test='@org.apache.commons.lang3.StringUtils@equals(kwrdTy, "02")'>
        AND   (D.ABBREV_WORD_2 LIKE CONCAT('%', #{kwrd}, '%')
                OR D.REFRN_ABBREV_WORD_2 LIKE CONCAT('%', #{kwrd}, '%')
               )
                </when>
                <when
                    test='@org.apache.commons.lang3.StringUtils@equals(kwrdTy, "03")'>
        AND   (D.ABBREV_WORD_3 LIKE CONCAT('%', #{kwrd}, '%')
                OR D.REFRN_ABBREV_WORD_3 LIKE CONCAT('%', #{kwrd}, '%')
               )
                </when>
                <when test='@org.apache.commons.lang3.StringUtils@equals(kwrdTy, "04")'>
        AND   (D.ABBREV_WORD_4 LIKE CONCAT('%', #{kwrd}, '%')
                OR D.REFRN_ABBREV_WORD_4 LIKE CONCAT('%', #{kwrd}, '%')
               )
                </when>
                <when test='@org.apache.commons.lang3.StringUtils@equals(kwrdTy, "05")'>
        AND   (D.ABBREV_WORD_5 LIKE CONCAT('%', #{kwrd}, '%')
                OR D.REFRN_ABBREV_WORD_5 LIKE CONCAT('%', #{kwrd}, '%')
               )
                </when>
            </choose>
        </if>                        
        <include refid="com.mobis.maps.cmmn.paging.selectBottom"/>
    </select>
    
    <!--
        Query ID    : selectWdDicInfo
        Description : 용어사전 조회
    -->
    <select id="selectWdDicInfo" parameterType="com.mobis.maps.iam.vo.MapsIamWordDicaryVO" resultType="com.mobis.maps.iam.vo.MapsIamWordDicaryVO">
        /* Query ID=com.mobis.maps.iam.service.dao.MapsIamWdDicMDAO.selectWdDicInfo */
        SELECT
              DICARY_ID
            , WORD_ID
            , LANG_CD
            , ORGINL_WORD
            , ABBREV_WORD_1
            , ABBREV_WORD_2
            , ABBREV_WORD_3
            , ABBREV_WORD_4
            , ABBREV_WORD_5
            , WORD_DC
            , USE_YN
            , REGIST_ID
            , REGIST_DT
            , UPDT_ID
            , UPDT_DT
        FROM  IAMDB.T_WORD_DICARY_MST
        WHERE 1=1
        AND   DICARY_ID = #{dicaryId}
    </select>
    
    <!--
        Query ID    : selectWdLangCnt
        Description : 용어별 언어 건수 조회
    -->
    <select id="selectWdLangCnt" parameterType="com.mobis.maps.iam.vo.MapsIamWordDicaryVO" resultType="int">
        /* Query ID=com.mobis.maps.iam.service.dao.MapsIamWdDicMDAO.selectWdLangCnt */
        SELECT
              COUNT(1)
        FROM  IAMDB.T_WORD_DICARY_MST
        WHERE 1=1
        AND   WORD_ID = #{wordId}
        AND   LANG_CD != #{refrnLangCd}
    </select>
    
    <!--
        Query ID    : selectWdDicInfoByOrginlWord
        Description : 원본용어에 대한 용어사전 조회
    -->
    <select id="selectWdDicInfoByOrginlWord" parameterType="com.mobis.maps.iam.vo.MapsIamWordDicaryVO" resultType="com.mobis.maps.iam.vo.MapsIamWordDicaryVO">
        /* Query ID=com.mobis.maps.iam.service.dao.MapsIamWdDicMDAO.selectWdDicInfoByOrginlWord */
        SELECT
              DICARY_ID
            , WORD_ID
            , LANG_CD
            , ORGINL_WORD
            , ABBREV_WORD_1
            , ABBREV_WORD_2
            , ABBREV_WORD_3
            , ABBREV_WORD_4
            , ABBREV_WORD_5
            , WORD_DC
            , USE_YN
            , REGIST_ID
            , REGIST_DT
            , UPDT_ID
            , UPDT_DT
        FROM  IAMDB.T_WORD_DICARY_MST
        WHERE 1=1
        AND   LANG_CD = #{langCd}
        AND   ORGINL_WORD = #{orginlWord}
    </select>
    
    <!--
        Query ID    : selectWdDicInfoByLangWordId
        Description : 언어,용어ID에 대한 용어사전 조회
    -->
    <select id="selectWdDicInfoByLangWordId" parameterType="com.mobis.maps.iam.vo.MapsIamWordDicaryVO" resultType="com.mobis.maps.iam.vo.MapsIamWordDicaryVO">
        /* Query ID=com.mobis.maps.iam.service.dao.MapsIamWdDicMDAO.selectWdDicInfoByLangWordId */
        SELECT
              DICARY_ID
            , WORD_ID
            , LANG_CD
            , ORGINL_WORD
            , ABBREV_WORD_1
            , ABBREV_WORD_2
            , ABBREV_WORD_3
            , ABBREV_WORD_4
            , ABBREV_WORD_5
            , WORD_DC
            , USE_YN
            , REGIST_ID
            , REGIST_DT
            , UPDT_ID
            , UPDT_DT
        FROM  IAMDB.T_WORD_DICARY_MST
        WHERE 1=1
        AND   WORD_ID = #{wordId}
        AND   LANG_CD = #{langCd}
    </select>
    
    <!--
        Query ID    : selectWdDicInfoByRefrnLangCd
        Description : 참조언어,용어ID에 대한 용어사전 조회
    -->
    <select id="selectWdDicInfoByRefrnLangCd" parameterType="com.mobis.maps.iam.vo.MapsIamWordDicaryVO" resultType="com.mobis.maps.iam.vo.MapsIamWordDicaryVO">
        /* Query ID=com.mobis.maps.iam.service.dao.MapsIamWdDicMDAO.selectWdDicInfoByRefrnLangCd */
        SELECT
              DICARY_ID
            , WORD_ID
            , LANG_CD
            , ORGINL_WORD
            , ABBREV_WORD_1
            , ABBREV_WORD_2
            , ABBREV_WORD_3
            , ABBREV_WORD_4
            , ABBREV_WORD_5
            , WORD_DC
            , USE_YN
        FROM  IAMDB.T_WORD_DICARY_MST
        WHERE 1=1
        AND   WORD_ID = #{wordId}
        AND   LANG_CD = #{refrnLangCd}
    </select>
    
    <!--
        Query ID    : insertWdDicInfo
        Description : 용어사전 저장
    -->
    <insert id="insertWdDicInfo" parameterType="com.mobis.maps.iam.vo.MapsIamWordDicaryVO">
        /* Query ID=com.mobis.maps.iam.service.dao.MapsIamWdDicMDAO.insertWdDicInfo */
        <selectKey keyProperty="dicaryId,wordId" resultType="hMap" order="BEFORE">
            SELECT
                  MAX(DICARY_ID) AS DICARY_ID
                , MAX(WORD_ID) AS WORD_ID
            FROM  (
                   SELECT
                         CONCAT('D', #{mapsSysSeCd}, LPAD(NVL(MAX(MID(DICARY_ID, 3, 9)), 0) + 1, 9, '0')) AS DICARY_ID
                       , CAST('' AS VARCHAR(20) CHARACTER SET UTF8)  AS WORD_ID
                   FROM  IAMDB.T_WORD_DICARY_MST
                   WHERE DICARY_ID LIKE CONCAT('D', #{mapsSysSeCd}, '%')
                   UNION ALL
                   SELECT
                         CAST('' AS VARCHAR(20) CHARACTER SET UTF8) AS DICARY_ID
                       , CASE WHEN NVL(#{wordId}, '') = '' THEN CONCAT('W', #{mapsSysSeCd}, LPAD(NVL(MAX(MID(WORD_ID, 3, 9)),0) + 1, 9, '0'))
                              ELSE #{wordId}
                         END AS WORD_ID
                   FROM  IAMDB.T_WORD_DICARY_MST
                   WHERE WORD_ID LIKE CONCAT('W', #{mapsSysSeCd}, '%')
                   ) D
        </selectKey>
        INSERT INTO IAMDB.T_WORD_DICARY_MST (
              DICARY_ID
            , WORD_ID
            , LANG_CD
            , ORGINL_WORD
            , ABBREV_WORD_1
            , ABBREV_WORD_2
            , ABBREV_WORD_3
            , ABBREV_WORD_4
            , ABBREV_WORD_5
            , WORD_DC
            , USE_YN
            , REGIST_ID
            , REGIST_DT
            , UPDT_ID
            , UPDT_DT
        ) VALUES (
              #{dicaryId}
            , #{wordId}
            , #{langCd}
            , #{orginlWord}
            , #{abbrevWord1}
            , #{abbrevWord2}
            , #{abbrevWord3}
            , #{abbrevWord4}
            , #{abbrevWord5}
            , #{wordDc}
            , #{useYn}
            , #{registId}
            , CURRENT_TIMESTAMP
            , #{updtId}
            , CURRENT_TIMESTAMP
        )
    </insert>
    
    <!--
        Query ID    : updateWdDicInfo
        Description : 용어사전 수정
        /* Query ID=com.mobis.maps.iam.service.dao.MapsIamWdDicMDAO.updateWdDicInfo */
    -->
    <update id="updateWdDicInfo" parameterType="com.mobis.maps.iam.vo.MapsIamWordDicaryVO">
        UPDATE IAMDB.T_WORD_DICARY_MST
        SET   ORGINL_WORD = #{orginlWord}
            , ABBREV_WORD_1 = #{abbrevWord1}
            , ABBREV_WORD_2 = #{abbrevWord2}
            , ABBREV_WORD_3 = #{abbrevWord3}
            , ABBREV_WORD_4 = #{abbrevWord4}
            , ABBREV_WORD_5 = #{abbrevWord5}
            , WORD_DC = #{wordDc}
            , USE_YN = #{useYn}
            , UPDT_ID = #{updtId}
            , UPDT_DT = CURRENT_TIMESTAMP
        WHERE 1=1
        AND   DICARY_ID = #{dicaryId}
        AND   WORD_ID = #{wordId}
        AND   LANG_CD = #{langCd}
    </update>
    
    <!--
        Query ID    : deleteWdDicInfo
        Description : 용어사전 삭제
    -->
    <delete id="deleteWdDicInfo" parameterType="com.mobis.maps.iam.vo.MapsIamWordDicaryVO">
        /* Query ID=com.mobis.maps.iam.service.dao.MapsIamWdDicMDAO.deleteWdDicInfo */
        DELETE
        FROM  IAMDB.T_WORD_DICARY_MST
        WHERE 1=1
        AND   DICARY_ID = #{dicaryId}
        AND   WORD_ID = #{wordId}
        AND   LANG_CD = #{langCd}
    </delete>
           
    <!--
        Query ID    : selectWdDicPgPopList
        Description : 용어사전 팝업 리스트 조회
    -->
    <select id="selectWdDicPgPopList" parameterType="com.mobis.maps.iam.vo.MapsIamWordDicaryVO" resultType="com.mobis.maps.iam.vo.MapsIamWordDicaryVO">
        /* Query ID=com.mobis.maps.iam.service.dao.MapsIamWordDicaryMDAO.selectWdDicPgPopList */
        <include refid="com.mobis.maps.cmmn.paging.selectTop"/>
        SELECT
              ROW_NUMBER() OVER(ORDER BY DICARY_ID) AS RNUM
            , DICARY_ID
            , WORD_ID
            , LANG_CD
            , ORGINL_WORD
            , ABBREV_WORD_1
            , ABBREV_WORD_2
            , ABBREV_WORD_3
            , ABBREV_WORD_4
            , ABBREV_WORD_5
            , WORD_DC
            , USE_YN
            , REGIST_ID
            , REGIST_DT
            , UPDT_ID
            , UPDT_DT
        FROM IAMDB.T_WORD_DICARY_MST
        WHERE 1=1
        AND   LANG_CD = #{langCd}
        AND   USE_YN = 'Y'
        <if test='@org.apache.commons.lang3.StringUtils@isNotBlank(kwrdTy)'>
            <choose>
                <when test='@org.apache.commons.lang3.StringUtils@equals(kwrdTy, "AA")'>
                    <if test='@org.apache.commons.lang3.StringUtils@isNotBlank(kwrd)'>
        AND   (ORGINL_WORD LIKE CONCAT('%', #{kwrd}, '%')
                OR ABBREV_WORD_1 LIKE CONCAT('%', #{kwrd}, '%')
                OR ABBREV_WORD_2 LIKE CONCAT('%', #{kwrd}, '%')
                OR ABBREV_WORD_3 LIKE CONCAT('%', #{kwrd}, '%')
                OR ABBREV_WORD_4 LIKE CONCAT('%', #{kwrd}, '%')
                OR ABBREV_WORD_5 LIKE CONCAT('%', #{kwrd}, '%')
               )
                    </if>
                </when>
                <when test='@org.apache.commons.lang3.StringUtils@equals(kwrdTy, "00")'>
        AND   ORGINL_WORD LIKE CONCAT('%', #{kwrd}, '%')
                </when>
                <when test='@org.apache.commons.lang3.StringUtils@equals(kwrdTy, "01")'>
        AND   ABBREV_WORD_1 LIKE CONCAT('%', #{kwrd}, '%')
                </when>
                <when test='@org.apache.commons.lang3.StringUtils@equals(kwrdTy, "02")'>
        AND   ABBREV_WORD_2 LIKE CONCAT('%', #{kwrd}, '%')
                </when>
                <when test='@org.apache.commons.lang3.StringUtils@equals(kwrdTy, "03")'>
        AND   ABBREV_WORD_3 LIKE CONCAT('%', #{kwrd}, '%')
                </when>
                <when test='@org.apache.commons.lang3.StringUtils@equals(kwrdTy, "04")'>
        AND   ABBREV_WORD_4 LIKE CONCAT('%', #{kwrd}, '%')
                </when>
                <when test='@org.apache.commons.lang3.StringUtils@equals(kwrdTy, "05")'>
        AND   ABBREV_WORD_5 LIKE CONCAT('%', #{kwrd}, '%')
                </when>
            </choose>
        </if>
        <include refid="com.mobis.maps.cmmn.paging.selectBottom"/>
    </select>
    
</mapper>