<?xml version="1.0" encoding="UTF-8" ?>
<!DOCTYPE mapper PUBLIC "-//mybatis.org//DTD Mapper 3.0//EN" "http://mybatis.org/dtd/mybatis-3-mapper.dtd">
<!--
    SQL File Name : comm_MapsIamUserScrinStatsMDAO_SQL.xml
 * @Description   : 사용자 화면 통계 데이터를 관리한다.
 * @author        : DT048058
 * @since         : 2019. 12. 13.
 * @version       : 1.0
 * @see
 * @Modification Information
 * <pre>
 *     since          author              description
 *  ===========    =============    ===========================
 *  2020.03.17.    DT048058         최초 생성
 * 
-->
<mapper namespace="com.mobis.maps.iam.service.dao.MapsIamUserScrinStatsMDAO">

    <!--
        Query ID    : selectUserScrinStatsMainList
        Description : 사용자 화면 통계 메인 리스트 조회
    -->
    <select id="selectUserScrinStatsMainList"
            parameterType="com.mobis.maps.iam.vo.MapsIamUserScrinStatsVO"
            resultType="com.mobis.maps.iam.vo.MapsIamUserScrinStatsVO">
        /* Query ID=com.mobis.maps.comm.service.dao.MapsIamUserScrinStatsMDAO.selectUserScrinStatsMainList */
        SELECT
              ROW_NUMBER() OVER(ORDER BY D.SCRIN_CD) AS RNUM
            , C.SYS_SE_CD
            , #{bsnOrgnztCd} AS BSN_ORGNZT_CD
            , #{orgnztSeCd} AS ORGNZT_SE_CD
            , #{orgnztCd} AS ORGNZT_CD
            , C.SCRIN_ID
            , D.SCRIN_CD
            , CASE WHEN D.ABBREV_WORD_USE_CD = '01' THEN NVL(E.ABBREV_WORD_1, F.ABBREV_WORD_1)
                   WHEN D.ABBREV_WORD_USE_CD = '02' THEN NVL(E.ABBREV_WORD_2, F.ABBREV_WORD_2)
                   WHEN D.ABBREV_WORD_USE_CD = '03' THEN NVL(E.ABBREV_WORD_3, F.ABBREV_WORD_3)
                   WHEN D.ABBREV_WORD_USE_CD = '04' THEN NVL(E.ABBREV_WORD_4, F.ABBREV_WORD_4)
                   WHEN D.ABBREV_WORD_USE_CD = '05' THEN NVL(E.ABBREV_WORD_5, F.ABBREV_WORD_5)
                   ELSE NVL(E.ORGINL_WORD, F.ORGINL_WORD)
              END AS SCRIN_NM
            , C.CONECT_CNT
        FROM  (
               SELECT
                     A.SYS_SE_CD
                   , A.SCRIN_ID
                   , COUNT(1) AS CONECT_CNT
               FROM  IAMDB.T_USER_SCRIN_CONECT_HIST A
                   , IAMDB.T_USER_MST B
               WHERE 1=1
               AND   A.CONECT_DT >= STR_TO_DATE(CONCAT(DATE_FORMAT(#{strtDt}, '%Y%m%d'),'000000'), '%Y%m%d%H%i%S')    /* 접속시작일자 */
               AND   A.CONECT_DT <![CDATA[<=]]> STR_TO_DATE(CONCAT(DATE_FORMAT(#{endDt}, '%Y%m%d'),'235959'), '%Y%m%d%H%i%S')    /* 접속종료일자 */
               AND   A.SYS_SE_CD = #{sysSeCd}
               AND   B.SYS_SE_CD = #{sysSeCd}
        <if test='@org.apache.commons.lang3.StringUtils@isNotBlank(bsnOrgnztCd)'>
               AND   B.BSN_ORGNZT_CD = #{bsnOrgnztCd}
        </if>
        <if test='@org.apache.commons.lang3.StringUtils@isNotBlank(orgnztSeCd)'>
               AND   B.ORGNZT_SE_CD = #{orgnztSeCd}
        </if>
        <if test='@org.apache.commons.lang3.ArrayUtils@isNotEmpty(orgnztSeCds)'>
               AND   B.ORGNZT_SE_CD <foreach collection="orgnztSeCds" item="orgnztSeCdVal" index="i"  open="IN (" close=")" separator=",">#{orgnztSeCdVal}</foreach>
        </if>
        <if test='@org.apache.commons.lang3.StringUtils@isNotBlank(orgnztCd)'>
               AND   B.ORGNZT_CD = #{orgnztCd}
        </if>
        <if test='@org.apache.commons.lang3.ArrayUtils@isNotEmpty(orgnztCds)'>
               AND   B.ORGNZT_CD <foreach collection="orgnztCds" item="orgnztCdVal" index="i"  open="IN (" close=")" separator=",">#{orgnztCdVal}</foreach>
        </if>
               AND   A.SYS_SE_CD = B.SYS_SE_CD
               AND   A.USER_ID = B.USER_ID
               GROUP BY A.SCRIN_ID
               ) C
            INNER JOIN IAMDB.T_SCRIN_MST D
            ON  C.SCRIN_ID = D.SCRIN_ID
            LEFT OUTER JOIN IAMDB.T_WORD_DICARY_MST E
            ON  D.WORD_ID = E.WORD_ID
            AND E.LANG_CD = #{langCd}
            LEFT OUTER JOIN IAMDB.T_WORD_DICARY_MST F
            ON  D.WORD_ID = F.WORD_ID
            AND F.LANG_CD = #{dfltLangCd}
        WHERE 1=1
        ORDER BY D.SCRIN_CD
    </select>
    
    <!--
        Query ID    : selectUserScrinStatsDetailList
        Description : 사용자 화면 통계 상세 리스트 조회
    -->
    <select id="selectUserScrinStatsDetailList"
            parameterType="com.mobis.maps.iam.vo.MapsIamUserScrinStatsVO"
            resultType="com.mobis.maps.iam.vo.MapsIamUserScrinStatsVO">
        /* Query ID=com.mobis.maps.comm.service.dao.MapsIamUserScrinStatsMDAO.selectUserScrinStatsDetailList */
        SELECT
              ROW_NUMBER() OVER(ORDER BY C.CONECT_DT, C.USER_ID) AS RNUM
            , C.USER_ID
            , D.USER_NM
            , C.SYS_SE_CD
            , C.BSN_ORGNZT_CD
            , C.ORGNZT_SE_CD
            , C.ORGNZT_CD
            , CASE WHEN C.ORGNZT_SE_CD = 'G' THEN F.ZKUNAM      /* 일반대리점 */
                   WHEN C.ORGNZT_SE_CD = 'D' THEN F.ZKUNAM      /* 직배대리점 */
                   WHEN C.ORGNZT_SE_CD = 'E' THEN F.ZKUNAM      /* 직배딜러 */
                   WHEN C.ORGNZT_SE_CD = 'N' THEN G.NAME1       /* 국내외협력업체 */
                   WHEN C.ORGNZT_SE_CD = 'P' THEN C.ORGNZT_CD   /* PDA */
              END AS ORGNZT_NM
            , C.CONECT_DT
        FROM  (
               SELECT
                     A.CONECT_DT
                   , A.SYS_SE_CD
                   , A.USER_ID
                   , B.USER_BASS_ID
                   , B.BSN_ORGNZT_CD
                   , B.ORGNZT_SE_CD
                   , B.ORGNZT_CD
               FROM  IAMDB.T_USER_SCRIN_CONECT_HIST A
                   , IAMDB.T_USER_MST B
               WHERE 1=1
               AND   A.CONECT_DT >= STR_TO_DATE(CONCAT(DATE_FORMAT(#{strtDt}, '%Y%m%d'),'000000'), '%Y%m%d%H%i%S')    /* 접속시작일자 */
               AND   A.CONECT_DT <![CDATA[<=]]> STR_TO_DATE(CONCAT(DATE_FORMAT(#{endDt}, '%Y%m%d'),'235959'), '%Y%m%d%H%i%S')    /* 접속종료일자 */
               AND   A.SYS_SE_CD = #{sysSeCd}
               AND   A.SCRIN_ID = #{scrinId}
        <if test='@org.apache.commons.lang3.StringUtils@isNotBlank(bsnOrgnztCd)'>
               AND   B.BSN_ORGNZT_CD = #{bsnOrgnztCd}
        </if>
        <if test='@org.apache.commons.lang3.StringUtils@isNotBlank(orgnztSeCd)'>
               AND   B.ORGNZT_SE_CD = #{orgnztSeCd}
        </if>
        <if test='@org.apache.commons.lang3.ArrayUtils@isNotEmpty(orgnztSeCds)'>
               AND   B.ORGNZT_SE_CD <foreach collection="orgnztSeCds" item="orgnztSeCdVal" index="i"  open="IN (" close=")" separator=",">#{orgnztSeCdVal}</foreach>
        </if>
        <if test='@org.apache.commons.lang3.StringUtils@isNotBlank(orgnztCd)'>
               AND   B.ORGNZT_CD = #{orgnztCd}
        </if>
        <if test='@org.apache.commons.lang3.ArrayUtils@isNotEmpty(orgnztCds)'>
               AND   B.ORGNZT_CD <foreach collection="orgnztCds" item="orgnztCdVal" index="i"  open="IN (" close=")" separator=",">#{orgnztCdVal}</foreach>
        </if>
               AND   A.SYS_SE_CD = B.SYS_SE_CD
               AND   A.USER_ID = B.USER_ID
               ) C
            INNER JOIN IAMDB.T_USER_BASS_INFO D
            ON  C.USER_BASS_ID = D.USER_BASS_ID
            LEFT OUTER JOIN MAPSDB.ZPSDT1805 E
            ON  E.VKORG = C.BSN_ORGNZT_CD
            AND E.KUNNR = C.ORGNZT_CD
            LEFT OUTER JOIN MAPSDB.ZPSDT1806 F
            ON  E.VKORG = F.VKORG
            AND E.ZSACUTM = F.ZKUNNR
            LEFT OUTER JOIN MAPSDB.ZPMMS40010I G
            ON  G.SYSID = #{rfcPcSysId}     /* SAP System */
            AND G.MANDT = #{rfcPcClient}    /* 클라이언트  */
            AND G.BUKRS = C.BSN_ORGNZT_CD   /* 회사 코드 */
            AND G.LIFNR = C.ORGNZT_CD       /* 공급업체 또는 채권자의 계정 번호 */
        WHERE 1=1
        ORDER BY C.CONECT_DT
               , C.USER_ID
    </select>

</mapper>