<?xml version="1.0" encoding="UTF-8" ?>
<!DOCTYPE mapper PUBLIC "-//mybatis.org//DTD Mapper 3.0//EN" "http://mybatis.org/dtd/mybatis-3-mapper.dtd">
<!--
    SQL File Name : iam_MapsIamCompnMDAO_SQL.xml
 * @Description   : 컴포넌트 데이터를 관리한다.
 * @author        : DT048657
 * @since         : 2019. 9. 5.
 * @version       : 1.0
 * @see
 * @Modification Information
 * <pre>
 *     since          author              description
 *  ===========    =============    ===========================
 *  2019. 9. 5.     DT048657        최초 생성
 * 
-->
<mapper namespace="com.mobis.maps.iam.service.dao.MapsIamCompnMDAO">

    <!--
        Query ID    : selectScreenCompnPgList
        Description : 컴포넌트 리스트 조회
    -->
    <select id="selectScreenCompnPgList" parameterType="com.mobis.maps.iam.vo.MapsIamScreenCompnVO" resultType="com.mobis.maps.iam.vo.MapsIamScreenCompnVO">
        /* Query ID=com.mobis.maps.iam.service.dao.MapsIamScreenCompnMDAO.selectScreenCompnPgList */
        <include refid="com.mobis.maps.cmmn.paging.selectTop"/>
        SELECT
              ROW_NUMBER() OVER(ORDER BY A.SCRIN_COMPN_ID) AS RNUM
            , A.SCRIN_COMPN_ID
            , A.SCRIN_ID
            , A.COMPN_ID
            , A.WORD_ID
            , #{langCd} AS LANG_CD
            , A.ABBREV_WORD_USE_CD
            , B.ORGINL_WORD
            , B.ABBREV_WORD_1
            , B.ABBREV_WORD_2
            , B.ABBREV_WORD_3
            , B.ABBREV_WORD_4
            , B.ABBREV_WORD_5
            , A.REGIST_ID
            , A.REGIST_DT
            , A.UPDT_ID
            , A.UPDT_DT
        FROM  IAMDB.T_SCRIN_COMPN_MANAGE A
              LEFT OUTER JOIN IAMDB.T_WORD_DICARY_MST B
              ON  A.WORD_ID = B.WORD_ID
              AND B.LANG_CD = #{langCd}
        WHERE 1=1
        AND   A.SCRIN_ID = #{scrinId}
        ORDER BY A.SCRIN_COMPN_ID
        <include refid="com.mobis.maps.cmmn.paging.selectBottom"/>
    </select>
    
    <!--
        Query ID    : selectScreenCompnList
        Description : 컴포넌트 리스트 조회
    -->
    <select id="selectScreenCompnList" parameterType="com.mobis.maps.iam.vo.MapsIamScreenCompnVO" resultType="com.mobis.maps.iam.vo.MapsIamScreenCompnVO">
        /* Query ID=com.mobis.maps.iam.service.dao.MapsIamScreenCompnMDAO.selectScreenCompnList */
        SELECT
              ROW_NUMBER() OVER(ORDER BY A.SCRIN_COMPN_ID) AS RNUM
            , A.SCRIN_COMPN_ID
            , A.SCRIN_ID
            , A.COMPN_ID
            , A.WORD_ID
            , #{langCd} AS LANG_CD
            , A.ABBREV_WORD_USE_CD
            , B.ORGINL_WORD
            , B.ABBREV_WORD_1
            , B.ABBREV_WORD_2
            , B.ABBREV_WORD_3
            , B.ABBREV_WORD_4
            , B.ABBREV_WORD_5
            , A.REGIST_ID
            , A.REGIST_DT
            , A.UPDT_ID
            , A.UPDT_DT
        FROM  IAMDB.T_SCRIN_COMPN_MANAGE A
              LEFT OUTER JOIN IAMDB.T_WORD_DICARY_MST B
              ON  A.WORD_ID = B.WORD_ID
              AND B.LANG_CD = #{langCd}
        WHERE 1=1
        AND   A.SCRIN_ID = #{scrinId}
        ORDER BY A.SCRIN_COMPN_ID
    </select>
    
    <!--
        Query ID    : selectScreenCompnInfo
        Description : 컴포넌트 조회
    -->
    <select id="selectScreenCompnInfo" parameterType="com.mobis.maps.iam.vo.MapsIamScreenCompnVO" resultType="com.mobis.maps.iam.vo.MapsIamScreenCompnVO">
        /* Query ID=com.mobis.maps.iam.service.dao.MapsIamScreenCompnMDAO.selectScreenCompnInfo */
        SELECT
              A.SCRIN_COMPN_ID      /* 화면컴포넌트ID */
            , A.SCRIN_ID            /* 화면ID */
            , A.COMPN_ID            /* 컴포넌트ID */
            , A.WORD_ID             /* 용어ID */
            , A.ABBREV_WORD_USE_CD  /* 단축용어사용코드 */
            , A.REGIST_ID           /* 생성자ID */
            , A.REGIST_DT           /* 생성일시 */
            , A.UPDT_ID             /* 수정자ID */
            , A.UPDT_DT             /* 수정일시 */
        FROM  IAMDB.T_SCRIN_COMPN_MANAGE A          
        WHERE 1=1
        AND   A.SCRIN_COMPN_ID = #{scrinCompnId}
    </select>
    
    <!--
        Query ID    : selectScreenCompnInfoByUk
        Description : 컴포넌트 조회
    -->
    <select id="selectScreenCompnInfoByUk" parameterType="com.mobis.maps.iam.vo.MapsIamScreenCompnVO" resultType="com.mobis.maps.iam.vo.MapsIamScreenCompnVO">
        /* Query ID=com.mobis.maps.iam.service.dao.MapsIamScreenCompnMDAO.selectScreenCompnInfoByUk */
        SELECT
              A.SCRIN_COMPN_ID      /* 화면컴포넌트ID */
            , A.SCRIN_ID            /* 화면ID */
            , A.COMPN_ID            /* 컴포넌트ID */
            , A.WORD_ID             /* 용어ID */
            , A.ABBREV_WORD_USE_CD  /* 단축용어사용코드 */
            , A.REGIST_ID           /* 생성자ID */
            , A.REGIST_DT           /* 생성일시 */
            , A.UPDT_ID             /* 수정자ID */
            , A.UPDT_DT             /* 수정일시 */
        FROM  IAMDB.T_SCRIN_COMPN_MANAGE A          
        WHERE 1=1
        AND   A.SCRIN_ID = #{scrinId}   /* 화면ID */
        AND   A.COMPN_ID = #{compnId}   /* 컴포넌트ID */
    </select>
       
    <!--
        Query ID    : insertScreenCompnInfo
        Description : 컴포넌트 저장
    -->
    <insert id="insertScreenCompnInfo" parameterType="com.mobis.maps.iam.vo.MapsIamScreenCompnVO">
        /* Query ID=com.mobis.maps.iam.service.dao.MapsIamScreenCompnMDAO.insertScreenCompnInfo */
        <selectKey keyProperty="scrinCompnId" resultType="string" order="BEFORE">
        SELECT
              CONCAT('SC', #{mapsSysSeCd}, LPAD(NVL(MAX(MID(SCRIN_COMPN_ID, 4, 4)),0) + 1, 4, '0')) AS SCRIN_COMPN_ID
        FROM  IAMDB.T_SCRIN_COMPN_MANAGE
        WHERE SCRIN_COMPN_ID LIKE CONCAT('SC', #{mapsSysSeCd},'%')
        </selectKey>
        INSERT INTO IAMDB.T_SCRIN_COMPN_MANAGE (
              SCRIN_COMPN_ID        /* 화면컴포넌트ID */
            , SCRIN_ID              /* 화면ID */
            , COMPN_ID              /* 컴포넌트ID */
            , WORD_ID               /* 용어ID */
            , ABBREV_WORD_USE_CD    /* 단축용어사용코드 */
            , REGIST_ID             /* 생성자ID */
            , REGIST_DT             /* 생성일시 */
            , UPDT_ID               /* 수정자ID */
            , UPDT_DT               /* 수정일시 */
        ) VALUES (
              #{scrinCompnId}       /* 화면컴포넌트ID */
            , #{scrinId}            /* 화면ID */
            , #{compnId}            /* 컴포넌트ID */
            , #{wordId}             /* 용어ID */
            , #{abbrevWordUseCd}    /* 단축용어사용코드 */
            , #{registId}           /* 생성자ID */
            , CURRENT_TIMESTAMP     /* 생성일시 */
            , #{updtId}             /* 수정자ID */
            , CURRENT_TIMESTAMP     /* 수정일시 */
        )
    </insert>
    
    <!--
        Query ID    : updateScreenCompnInfo
        Description : 컴포넌트 수정
    -->
    <update id="updateScreenCompnInfo" parameterType="com.mobis.maps.iam.vo.MapsIamScreenCompnVO">
        /* Query ID=com.mobis.maps.iam.service.dao.MapsIamScreenCompnMDAO.updateScreenCompnInfo */
        UPDATE IAMDB.T_SCRIN_COMPN_MANAGE
        SET   SCRIN_ID = #{scrinId}                     /* 화면ID */
            , COMPN_ID = #{compnId}                     /* 컴포넌트ID */
            , WORD_ID = #{wordId}                       /* 용어ID */
            , ABBREV_WORD_USE_CD = #{abbrevWordUseCd}   /* 단축용어사용코드 */
            , UPDT_ID = #{updtId}                       /* 수정자ID */
            , UPDT_DT = CURRENT_TIMESTAMP               /* 수정일시 */
        WHERE 1=1
        AND   SCRIN_COMPN_ID = #{scrinCompnId}
    </update>
    
    <!--
        Query ID    : deleteScreenCompnInfo
        Description : 컴포넌트 삭제
    -->
    <delete id="deleteScreenCompnInfo" parameterType="com.mobis.maps.iam.vo.MapsIamScreenCompnVO">
    /* Query ID=com.mobis.maps.iam.service.dao.MapsIamScreenCompnMDAO.deleteScreenCompnInfo */
        DELETE
        FROM  IAMDB.T_SCRIN_COMPN_MANAGE
        WHERE 1=1
        AND   SCRIN_COMPN_ID = #{scrinCompnId}
    </delete>
</mapper>