<?xml version="1.0" encoding="UTF-8" ?>
<!DOCTYPE mapper PUBLIC "-//mybatis.org//DTD Mapper 3.0//EN" "http://mybatis.org/dtd/mybatis-3-mapper.dtd">
<!--
    SQL File Name : comm_MapsIamAcntReqstInfoMDAO_SQL.xml
 * @Description   : 계정신청 데이터를 관리한다.
 * @author        : DT048657
 * @since         : 2019. 12. 13.
 * @version       : 1.0
 * @see
 * @Modification Information
 * <pre>
 *     since          author              description
 *  ===========    =============    ===========================
 *  2019. 12. 13.     최은삼       최초 생성
 * 
-->
<mapper namespace="com.mobis.maps.iam.service.dao.MapsIamAcntReqstInfoMDAO">
    
    <!--
        Query ID    : selectAcntReqstInfo
        Description : 계정신청정보 조회
    -->
    <select id="selectAcntReqstInfo" parameterType="com.mobis.maps.iam.vo.MapsIamAcntReqstInfoVO" resultType="com.mobis.maps.iam.vo.MapsIamAcntReqstInfoVO">
        /* Query ID=com.mobis.maps.iam.service.dao.MapsIamAcntReqstInfoMDAO.selectAcntReqstInfo */
        SELECT
              A.ACNT_REQST_NO           /* 계정신청번호 */
            , A.MNGR_ID                 /* 관리자ID */
            , BA.USER_NM AS MNGR_NM     /* 관리자명 */
            , A.SYS_SE_CD               /* 시스템구분코드 */
            , A.USER_BASS_ID            /* 사용자기본ID */
            , A.USER_ID                 /* 사용자ID */
            , A.USER_NM                 /* 사용자명 */
            , A.USER_BASS_ORGNZT_SE_CD  /* 사용자기본조직구분코드 */
            , A.USER_BASS_BSN_ORGNZT_CD /* 사용자기본영업조직코드 */
            , A.USER_BASS_ORGNZT_CD     /* 사용자기본조직코드 */
            , CASE WHEN A.USER_BASS_ORGNZT_SE_CD = 'G' THEN EB.ZKUNAM      /* 일반대리점 */
                   WHEN A.USER_BASS_ORGNZT_SE_CD = 'D' THEN EB.ZKUNAM      /* 직배대리점 */
                   WHEN A.USER_BASS_ORGNZT_SE_CD = 'E' THEN EB.ZKUNAM      /* 직배딜러 */
                   WHEN A.USER_BASS_ORGNZT_SE_CD = 'N' THEN FB.NAME1       /* 국내외협력업체 */
              END AS USER_BASS_ORGNZT_NM
            , A.USER_BASS_DEALER_CD     /* 사용자기본딜러코드 */
            , A.EMAIL                   /* 이메일주소 */
            , A.MOBLPHON_NO             /* 휴대전화번호 */
            , A.OFFM_TELNO              /* 사무실전화번호 */
            , A.FAX_TELNO               /* 팩스전화번호 */
            , A.ORGNZT_SE_CD            /* 조직구분코드 */
            , A.BSN_ORGNZT_CD           /* 영업조직코드 */
            , A.ORGNZT_CD               /* 조직코드 */
            , CASE WHEN A.ORGNZT_SE_CD = 'G' THEN E.ZKUNAM      /* 일반대리점 */
                   WHEN A.ORGNZT_SE_CD = 'D' THEN E.ZKUNAM      /* 직배대리점 */
                   WHEN A.ORGNZT_SE_CD = 'E' THEN E.ZKUNAM      /* 직배딜러 */
                   WHEN A.ORGNZT_SE_CD = 'N' THEN F.NAME1       /* 국내외협력업체 */
              END AS ORGNZT_NM
            , A.DEALER_CD               /* 딜러코드 */
            , A.ACNT_TY_CD              /* 계정유형코드 */
            , A.TZONE_CD                /* 타임존코드 */
            , A.PERM_IP_USE_YN          /* 허용IP사용여부 */
            , CASE WHEN A.INDVDLINFO_COLCT_USE_AGRE_DT IS NULL THEN 'N'
                   ELSE 'Y'
              END AS INDVDLINFO_COLCT_USE_AGRE_YN   /* 개인정보수집이용동의여부 */
            , A.INDVDLINFO_COLCT_USE_AGRE_DT        /* 개인정보수집이용동의일시 */
            , A.USE_HOPE_DE             /* 사용희망일 */
            , A.REQST_STTUS_CD          /* 신청상태코드 */
            , A.REQST_CN                /* 신청내용 */
            , A.REQST_DT                /* 신청일시 */
            , A.APPRV_STTUS_CD          /* 승인상태코드 */
            , A.APPRV_DT                /* 승인일시 */
            , A.APPRV_ID                /* 승인자ID */
            , CA.USER_NM AS APPRV_NM    /* 승인자명 */
            , A.APPRV_CN                /* 승인내용 */
            , A.REGIST_ID               /* 생성자ID */
            , A.REGIST_DT               /* 생성일시 */
            , A.UPDT_ID                 /* 수정자ID */
            , A.UPDT_DT                 /* 수정일시 */
        FROM  IAMDB.T_ACNT_REQST_INFO A
            LEFT OUTER JOIN IAMDB.T_USER_MST B
            ON  A.MNGR_ID = B.USER_SEQ_ID
            LEFT OUTER JOIN IAMDB.T_USER_BASS_INFO BA
            ON  B.USER_BASS_ID = BA.USER_BASS_ID
            LEFT OUTER JOIN IAMDB.T_USER_MST C
            ON  A.APPRV_ID = C.USER_SEQ_ID
            LEFT OUTER JOIN IAMDB.T_USER_BASS_INFO CA
            ON  C.USER_BASS_ID = CA.USER_BASS_ID
            LEFT OUTER JOIN MAPSDB.ZPSDT1805 DB
            ON  DB.VKORG = A.USER_BASS_BSN_ORGNZT_CD
            AND DB.KUNNR = A.USER_BASS_ORGNZT_CD
            LEFT OUTER JOIN MAPSDB.ZPSDT1806 EB
            ON  DB.VKORG = EB.VKORG
            AND DB.ZSACUTM = EB.ZKUNNR
            LEFT OUTER JOIN MAPSDB.ZPMMS40010I FB
            ON  FB.SYSID = #{rfcPcSysId}     /* SAP System */
            AND FB.MANDT = #{rfcPcClient}    /* 클라이언트  */
            AND FB.BUKRS = A.USER_BASS_BSN_ORGNZT_CD   /* 회사 코드 */
            AND FB.LIFNR = A.USER_BASS_ORGNZT_CD       /* 공급업체 또는 채권자의 계정 번호 */
            LEFT OUTER JOIN MAPSDB.ZPSDT1805 D
            ON  D.VKORG = A.BSN_ORGNZT_CD
            AND D.KUNNR = A.ORGNZT_CD
            LEFT OUTER JOIN MAPSDB.ZPSDT1806 E
            ON  D.VKORG = E.VKORG
            AND D.ZSACUTM = E.ZKUNNR
            LEFT OUTER JOIN MAPSDB.ZPMMS40010I F
            ON  F.SYSID = #{rfcPcSysId}     /* SAP System */
            AND F.MANDT = #{rfcPcClient}    /* 클라이언트  */
            AND F.BUKRS = A.BSN_ORGNZT_CD   /* 회사 코드 */
            AND F.LIFNR = A.ORGNZT_CD       /* 공급업체 또는 채권자의 계정 번호 */
        WHERE 1=1
        AND   A.ACNT_REQST_NO = #{acntReqstNo}  /* 계정신청번호 */
        <if test='@org.apache.commons.lang3.StringUtils@isNotBlank(userId)'>
        AND   A.USER_ID = #{userId} /* 사용자ID */
        </if>
        <if test='@org.apache.commons.lang3.StringUtils@isNotBlank(email)'>
        AND   A.EMAIL = #{email}    /* Email */
        </if>
        <if test='@org.apache.commons.lang3.ArrayUtils@isNotEmpty(orgnztSeCds)'>
        AND   A.ORGNZT_SE_CD <foreach collection="orgnztSeCds" item="orgnztSeCdVal" index="i"  open="IN (" close=")" separator=",">#{orgnztSeCdVal}</foreach>
        </if>
        <if test='@org.apache.commons.lang3.ArrayUtils@isNotEmpty(orgnztCds)'>
        AND   A.ORGNZT_CD <foreach collection="orgnztCds" item="orgnztCdVal" index="i"  open="IN (" close=")" separator=",">#{orgnztCdVal}</foreach>
        </if>
        <if test='@org.apache.commons.lang3.ArrayUtils@isNotEmpty(acntTyCds)'>
        AND   A.ACNT_TY_CD <foreach collection="acntTyCds" item="acntTyCdVal" index="i"  open="IN (" close=")" separator=",">#{acntTyCdVal}</foreach>
        </if>
    </select>
    
    <!--
        Query ID    : selectUserBassInfoByEmail
        Description : 사용자기본정보 조회(Email)
    -->
    <select id="selectUserBassInfoByEmail" parameterType="com.mobis.maps.iam.vo.MapsIamUserBassInfoVO" resultType="com.mobis.maps.iam.vo.MapsIamUserBassInfoVO">
        /* Query ID=com.mobis.maps.iam.service.dao.MapsIamAcntReqstInfoMDAO.selectUserBassInfoByEmail */
        SELECT
              A.USER_BASS_ID            /* 사용자기본ID */
            , A.USER_NM                 /* 사용자명 */
            , A.ORGNZT_SE_CD            /* 조직구분코드 */
            , A.BSN_ORGNZT_CD           /* 영업조직코드 */
            , A.ORGNZT_CD               /* 조직코드 */
            , CASE WHEN A.ORGNZT_SE_CD = 'G' THEN C.ZKUNAM      /* 일반대리점 */
                   WHEN A.ORGNZT_SE_CD = 'D' THEN C.ZKUNAM      /* 직배대리점 */
                   WHEN A.ORGNZT_SE_CD = 'E' THEN C.ZKUNAM      /* 직배딜러 */
                   WHEN A.ORGNZT_SE_CD = 'N' THEN D.NAME1       /* 국내외협력업체 */
              END AS ORGNZT_NM
            , A.DEALER_CD               /* 딜러코드 */
            , C.ZDLRNAM AS DEALER_NM    /* 딜러명 */
            , A.EMAIL                   /* 이메일주소 */
            , A.MOBLPHON_NO             /* 휴대전화번호 */
            , A.OFFM_TELNO              /* 사무실전화번호 */
            , A.FAX_TELNO               /* 팩스전화번호 */
        FROM  IAMDB.T_USER_BASS_INFO A  
             LEFT OUTER JOIN MAPSDB.ZPSDT1805 B
             ON  B.VKORG = A.BSN_ORGNZT_CD
             AND B.KUNNR = A.ORGNZT_CD
             LEFT OUTER JOIN MAPSDB.ZPSDT1806 C
             ON  B.VKORG = C.VKORG
             AND B.ZSACUTM = C.ZKUNNR
             LEFT OUTER JOIN MAPSDB.ZPMMS40010I D
             ON  D.SYSID = #{rfcPcSysId}    /* SAP System */
             AND D.MANDT = #{rfcPcClient}   /* 클라이언트  */
             AND D.BUKRS = A.BSN_ORGNZT_CD  /* 회사 코드 */
             AND D.LIFNR = A.ORGNZT_CD      /* 공급업체 또는 채권자의 계정 번호 */
        WHERE 1=1
        AND   A.EMAIL = #{email}    /* 이메일주소 */
        AND   A.USE_YN = 'Y'        /* 사용여부 */
        AND   A.DEL_YN = 'N'        /* 삭제여부 */
    </select>

    <!--
        Query ID    : selectAcntExst
        Description : 계정존재 조회
    -->
    <select id="selectAcntExst" parameterType="com.mobis.maps.iam.vo.MapsIamAcntReqstInfoVO" resultType="com.mobis.maps.iam.vo.MapsIamUserVO">
        /* Query ID=com.mobis.maps.iam.service.dao.MapsIamAcntReqstInfoMDAO.selectAcntExst */
        SELECT
              A.SYS_SE_CD               /* 시스템구분코드 */
            , A.USER_ID                 /* 사용자ID */
        FROM  IAMDB.T_USER_MST A
        WHERE 1=1
        AND   A.SYS_SE_CD = #{sysSeCd}  /* 시스템구분코드 */
        AND   A.USER_ID = #{userId}     /* 사용자ID */
    </select>

    <!--
        Query ID    : selectHasAcntReqstInfo
        Description : 계정신청정보 존재조회
    -->
    <select id="selectHasAcntReqstInfo" parameterType="com.mobis.maps.iam.vo.MapsIamAcntReqstInfoVO" resultType="com.mobis.maps.iam.vo.MapsIamAcntReqstInfoVO">
        /* Query ID=com.mobis.maps.iam.service.dao.MapsIamAcntReqstInfoMDAO.selectHasAcntReqstInfo */
        SELECT
              B.ACNT_REQST_NO   /* 계정신청번호 */
            , C.REQST_STTUS_CD  /* 신청상태코드 */
        FROM  (
               SELECT
                     MAX(A.ACNT_REQST_NO) AS ACNT_REQST_NO
               FROM  IAMDB.T_ACNT_REQST_INFO A
               WHERE 1=1
               AND   A.SYS_SE_CD = #{sysSeCd}  /* 시스템구분코드 */
               AND   A.USER_ID = #{userId}     /* 사용자ID */
               AND   A.REQST_STTUS_CD IN ('0', '1', '3')   /* 신청상태코드 */
               ) B
            , IAMDB.T_ACNT_REQST_INFO C
        WHERE 1=1
        AND   B.ACNT_REQST_NO = C.ACNT_REQST_NO
    </select>
    
    <!--
        Query ID    : selectAcntReqstInfoByOrgnztEmail
        Description : 계정신청정보 조회(By 조직별이메일)
    -->
    <select id="selectAcntReqstInfoByOrgnztEmail" parameterType="com.mobis.maps.iam.vo.MapsIamAcntReqstInfoVO" resultType="com.mobis.maps.iam.vo.MapsIamAcntReqstInfoVO">
        /* Query ID=com.mobis.maps.iam.service.dao.MapsIamAcntReqstInfoMDAO.selectAcntReqstInfoByOrgnztEmail */
        SELECT
              B.ACNT_REQST_NO   /* 계정신청번호 */
            , C.SYS_SE_CD       /* 시스템구분코드 */
            , C.ORGNZT_SE_CD    /* 조직구분코드 */
            , C.BSN_ORGNZT_CD   /* 영업조직코드 */
            , C.ORGNZT_CD       /* 조직코드 */
            , C.DEALER_CD       /* 딜러코드 */
            , C.REQST_STTUS_CD  /* 신청상태코드 */
        FROM  (
               SELECT
                     MAX(A.ACNT_REQST_NO) AS ACNT_REQST_NO
               FROM  IAMDB.T_ACNT_REQST_INFO A
               WHERE 1=1
               AND   A.SYS_SE_CD = #{sysSeCd}  /* 시스템구분코드 */
               AND   A.ORGNZT_SE_CD = #{orgnztSeCd}
               AND   A.BSN_ORGNZT_CD = #{bsnOrgnztCd}
        <if test='@org.apache.commons.lang3.StringUtils@contains("G|N|D", orgnztSeCd)'>
               AND   A.ORGNZT_CD = #{orgnztCd}
        </if>
        <if test='@org.apache.commons.lang3.StringUtils@equals(orgnztSeCd, "E")'>
               AND   A.ORGNZT_CD = #{orgnztCd}
               AND   A.DEALER_CD = #{dealerCd}
        </if>
               AND   A.EMAIL = #{email} /* 이메일 */
               AND   A.REQST_STTUS_CD IN ('0', '1', '3')   /* 신청상태코드 */
               ) B
            , IAMDB.T_ACNT_REQST_INFO C
        WHERE 1=1
        AND   B.ACNT_REQST_NO = C.ACNT_REQST_NO
    </select>

    <!--
        Query ID    : selectHasUserBassEmail
        Description : 사용자기본메일 존재조회
    -->
    <select id="selectHasUserBassEmail" parameterType="com.mobis.maps.iam.vo.MapsIamAcntReqstInfoVO" resultType="com.mobis.maps.iam.vo.MapsIamAcntReqstInfoVO">
        /* Query ID=com.mobis.maps.iam.service.dao.MapsIamAcntReqstInfoMDAO.selectHasUserBassEmail */
        SELECT
              A.USER_BASS_ID    /* 사용자기본ID */
            , A.USER_NM         /* 사용자명 */
            , A.ORGNZT_SE_CD    /* 조직구분코드 */
            , A.BSN_ORGNZT_CD   /* 영업조직코드 */
            , A.ORGNZT_CD       /* 조직코드 */
            , A.DEALER_CD       /* 딜러코드 */
            , A.MOBLPHON_NO     /* 휴대전화번호 */
            , A.OFFM_TELNO      /* 사무실전화번호 */
            , A.FAX_TELNO       /* 팩스전화번호 */
        FROM  IAMDB.T_USER_BASS_INFO A
        WHERE 1=1
        AND   A.EMAIL = #{email}    /* 이메일주소 */
    </select>
    
    <!--
        Query ID    : selectUserSeqIdByUserBassId
        Description : 사용자순번ID 조회(By 사용자기본ID)
    -->
    <select id="selectUserSeqIdByUserBassId" parameterType="com.mobis.maps.iam.vo.MapsIamAcntReqstInfoVO" resultType="java.lang.String">
        /* Query ID=com.mobis.maps.iam.service.dao.MapsIamAcntReqstInfoMDAO.selectUserSeqIdByUserBassId */
        SELECT
              MAX(A.USER_SEQ_ID) AS USER_SEQ_ID /* 사용자순번ID */
        FROM  IAMDB.T_USER_MST A
        WHERE 1=1
        AND   A.SYS_SE_CD = #{sysSeCd}  /* 시스템구분코드 */
        AND   A.USER_ID = #{userBassId} /* 사용자ID */
    </select>
    
    <!--
        Query ID    : selectUserSeqIdByEmail
        Description : 사용자순번ID 조회(By 이메일)
    -->
    <select id="selectUserSeqIdByEmail" parameterType="com.mobis.maps.iam.vo.MapsIamAcntReqstInfoVO" resultType="java.lang.String">
        /* Query ID=com.mobis.maps.iam.service.dao.MapsIamAcntReqstInfoMDAO.selectUserSeqIdByEmail */
        SELECT
              MAX(A.USER_SEQ_ID) AS USER_SEQ_ID
        FROM  IAMDB.T_USER_MST A
        WHERE 1=1
        AND   A.SYS_SE_CD = #{sysSeCd}  /* 시스템구분코드 */
        AND   EXISTS (SELECT 1 
                      FROM  IAMDB.T_USER_BASS_INFO B
                      WHERE A.USER_BASS_ID = B.USER_BASS_ID
                      AND   B.EMAIL = #{email}  /* 이메일 */
                      )
    </select>
    
    <!--
        Query ID    : selectUserSeqIdByOrgnztEmail
        Description : 사용자순번ID 조회(By 조직별 이메일)
    -->
    <select id="selectUserSeqIdByOrgnztEmail" parameterType="com.mobis.maps.iam.vo.MapsIamAcntReqstInfoVO" resultType="java.lang.String">
        /* Query ID=com.mobis.maps.iam.service.dao.MapsIamAcntReqstInfoMDAO.selectUserSeqIdByOrgnztEmail */
        SELECT
              MAX(A.USER_SEQ_ID) AS USER_SEQ_ID
        FROM  IAMDB.T_USER_MST A
        WHERE 1=1
        AND   A.SYS_SE_CD = #{sysSeCd}          /* 시스템구분코드 */
        AND   A.ORGNZT_SE_CD = #{orgnztSeCd}    /* 조직구분코드 */
        AND   A.BSN_ORGNZT_CD = #{bsnOrgnztCd}  /* 영업조직코드 */
        <if test='@org.apache.commons.lang3.StringUtils@contains("G|N|D", orgnztSeCd)'>
        AND   A.ORGNZT_CD = #{orgnztCd}
        </if>
        <if test='@org.apache.commons.lang3.StringUtils@equals(orgnztSeCd, "E")'>
        AND   A.ORGNZT_CD = #{orgnztCd}
        AND   A.DEALER_CD = #{dealerCd}
        </if>
        AND   EXISTS (SELECT 1 
                      FROM  IAMDB.T_USER_BASS_INFO B
                      WHERE A.USER_BASS_ID = B.USER_BASS_ID
                      AND   B.EMAIL = #{email}  /* 이메일 */
                      )
    </select>
    
    <!--
        Query ID    : selectMngrEmailList
        Description : 관리자메일 리스트 조회
    -->
    <select id="selectMngrEmailList" parameterType="com.mobis.maps.iam.vo.MapsIamAcntReqstInfoVO" resultType="com.mobis.maps.iam.vo.MapsIamUserVO">
        /* Query ID=com.mobis.maps.iam.service.dao.MapsIamAcntReqstInfoMDAO.selectMngrEmailList */
        SELECT
              A.USER_NM                 /* 사용자명 */
            , A.EMAIL                   /* 이메일주소 */
            , B.USER_SEQ_ID             /* 사용자순번ID */
        FROM  IAMDB.T_USER_BASS_INFO A
            LEFT OUTER JOIN IAMDB.T_USER_MST B
            ON  A.USER_BASS_ID = B.USER_BASS_ID
        WHERE 1=1
        <choose>
            <when test='@org.apache.commons.lang3.StringUtils@equals(orgnztSeCd, "M")'>
        AND   B.SYS_SE_CD = 'I'
        AND   B.BSN_ORGNZT_CD = '1000'
        AND   B.ORGNZT_CD = NULL
        AND   B.DEALER_CD = NULL
            </when>
            <when test='@org.apache.commons.lang3.StringUtils@equals(orgnztSeCd, "C")'>
        AND   B.SYS_SE_CD = 'I'
        AND   B.BSN_ORGNZT_CD = #{bsnOrgnztCd}
        AND   B.ORGNZT_CD = NULL
        AND   B.DEALER_CD = NULL
            </when>
            <when test='@org.apache.commons.lang3.StringUtils@equals(orgnztSeCd, "E")'>
        AND   B.SYS_SE_CD = #{sysSeCd}
        AND   B.ORGNZT_SE_CD = #{orgnztSeCd}
        AND   B.BSN_ORGNZT_CD = #{bsnOrgnztCd}
        AND   B.ORGNZT_CD = #{orgnztCd}
        AND   B.DEALER_CD = #{dealerCd}
            </when>
            <when test='@org.apache.commons.lang3.StringUtils@equals(orgnztSeCd, "G") and @org.apache.commons.lang3.StringUtils@equals(acntTyCd, "N")'>
        AND   B.SYS_SE_CD = #{sysSeCd}
        AND   B.USER_ID IN (
                            SELECT
                                  C.ZSALES_PER
                            FROM  MAPSDB.ZPSDT1805 C
                            WHERE 1=1
                            AND   C.KUNNR =  #{orgnztCd}
                            AND   C.KDGRP IN ('14', '15')
                            AND   C.ZCUSTAT IN ('A', 'B')  /* A:정상, B:중지, C:계약해재 */
                            )
            </when>
            <otherwise>
        AND   B.SYS_SE_CD = #{sysSeCd}
        AND   B.ORGNZT_SE_CD = #{orgnztSeCd}
        AND   B.BSN_ORGNZT_CD = #{bsnOrgnztCd}
        AND   B.ORGNZT_CD = #{orgnztCd}
            </otherwise>
        </choose>
        <choose>
            <when test='@org.apache.commons.lang3.StringUtils@equals(acntTyCd, "N")'>
        AND   B.ACNT_TY_CD = 'M'
            </when>
            <otherwise>
        AND   B.ACNT_TY_CD = 'S'
            </otherwise>
        </choose>
        AND   A.USE_YN = 'Y'
        AND   B.USE_YN = 'Y'
        AND   B.DEL_YN = 'N'
    </select>
    
    <!--
        Query ID    : insertAcntReqstInfo
        Description : 계정신청 등록
    -->
    <insert id="insertAcntReqstInfo" parameterType="com.mobis.maps.iam.vo.MapsIamAcntReqstInfoVO">
        /* Query ID=com.mobis.maps.iam.service.dao.MapsIamAcntReqstInfoMDAO.insertAcntReqstInfo */
        <selectKey keyProperty="acntReqstNo" resultType="string" order="BEFORE">
        SELECT
              CONCAT('A', #{mapsSysSeCd}, LPAD(NVL(MAX(MID(ACNT_REQST_NO, 3, 8)),0) + 1, 8, '0')) AS ACNT_REQST_NO
        FROM  IAMDB.T_ACNT_REQST_INFO
        WHERE ACNT_REQST_NO LIKE CONCAT('A', #{mapsSysSeCd}, '%')
        </selectKey>
        INSERT INTO IAMDB.T_ACNT_REQST_INFO (
              ACNT_REQST_NO             /* 계정신청번호 */
            , SYS_SE_CD                 /* 시스템구분코드 */
            , USER_BASS_ID              /* 사용자기본ID */
            , USER_ID                   /* 사용자ID */
            , USER_NM                   /* 사용자명 */
            , USER_BASS_ORGNZT_SE_CD    /* 사용자기본조직구분코드 */
            , USER_BASS_BSN_ORGNZT_CD   /* 사용자기영업조직코드 */
            , USER_BASS_ORGNZT_CD       /* 사용자기조직코드 */
            , USER_BASS_DEALER_CD       /* 사용자기딜러코드 */
            , EMAIL                     /* 이메일주소 */
            , MOBLPHON_NO               /* 휴대전화번호 */
            , OFFM_TELNO                /* 사무실전화번호 */
            , FAX_TELNO                 /* 팩스전화번호 */
            , ORGNZT_SE_CD              /* 조직구분코드 */
            , BSN_ORGNZT_CD             /* 영업조직코드 */
            , ORGNZT_CD                 /* 조직코드 */
            , DEALER_CD                 /* 딜러코드 */
            , ACNT_TY_CD                /* 계정유형코드 */
            , TZONE_CD                  /* 타임존코드 */
            , USE_HOPE_DE               /* 사용희망일 */
            , MNGR_ID                   /* 관리자ID */
            , PERM_IP_USE_YN            /* 허용IP사용여부 */
            , REQST_STTUS_CD            /* 신청상태코드 */
        <if test='@org.apache.commons.lang3.StringUtils@equals(reqstSttusCd, "1")'>
            <if test='@org.apache.commons.lang3.StringUtils@equals(indvdlinfoColctUseAgreYn, "Y")'>
            , INDVDLINFO_COLCT_USE_AGRE_DT  /* 개인정보수집이용동의일시 */
            </if>
            , REQST_DT                  /* 신청일시 */
            , APPRV_STTUS_CD            /* 승인상태코드 */
        </if>
            , REQST_CN                  /* 신청내용 */
            , REGIST_ID                 /* 생성자ID */
            , REGIST_DT                 /* 생성일시 */
            , UPDT_ID                   /* 수정자ID */
            , UPDT_DT                   /* 수정일시 */
        ) VALUES (
              #{acntReqstNo}            /* 계정신청번호 */
            , #{sysSeCd}                /* 시스템구분코드 */
            , #{userBassId}             /* 사용자기본ID */
            , #{userId}                 /* 사용자ID */
            , #{userNm}                 /* 사용자명 */
            , #{userBassOrgnztSeCd}     /* 사용자기본조직구분코드 */
            , #{userBassBsnOrgnztCd}    /* 사용자기영업조직코드 */
            , #{userBassOrgnztCd}       /* 사용자기조직코드 */
            , #{userBassDealerCd}       /* 사용자기딜러코드 */
            , #{email}                  /* 이메일주소 */
            , #{moblphonNo}             /* 휴대전화번호 */
            , #{offmTelno}              /* 사무실전화번호 */
            , #{faxTelno}               /* 팩스전화번호 */
            , #{orgnztSeCd}             /* 조직구분코드 */
            , #{bsnOrgnztCd}            /* 영업조직코드 */
            , #{orgnztCd}               /* 조직코드 */
            , #{dealerCd}               /* 딜러코드 */
            , #{acntTyCd}               /* 계정유형코드 */
            , #{tzoneCd}                /* 타임존코드 */
            , #{useHopeDe}              /* 사용희망일 */
            , #{mngrId}                 /* 관리자ID */
            , #{permIpUseYn}            /* 허용IP사용여부 */
            , #{reqstSttusCd}           /* 신청상태코드 */
        <if test='@org.apache.commons.lang3.StringUtils@equals(reqstSttusCd, "1")'>
            <if test='@org.apache.commons.lang3.StringUtils@equals(indvdlinfoColctUseAgreYn, "Y")'>
            , CURRENT_TIMESTAMP         /* 개인정보수집이용동의일시 */
            </if>
            , CURRENT_TIMESTAMP         /* 신청일시 */
            , '0'                       /* 승인상태코드 */
        </if>
            , #{reqstCn}                /* 신청내용 */
            , #{registId}               /* 생성자ID */
            , CURRENT_TIMESTAMP         /* 생성일시 */
            , #{updtId}                 /* 수정자ID */
            , CURRENT_TIMESTAMP         /* 수정일시 */
        )
    </insert>
    
    <!--
        Query ID    : updateAcntReqstInfo
        Description : 계정신청정보 수정                                   
    -->
    <update id="updateAcntReqstInfo" parameterType="com.mobis.maps.iam.vo.MapsIamAcntReqstInfoVO">
        /* Query ID=com.mobis.maps.iam.service.dao.MapsIamAcntReqstInfoMDAO.updateAcntReqstInfo */
        UPDATE IAMDB.T_ACNT_REQST_INFO
        SET   SYS_SE_CD = #{sysSeCd}            /* 시스템구분코드 */
            , USER_BASS_ID = #{userBassId}      /* 사용자기본ID */
            , USER_ID = #{userId}               /* 사용자ID */
        <if test='@org.apache.commons.lang3.StringUtils@equals(userBassId, "NEW")'>
            , USER_NM = #{userNm}               /* 사용자명 */
            , USER_BASS_ORGNZT_SE_CD = #{userBassOrgnztSeCd}    /* 사용자기본조직구분코드 */
            , USER_BASS_BSN_ORGNZT_CD = #{userBassBsnOrgnztCd}  /* 사용자기영업조직코드 */
            , USER_BASS_ORGNZT_CD = #{userBassOrgnztCd}         /* 사용자기조직코드 */
            , USER_BASS_DEALER_CD = #{userBassDealerCd}         /* 사용자기딜러코드 */
            , EMAIL = #{email}                  /* 이메일주소 */
            , MOBLPHON_NO = #{moblphonNo}       /* 휴대전화번호 */
            , OFFM_TELNO = #{offmTelno}         /* 사무실전화번호 */
            , FAX_TELNO = #{faxTelno}           /* 팩스전화번호 */
        </if>
            , ORGNZT_SE_CD = #{orgnztSeCd}      /* 조직구분코드 */
            , BSN_ORGNZT_CD = #{bsnOrgnztCd}    /* 영업조직코드 */
            , ORGNZT_CD = #{orgnztCd}           /* 조직코드 */
            , DEALER_CD = #{dealerCd}           /* 딜러코드 */
            , ACNT_TY_CD = #{acntTyCd}          /* 계정유형코드 */
            , TZONE_CD = #{tzoneCd}             /* 타임존코드 */
            , USE_HOPE_DE = #{useHopeDe}        /* 사용희망일 */
            , MNGR_ID = #{mngrId}               /* 관리자ID */
            , PERM_IP_USE_YN = #{permIpUseYn}   /* 허용IP사용여부 */
            , REQST_STTUS_CD = #{reqstSttusCd}  /* 신청상태코드 */
        <if test='@org.apache.commons.lang3.StringUtils@equals(reqstSttusCd, "1")'>
            <if test='@org.apache.commons.lang3.StringUtils@equals(indvdlinfoColctUseAgreYn, "Y")'>
            , INDVDLINFO_COLCT_USE_AGRE_DT = CURRENT_TIMESTAMP    /* 개인정보수집이용동의일시 */
            </if>
            , REQST_DT = CURRENT_TIMESTAMP      /* 신청일시 */
            , APPRV_STTUS_CD = '0'              /* 승인상태코드 */
        </if>
            , REQST_CN = #{reqstCn}             /* 신청내용 */
            , UPDT_ID = #{updtId}               /* 수정자ID */
            , UPDT_DT = CURRENT_TIMESTAMP       /* 수정일시 */
        WHERE 1=1
        AND   ACNT_REQST_NO = #{acntReqstNo}    /* 계정신청번호 */
    </update>
    
    <!--
        Query ID    : deleteAcntReqstInfo
        Description : 계정신청정보 삭제                                   
    -->
    <delete id="deleteAcntReqstInfo" parameterType="com.mobis.maps.iam.vo.MapsIamAcntReqstInfoVO">
        /* Query ID=com.mobis.maps.iam.service.dao.MapsIamAcntReqstInfoMDAO.deleteAcntReqstInfo */
    <!--
        DELETE
        FROM  IAMDB.T_ACNT_REQST_INFO
        WHERE 1=1
        AND   ACNT_REQST_NO = #{acntReqstNo}    /* 계정신청번호 */
    -->
        UPDATE IAMDB.T_ACNT_REQST_INFO
        SET   REQST_CN = #{reqstCn}         /* 신청내용 */
            , REQST_STTUS_CD = '9'          /* 신청상태코드 */
            , APPRV_STTUS_CD = NULL         /* 승인상태코드 */
            , APPRV_DT = NULL               /* 승인일시 */
            , APPRV_ID = NULL               /* 승인자ID */
            , APPRV_CN = NULL               /* 승인내용 */
            , UPDT_ID = #{updtId}           /* 수정자ID */
            , UPDT_DT = CURRENT_TIMESTAMP   /* 수정일시 */
        WHERE 1=1
        AND   ACNT_REQST_NO = #{acntReqstNo}    /* 계정신청번호 */
    </delete>
    
    <!--
        Query ID    : insertAcntReqstSttusChghst
        Description : 계정신청상태이력 등록
    -->
    <insert id="insertAcntReqstSttusChghst" parameterType="com.mobis.maps.iam.vo.MapsIamAcntReqstInfoVO">
        /* Query ID=com.mobis.maps.iam.service.dao.MapsIamAcntReqstInfoMDAO.insertAcntReqstSttusChghst */
        INSERT INTO IAMDB.T_ACNT_REQST_STTUS_CHGHST (
              ACNT_REQST_NO     /* 계정신청번호 */
            , CHANGE_DT         /* 변경일시 */
            , REQST_STTUS_CD    /* 신청상태코드 */
            , APPRV_STTUS_CD    /* 승인상태코드 */
            , APPRV_CN          /* 승인내용 */
            , CHANGE_ID         /* 변경자ID */
        ) VALUES (
              #{acntReqstNo}                /* 계정신청번호 */
            , CURRENT_TIMESTAMP             /* 변경일시 */
            , #{reqstSttusCd}               /* 신청상태코드 */
            , NVL(#{apprvSttusCd}, '-')     /* 승인상태코드 */
            , #{apprvCn}                    /* 승인내용 */
            , #{changeId}                   /* 변경자ID */
        )
    </insert>
    
    <!--
        Query ID    : selectAcntReqstLangList
        Description : 계정신청언어 리스트 조회
    -->
    <select id="selectAcntReqstLangList" parameterType="com.mobis.maps.iam.vo.MapsIamAcntReqstLangVO" resultType="com.mobis.maps.iam.vo.MapsIamAcntReqstLangVO">
        /* Query ID=com.mobis.maps.iam.service.dao.MapsIamAcntReqstInfoMDAO.selectAcntReqstLangList */
        SELECT
              ROW_NUMBER() OVER(ORDER BY A.ACNT_REQST_NO, A.LANG_CD) AS RNUM
            , A.ACNT_REQST_NO   /* 계정신청번호 */
            , A.LANG_CD         /* 국가언어코드 */
            , A.REGIST_ID       /* 생성자ID */
            , A.REGIST_DT       /* 생성일시 */
        FROM  IAMDB.T_ACNT_REQST_LANG_INFO A
        WHERE 1=1
        AND   A.ACNT_REQST_NO = #{acntReqstNo}  /* 계정신청번호 */
        ORDER BY A.ACNT_REQST_NO
               , A.LANG_CD
    </select>
    
    <!--
        Query ID    : selectAcntReqstLang
        Description : 계정신청언어 조회
    -->
    <select id="selectAcntReqstLang" parameterType="com.mobis.maps.iam.vo.MapsIamAcntReqstLangVO" resultType="com.mobis.maps.iam.vo.MapsIamAcntReqstLangVO">
        /* Query ID=com.mobis.maps.iam.service.dao.MapsIamAcntReqstInfoMDAO.selectAcntReqstLang */
        SELECT
              A.ACNT_REQST_NO   /* 계정신청번호 */
            , A.LANG_CD         /* 국가언어코드 */
            , A.REGIST_ID       /* 생성자ID */
            , A.REGIST_DT       /* 생성일시 */
        FROM  IAMDB.T_ACNT_REQST_LANG_INFO A
        WHERE 1=1
        AND   A.ACNT_REQST_NO = #{acntReqstNo}  /* 계정신청번호 */
        AND   A.LANG_CD = #{langCd}             /* 국가언어코드 */
    </select>
    
    <!--
        Query ID    : insertAcntReqstLang
        Description : 계정신청언어 등록
    -->
    <insert id="insertAcntReqstLang" parameterType="com.mobis.maps.iam.vo.MapsIamAcntReqstLangVO">
        /* Query ID=com.mobis.maps.comm.service.dao.MapsIamAcntReqstInfoMDAO.insertAcntReqstLang */
        INSERT INTO IAMDB.T_ACNT_REQST_LANG_INFO (
              ACNT_REQST_NO     /* 계정신청번호 */
            , LANG_CD           /* 국가언어코드 */
            , REGIST_ID         /* 생성자ID */
            , REGIST_DT         /* 생성일시 */
        ) VALUES (
              #{acntReqstNo}    /* 계정신청번호 */
            , #{langCd}         /* 국가언어코드 */
            , #{registId}       /* 생성자ID */
            , CURRENT_TIMESTAMP /* 생성일시 */
        )
    </insert>
    
    <!--
        Query ID    : deleteAllAcntReqstLang
        Description : 계정신청언어 전체 삭제
    -->
    <delete id="deleteAllAcntReqstLang" parameterType="com.mobis.maps.iam.vo.MapsIamAcntReqstLangVO">
        /* Query ID=com.mobis.maps.comm.service.dao.MapsCommWdDicMDAO.deleteAllAcntReqstLang */
        DELETE
        FROM  IAMDB.T_ACNT_REQST_LANG_INFO
        WHERE 1=1
        AND   ACNT_REQST_NO = #{acntReqstNo}    /* 계정신청번호 */
    </delete>
    
    <!--
        Query ID    : selectAcntReqstPermIpList
        Description : 계정신청허용IP 리스트 조회
    -->
    <select id="selectAcntReqstPermIpList" parameterType="com.mobis.maps.iam.vo.MapsIamAcntReqstPermIpVO" resultType="com.mobis.maps.iam.vo.MapsIamAcntReqstPermIpVO">
        /* Query ID=com.mobis.maps.iam.service.dao.MapsIamAcntReqstInfoMDAO.selectAcntReqstPermIpList */
        SELECT
              ROW_NUMBER() OVER(ORDER BY A.ACNT_REQST_NO, A.PERM_IP_ADRES) AS RNUM
            , A.ACNT_REQST_NO   /* 계정신청번호 */
            , A.PERM_IP_ADRES   /* 허용IP주소 */
            , A.REGIST_ID       /* 생성자ID */
            , A.REGIST_DT       /* 생성일시 */
        FROM  IAMDB.T_ACNT_REQST_PERM_IP_INFO A
        WHERE 1=1
        AND   A.ACNT_REQST_NO = #{acntReqstNo}  /* 계정신청번호 */
        ORDER BY A.ACNT_REQST_NO
               , A.PERM_IP_ADRES
    </select>
    
    <!--
        Query ID    : selectAcntReqstPermIp
        Description : 계정신청허용IP 조회
    -->
    <select id="selectAcntReqstPermIp" parameterType="com.mobis.maps.iam.vo.MapsIamAcntReqstPermIpVO" resultType="com.mobis.maps.iam.vo.MapsIamAcntReqstPermIpVO">
        /* Query ID=com.mobis.maps.iam.service.dao.MapsIamAcntReqstInfoMDAO.selectAcntReqstPermIp */
        SELECT
              A.ACNT_REQST_NO   /* 계정신청번호 */
            , A.PERM_IP_ADRES   /* 허용IP주소 */
            , A.REGIST_ID       /* 생성자ID */
            , A.REGIST_DT       /* 생성일시 */
        FROM  IAMDB.T_ACNT_REQST_PERM_IP_INFO A
        WHERE 1=1
        AND   A.ACNT_REQST_NO = #{acntReqstNo}  /* 계정신청번호 */
        AND   A.PERM_IP_ADRES = #{permIpAdres}  /* 허용IP주소 */
    </select>
    
    <!--
        Query ID    : insertAcntReqstPermIp
        Description : 계정신청허용IP 등록
    -->
    <insert id="insertAcntReqstPermIp" parameterType="com.mobis.maps.iam.vo.MapsIamAcntReqstPermIpVO">
        /* Query ID=com.mobis.maps.comm.service.dao.MapsIamAcntReqstInfoMDAO.insertAcntReqstPermIp */
        INSERT INTO IAMDB.T_ACNT_REQST_PERM_IP_INFO (
              ACNT_REQST_NO /* 계정신청번호 */
            , PERM_IP_ADRES /* 허용IP주소 */
            , REGIST_ID     /* 생성자ID */
            , REGIST_DT     /* 생성일시 */
        ) VALUES (
              #{acntReqstNo}    /* 계정신청번호 */
            , #{permIpAdres}    /* 허용IP주소 */
            , #{registId}       /* 생성자ID */
            , CURRENT_TIMESTAMP /* 생성일시 */
        )
    </insert>
    
    <!--
        Query ID    : deleteAllAcntReqstPermIp
        Description : 계정신청허용IP 전체 삭제
    -->
    <delete id="deleteAllAcntReqstPermIp" parameterType="com.mobis.maps.iam.vo.MapsIamUserPermIpVO">
        /* Query ID=com.mobis.maps.comm.service.dao.MapsCommWdDicMDAO.deleteAllAcntReqstPermIp */
        DELETE
        FROM  IAMDB.T_ACNT_REQST_PERM_IP_INFO
        WHERE 1=1
        AND   ACNT_REQST_NO = #{acntReqstNo}    /* 계정신청번호 */
    </delete>
    
    <!--
        Query ID    : selectAuthorMstList
        Description : 권한마스트 리스트 조회
    -->
    <select id="selectAuthorMstList" parameterType="com.mobis.maps.iam.vo.MapsIamAuthorVO" resultType="com.mobis.maps.iam.vo.MapsIamAuthorVO">
        /* Query ID=com.mobis.maps.iam.service.dao.MapsIamAcntReqstInfoMDAO.selectAuthorMstList */
        SELECT
              ROW_NUMBER() OVER(ORDER BY A.AUTHOR_ID) AS RNUM
            , A.AUTHOR_ID       /* 권한ID */
            , A.SYS_SE_CD       /* 시스템구분코드 */
            , A.BSN_ORGNZT_CD   /* 영업조직코드 */
            , A.AUTHOR_NM       /* 권한명 */
        FROM  IAMDB.T_AUTHOR_MST A
        WHERE 1=1
        AND   A.SYS_SE_CD = #{sysSeCd}          /* 시스템구분코드 */
        AND   A.BSN_ORGNZT_CD = #{bsnOrgnztCd}  /* 영업조직코드 */
        AND   A.USE_YN = 'Y'
        <if test='acntAcntTyCd != "S"'>
        AND   EXISTS (
                  SELECT 1
                  FROM  IAMDB.T_USER_AUTHOR_MANAGE B
                      , IAMDB.T_USER_MST C
                  WHERE 1=1
                  AND   A.AUTHOR_ID = B.AUTHOR_ID
                  AND   B.USER_SEQ_ID = C.USER_SEQ_ID
                  AND   C.SYS_SE_CD = A.SYS_SE_CD
                  AND   C.BSN_ORGNZT_CD = A.BSN_ORGNZT_CD
        <choose>
            <when test='acntOrgnztSeCd.matches("G|D|N")'>
                  AND   C.ORGNZT_SE_CD = #{acntOrgnztSeCd}
                  AND   C.ORGNZT_CD = #{acntOrgnztCd}
            </when>
            <when test='acntOrgnztSeCd == "E"'>
                  AND   C.ORGNZT_SE_CD = #{acntOrgnztSeCd}
                  AND   C.ORGNZT_CD = #{acntOrgnztCd}
                  AND   C.DEALER_CD = #{acntDealerCd}
            </when>
        </choose>
                  AND   C.ACNT_TY_CD = 'M'
              )
        </if>
        ORDER BY A.AUTHOR_ID
    </select>
    
    <!--
        Query ID    : selectNlognAuthorMstList
        Description : [비로그인]권한마스트 리스트 조회
    -->
    <select id="selectNlognAuthorMstList" parameterType="com.mobis.maps.iam.vo.MapsIamAuthorVO" resultType="com.mobis.maps.iam.vo.MapsIamAuthorVO">
        /* Query ID=com.mobis.maps.iam.service.dao.MapsIamAcntReqstInfoMDAO.selectNlognAuthorMstList */
        SELECT
              ROW_NUMBER() OVER(ORDER BY A.AUTHOR_ID) AS RNUM
            , A.AUTHOR_ID       /* 권한ID */
            , A.SYS_SE_CD       /* 시스템구분코드 */
            , A.BSN_ORGNZT_CD   /* 영업조직코드 */
            , A.AUTHOR_NM       /* 권한명 */
        FROM  IAMDB.T_AUTHOR_MST A
        WHERE 1=1
        AND   A.SYS_SE_CD = #{sysSeCd}          /* 시스템구분코드 */
        AND   A.BSN_ORGNZT_CD = #{bsnOrgnztCd}  /* 영업조직코드 */
        AND   A.USE_YN = 'Y'
        AND   EXISTS (
                  SELECT 1
                  FROM  IAMDB.T_USER_AUTHOR_MANAGE B
                      , IAMDB.T_USER_MST C
                  WHERE 1=1
                  AND   A.AUTHOR_ID = B.AUTHOR_ID
                  AND   B.USER_SEQ_ID = C.USER_SEQ_ID
                  AND   C.SYS_SE_CD = A.SYS_SE_CD
                  AND   C.BSN_ORGNZT_CD = A.BSN_ORGNZT_CD
        <choose>
            <when test='orgnztSeCd.matches("G|D|N")'>
                  AND   C.ORGNZT_SE_CD = #{orgnztSeCd}
                  AND   C.ORGNZT_CD = #{orgnztCd}
            </when>
            <when test='orgnztSeCd == "E"'>
                  AND   C.ORGNZT_SE_CD = #{orgnztSeCd}
                  AND   C.ORGNZT_CD = #{orgnztCd}
                  AND   C.DEALER_CD = #{dealerCd}
            </when>
        </choose>
                  AND   C.ACNT_TY_CD = 'M'
              )
        ORDER BY A.AUTHOR_ID
    </select>
    
    <!--
        Query ID    : selectAcntReqstAuthorList
        Description : 계정신청권한 리스트 조회
    -->
    <select id="selectAcntReqstAuthorList" parameterType="com.mobis.maps.iam.vo.MapsIamAcntReqstAuthorVO" resultType="com.mobis.maps.iam.vo.MapsIamAcntReqstAuthorVO">
        /* Query ID=com.mobis.maps.iam.service.dao.MapsIamAcntReqstInfoMDAO.selectAcntReqstAuthorList */
        SELECT
              ROW_NUMBER() OVER(ORDER BY A.ACNT_REQST_NO, A.AUTHOR_ID) AS RNUM
            , A.ACNT_REQST_NO   /* 계정신청번호 */
            , A.AUTHOR_ID       /* 권한ID */
            , B.SYS_SE_CD       /* 시스템구분코드 */
            , B.BSN_ORGNZT_CD   /* 영업조직코드 */
            , B.AUTHOR_NM       /* 권한명 */
            , A.REGIST_ID       /* 생성자ID */
            , A.REGIST_DT       /* 생성일시 */
        FROM  IAMDB.T_ACNT_REQST_AUTHOR_INFO A
            , IAMDB.T_AUTHOR_MST B
        WHERE 1=1
        AND   A.ACNT_REQST_NO = #{acntReqstNo}  /* 계정신청번호 */
        AND   A.AUTHOR_ID = B.AUTHOR_ID
        ORDER BY A.ACNT_REQST_NO
               , A.AUTHOR_ID
    </select>
    
    <!--
        Query ID    : selectAcntReqstAuthor
        Description : 계정신청권한 조회
    -->
    <select id="selectAcntReqstAuthor" parameterType="com.mobis.maps.iam.vo.MapsIamAcntReqstAuthorVO" resultType="com.mobis.maps.iam.vo.MapsIamAcntReqstAuthorVO">
        /* Query ID=com.mobis.maps.iam.service.dao.MapsIamAcntReqstInfoMDAO.selectAcntReqstAuthor */
        SELECT
              A.ACNT_REQST_NO   /* 계정신청번호 */
            , A.AUTHOR_ID       /* 권한ID */
            , A.REGIST_ID       /* 생성자ID */
            , A.REGIST_DT       /* 생성일시 */
        FROM  IAMDB.T_ACNT_REQST_AUTHOR_INFO A
        WHERE 1=1
        AND   A.ACNT_REQST_NO = #{acntReqstNo}  /* 계정신청번호 */
        AND   A.AUTHOR_ID = #{authorId}         /* 권한ID */
    </select>
    
    <!--
        Query ID    : insertAcntReqstAuthor
        Description : 계정신청권한 등록
    -->
    <insert id="insertAcntReqstAuthor" parameterType="com.mobis.maps.iam.vo.MapsIamAcntReqstAuthorVO">
        /* Query ID=com.mobis.maps.comm.service.dao.MapsIamAcntReqstInfoMDAO.insertAcntReqstAuthor */
        INSERT INTO IAMDB.T_ACNT_REQST_AUTHOR_INFO (
              ACNT_REQST_NO /* 계정신청번호 */
            , AUTHOR_ID     /* 권한ID */
            , REGIST_ID     /* 생성자ID */
            , REGIST_DT     /* 생성일시 */
        ) VALUES (
              #{acntReqstNo}    /* 계정신청번호 */
            , #{authorId}       /* 권한ID */
            , #{registId}       /* 생성자ID */
            , CURRENT_TIMESTAMP /* 생성일시 */
        )
    </insert>
    
    <!--
        Query ID    : deleteAllAcntReqstAuthor
        Description : 계정신청권한 전체 삭제
    -->
    <delete id="deleteAllAcntReqstAuthor" parameterType="com.mobis.maps.iam.vo.MapsIamAcntReqstAuthorVO">
        /* Query ID=com.mobis.maps.comm.service.dao.MapsIamAcntReqstInfoMDAO.deleteAllAcntReqstAuthor */
        DELETE
        FROM  IAMDB.T_ACNT_REQST_AUTHOR_INFO
        WHERE 1=1
        AND   ACNT_REQST_NO = #{acntReqstNo}    /* 계정신청번호 */
    </delete>
    
    <!--
        Query ID    : updateAcntReqstApprv
        Description : 계정신청정보 승인/반려                                  
    -->
    <update id="updateAcntReqstApprv" parameterType="com.mobis.maps.iam.vo.MapsIamAcntReqstInfoVO">
        /* Query ID=com.mobis.maps.iam.service.dao.MapsIamAcntReqstSttusMDAO.updateAcntReqstApprv */
        UPDATE IAMDB.T_ACNT_REQST_INFO
        SET   REQST_STTUS_CD = #{reqstSttusCd}  /* 신청상태코드 */
            , APPRV_STTUS_CD = #{apprvSttusCd}  /* 승인상태코드 */
            , APPRV_DT = CURRENT_TIMESTAMP      /* 승인일시 */
            , APPRV_ID = #{apprvId}             /* 승인자ID */
            , APPRV_CN = #{apprvCn}             /* 승인내용 */
        <if test='!@org.apache.commons.lang3.StringUtils@equals(originUserBassId, "NEW")'>
            , USER_BASS_ID = #{userBassId}      /* 사용자기본ID */
            , USER_NM = #{userNm}               /* 사용자명 */
            , USER_BASS_ORGNZT_SE_CD = #{userBassOrgnztSeCd}    /* 사용자기본조직구분코드 */
            , USER_BASS_BSN_ORGNZT_CD = #{userBassBsnOrgnztCd}  /* 사용자기영업조직코드 */
            , USER_BASS_ORGNZT_CD = #{userBassOrgnztCd}         /* 사용자기조직코드 */
            , USER_BASS_DEALER_CD = #{userBassDealerCd}         /* 사용자기딜러코드 */
            , EMAIL = #{email}                  /* 이메일주소 */
            , MOBLPHON_NO = #{moblphonNo}       /* 휴대전화번호 */
            , OFFM_TELNO = #{offmTelno}         /* 사무실전화번호 */
            , FAX_TELNO = #{faxTelno}           /* 팩스전화번호 */
        </if>
            , UPDT_ID = #{updtId}               /* 수정자ID */
            , UPDT_DT = CURRENT_TIMESTAMP       /* 수정일시 */
        WHERE 1=1
        AND   ACNT_REQST_NO = #{acntReqstNo}    /* 계정신청번호 */
    </update>
    
    <!--
        Query ID    : insertAcntReqstUserBassInfo
        Description : 계정신청 사용자기본정보 등록
    -->
    <select id="selectHasUserBassInfo" parameterType="com.mobis.maps.iam.vo.MapsIamAcntReqstInfoVO">
        /* Query ID=com.mobis.maps.iam.service.dao.MapsIamAcntReqstInfoMDAO.selectHasUserBassInfo */
        SELECT
              MAX(USER_BASS_ID) AS USER_BASS_ID
        FROM  IAMDB.T_USER_BASS_INFO
        WHERE USER_BASS_ID = #{userBassId}
        OR    EMAIL = #{email}
    </select>
    
    <!--
        Query ID    : insertAcntReqstUserBassInfo
        Description : 계정신청 사용자기본정보 등록
    -->
    <insert id="insertAcntReqstUserBassInfo" parameterType="com.mobis.maps.iam.vo.MapsIamAcntReqstInfoVO">
        <selectKey keyProperty="userBassId" resultType="String" order="BEFORE">
        SELECT
        <choose>
            <when test='@org.apache.commons.lang3.StringUtils@equals(userBassId, "NEW")'>
                <choose>
                    <when test='@org.apache.commons.lang3.StringUtils@contains("G|N|D", orgnztSeCd)'>
              (SELECT
                     CONCAT(A.ORGNZT_CD, LPAD(NVL(MAX(MID(A.USER_ID, LENGTH(A.ORGNZT_CD) + 1, 10 - LENGTH(A.ORGNZT_CD))),0) + 1, 10 - LENGTH(A.ORGNZT_CD), '0')) AS USER_BASS_ID
               FROM  IAMDB.T_USER_MST A
               WHERE 1=1
               AND   A.ORGNZT_SE_CD = #{orgnztSeCd}
               AND   A.BSN_ORGNZT_CD = #{bsnOrgnztCd}
               AND   A.ORGNZT_CD = #{orgnztCd}
               AND   A.USER_ID LIKE CONCAT(A.ORGNZT_CD, '%')
               AND   LENGTH(A.USER_ID) = 10
               ) AS USER_BASS_ID
                    </when>
                    <when test='@org.apache.commons.lang3.StringUtils@equals(orgnztSeCd, "E")'>
              (SELECT
                     CONCAT(A.DEALER_CD, LPAD(NVL(MAX(MID(A.USER_ID, LENGTH(A.DEALER_CD) + 1, 10 - LENGTH(A.DEALER_CD))),0) + 1, 10 - LENGTH(A.DEALER_CD), '0')) AS USER_BASS_ID
               FROM  IAMDB.T_USER_MST A
               WHERE 1=1
               AND   A.ORGNZT_SE_CD = #{orgnztSeCd}
               AND   A.BSN_ORGNZT_CD = #{bsnOrgnztCd}
               AND   A.ORGNZT_CD = #{orgnztCd}
               AND   A.DEALER_CD = #{dealerCd}
               AND   A.USER_ID LIKE CONCAT(A.DEALER_CD, '%')
               AND   LENGTH(A.USER_ID) = 10
               ) AS USER_BASS_ID
                    </when>
                    <otherwise>
              #{userBassId} AS USER_BASS_ID
                    </otherwise>
                </choose>
            </when>
            <otherwise>
              #{userBassId} AS USER_BASS_ID
            </otherwise>
        </choose>
        FROM  DUAL
        </selectKey>
        /* Query ID=com.mobis.maps.iam.service.dao.MapsIamAcntReqstInfoMDAO.insertAcntReqstUserBassInfo */
        INSERT INTO IAMDB.T_USER_BASS_INFO (
              USER_BASS_ID      /* 사용자기본ID */
            , USER_NM           /* 사용자명 */
            , ORGNZT_SE_CD      /* 조직구분코드 */
            , BSN_ORGNZT_CD     /* 영업조직코드 */
            , ORGNZT_CD         /* 조직코드 */
            , DEALER_CD         /* 딜러코드 */
            , EMAIL             /* 이메일주소 */
            , MOBLPHON_NO       /* 휴대전화번호 */
            , OFFM_TELNO        /* 사무실전화번호 */
            , FAX_TELNO         /* 팩스전화번호 */
            , USE_YN            /* 사용여부 */
            , DEL_YN            /* 삭제여부 */
            , REGIST_ID         /* 생성자ID */
            , REGIST_DT         /* 생성일시 */
            , UPDT_ID           /* 수정자ID */
            , UPDT_DT           /* 수정일시 */
        )
        SELECT
              #{userBassId}             /* 사용자기본ID */
            , A.USER_NM                 /* 사용자명 */
            , A.USER_BASS_ORGNZT_SE_CD  /* 조직구분코드 */
            , A.USER_BASS_BSN_ORGNZT_CD /* 영업조직코드 */
            , A.USER_BASS_ORGNZT_CD     /* 조직코드 */
            , A.USER_BASS_DEALER_CD     /* 딜러코드 */
            , A.EMAIL                   /* 이메일주소 */
            , A.MOBLPHON_NO             /* 휴대전화번호 */
            , A.OFFM_TELNO              /* 사무실전화번호 */
            , A.FAX_TELNO               /* 팩스전화번호 */
            , 'Y'                       /* 사용여부 */
            , 'N'                       /* 삭제여부 */
            , #{registId}               /* 생성자ID */
            , CURRENT_TIMESTAMP         /* 생성일시 */
            , #{updtId}                 /* 수정자ID */
            , CURRENT_TIMESTAMP         /* 수정일시 */
        FROM  IAMDB.T_ACNT_REQST_INFO A
        WHERE 1=1
        AND   A.ACNT_REQST_NO = #{acntReqstNo}  /* 계정신청번호 */
    </insert>
    
    <!--
        Query ID    : insertAcntReqstUserBassChghst
        Description : 계정신청 사용자기본정보 변경이력 등록
    -->
    <insert id="insertAcntReqstUserBassChghst" parameterType="com.mobis.maps.iam.vo.MapsIamAcntReqstInfoVO">
        /* Query ID=com.mobis.maps.iam.service.dao.MapsIamUserBassInfoMDAO.insertAcntReqstUserBassChghst */
        INSERT INTO IAMDB.T_USER_BASS_CHGHST (
              CHANGE_DT         /* 변경일시 */
            , USER_BASS_ID      /* 사용자기본ID */
            , CHANGE_SE_CD      /* 변경구분코드 */
            , USER_NM           /* 사용자명 */
            , ORGNZT_SE_CD      /* 조직구분코드 */
            , BSN_ORGNZT_CD     /* 영업조직코드 */
            , ORGNZT_CD         /* 조직코드 */
            , DEALER_CD         /* 딜러코드 */
            , EMAIL             /* 이메일주소 */
            , MOBLPHON_NO       /* 휴대전화번호 */
            , OFFM_TELNO        /* 사무실전화번호 */
            , FAX_TELNO         /* 팩스전화번호 */
            , USE_YN            /* 사용여부 */
            , DEL_YN            /* 삭제여부 */
            , CHANGE_ID         /* 변경자ID */
        )
        SELECT
              CURRENT_TIMESTAMP         /* 변경일시 */
            , #{userBassId}             /* 사용자기본ID */
            , #{changeSeCd}             /* 변경구분코드 */
            , A.USER_NM                 /* 사용자명 */
            , A.USER_BASS_ORGNZT_SE_CD  /* 조직구분코드 */
            , A.USER_BASS_BSN_ORGNZT_CD /* 영업조직코드 */
            , A.USER_BASS_ORGNZT_CD     /* 조직코드 */
            , A.USER_BASS_DEALER_CD     /* 딜러코드 */
            , A.EMAIL                   /* 이메일주소 */
            , A.MOBLPHON_NO             /* 휴대전화번호 */
            , A.OFFM_TELNO              /* 사무실전화번호 */
            , A.FAX_TELNO               /* 팩스전화번호 */
            , 'Y'                       /* 사용여부 */
            , 'N'                       /* 삭제여부 */
            , #{changeId}               /* 변경자ID */
        FROM  IAMDB.T_ACNT_REQST_INFO A
        WHERE 1=1
        AND   A.ACNT_REQST_NO = #{acntReqstNo}  /* 계정신청번호 */
    </insert>
    
    <!--
        Query ID    : insertAcntReqstUser
        Description : 계정신청 사용자 등록
    -->
    <insert id="insertAcntReqstUser" parameterType="com.mobis.maps.iam.vo.MapsIamAcntReqstInfoVO">
        /* Query ID=com.mobis.maps.iam.service.dao.MapsIamAcntReqstInfoMDAO.insertAcntReqstUser */
        <selectKey keyProperty="userSeqId,userId,useBgnde,useEndde,pwdEndDt,useYn,delYn" resultType="com.mobis.maps.iam.vo.MapsIamAcntReqstInfoVO" order="BEFORE">
        SELECT
              CONCAT('U', #{mapsSysSeCd}, LPAD(NVL(MAX(MID(USER_SEQ_ID, 3, 9)),0) + 1, 9, '0')) AS USER_SEQ_ID
        <choose>
            <when test='@org.apache.commons.lang3.StringUtils@equals(userId, "NEW")'>
            , (
                SELECT
                <choose>
                    <when test='@org.apache.commons.lang3.StringUtils@contains("G|N|D", orgnztSeCd)'>
                      CONCAT(#{orgnztCd}, LPAD(NVL(MAX(MID(A.USER_ID, LENGTH(#{orgnztCd}) + 1, 10 - LENGTH(#{orgnztCd}))),0) + 1, 10 - LENGTH(#{orgnztCd}), '0')) AS USER_ID
                    </when>
                    <when test='@org.apache.commons.lang3.StringUtils@equals(orgnztSeCd, "E")'>
                      CONCAT(#{dealerCd}, LPAD(NVL(MAX(MID(A.USER_ID, LENGTH(#{dealerCd}) + 1, 10 - LENGTH(#{dealerCd}))),0) + 1, 10 - LENGTH(#{dealerCd}), '0')) AS USER_ID
                    </when>
                    <otherwise>
                      #{userId} AS USER_ID
                    </otherwise>
                </choose>
                FROM  IAMDB.T_USER_MST A
                WHERE 1=1
                AND   A.ORGNZT_SE_CD = #{orgnztSeCd}
                AND   A.BSN_ORGNZT_CD = #{bsnOrgnztCd}
                <if test='@org.apache.commons.lang3.StringUtils@contains("G|N|D", orgnztSeCd)'>
                AND   A.ORGNZT_CD = #{orgnztCd}
                AND   A.USER_ID REGEXP CONCAT('^', #{orgnztCd}, '[0-9]+$')
                </if>
                <if test='@org.apache.commons.lang3.StringUtils@equals(orgnztSeCd, "E")'>
                AND   A.ORGNZT_CD = #{orgnztCd}
                AND   A.DEALER_CD = #{dealerCd}
                AND   A.USER_ID REGEXP CONCAT('^', #{dealerCd}, '[0-9]+$')
                AND   A.USER_ID LIKE CONCAT(A.DEALER_CD, '%')
                </if>
                AND   LENGTH(A.USER_ID) = 10
               ) AS USER_ID
            </when>
            <otherwise>
            , #{userId} AS USER_ID
            </otherwise>
        </choose>
            , #{useHopeDe} AS USE_BGNDE
            , STR_TO_DATE('99991231', '%Y%m%d') AS USE_ENDDE
            , DATE_ADD(NOW(), INTERVAL #{pwdChageCyclDayCnt} DAY) AS PWD_END_DT
            , 'Y' AS USE_YN
            , 'N' AS DEL_YN
        FROM  IAMDB.T_USER_MST
        WHERE USER_SEQ_ID LIKE CONCAT('U', #{mapsSysSeCd},'%')
        </selectKey>
        INSERT INTO IAMDB.T_USER_MST (
              USER_SEQ_ID                   /* 사용자순번ID */
            , MNGR_ID                       /* 관리자ID */
            , SYS_SE_CD                     /* 시스템구분코드 */
            , USER_ID                       /* 사용자ID */
            , USER_BASS_ID                  /* 사용자기본ID */
            , USER_PWD                      /* 사용자암호 */
            , ASIS_USER_ID                  /* 구사용자ID */
            , ORGNZT_SE_CD                  /* 조직구분코드 */
            , BSN_ORGNZT_CD                 /* 영업조직코드 */
            , ORGNZT_CD                     /* 조직코드 */
            , DEALER_CD                     /* 딜러코드 */
            , ACNT_TY_CD                    /* 계정유형코드 */
            , ACNT_LOCK_YN                  /* 계정잠금여부 */
            , ACNT_LOCK_RESN_CD             /* 계정잠금사유코드 */
            , TZONE_CD                      /* 타임존코드 */
            , PERM_IP_USE_YN                /* 허용IP사용여부 */
            , USE_BGNDE                     /* 사용시작일 */
            , USE_ENDDE                     /* 사용종료일 */
            , INDVDLINFO_COLCT_USE_AGRE_DT  /* 개인정보수집이용동의일시 */
            , PWD_END_DT                    /* 암호만료일시 */
            , PWD_ERROR_CO                  /* 암호오류횟수 */
            , PWD_INITL_YN                  /* 암호초기화여부 */
            , PWD_CHANGE_DT                 /* 암호변경일시 */
            , LAST_LOGIN_DT                 /* 최종로그인일시 */
            , LAST_LOGIN_IP_ADRES           /*  */
            , USE_YN                        /* 사용여부 */
            , DEL_YN                        /* 삭제여부 */
            , REGIST_ID                     /* 생성자ID */
            , REGIST_DT                     /* 생성일시 */
            , UPDT_ID                       /* 수정자ID */
            , UPDT_DT                       /* 수정일시 */
        )
        SELECT
              #{userSeqId}          /* 사용자순번ID */
            , IFNULL(A.MNGR_ID, #{registId})    /* 관리자ID */
            , A.SYS_SE_CD           /* 시스템구분코드 */
            , #{userId}             /* 사용자ID */
            , #{userBassId}         /* 사용자기본ID */
            , ENC_VARCHAR_INS( #{userPwd} ,10,'PWD','USER_PWD','T_USER_MST',USER(),CONNECTION_ID())  /* 사용자암호 */ 
            , NULL                  /* 구사용자ID */
            , A.ORGNZT_SE_CD        /* 조직구분코드 */
            , A.BSN_ORGNZT_CD       /* 영업조직코드 */
            , A.ORGNZT_CD           /* 조직코드 */
            , A.DEALER_CD           /* 딜러코드 */
            , A.ACNT_TY_CD          /* 계정유형코드 */
            , 'N'                   /* 계정잠금여부 */
            , NULL                  /* 계정잠금사유코드 */
            , A.TZONE_CD            /* 타임존코드 */
            , IFNULL(A.PERM_IP_USE_YN, 'N') /* 허용IP사용여부 */
            , #{useBgnde}           /* 사용시작일 */
            , #{useEndde}           /* 사용종료일 */
            , INDVDLINFO_COLCT_USE_AGRE_DT  /* 개인정보수집이용동의일시 */
            , #{pwdEndDt}           /* 암호만료일시 */
            , 0                     /* 암호오류횟수 */
            , 'Y'                   /* 암호초기화여부 */
            , CURRENT_TIMESTAMP     /* 암호변경일시 */
            , NULL                  /* 최종로그인일시 */
            , NULL                  /* 최종로그인IP주소 */
            , #{useYn}              /* 사용여부 */
            , #{delYn}              /* 삭제여부 */
            , #{registId}           /* 생성자ID */
            , CURRENT_TIMESTAMP     /* 생성일시 */
            , #{updtId}             /* 수정자ID */
            , CURRENT_TIMESTAMP     /* 수정일시 */
        FROM  IAMDB.T_ACNT_REQST_INFO A
        WHERE 1=1
        AND   A.ACNT_REQST_NO = #{acntReqstNo}  /* 계정신청번호 */
    </insert>
    
    <!--
        Query ID    : insertAcntReqstUserChghst
        Description : 계정신청 사용자변경이력 등록
    -->
    <insert id="insertAcntReqstUserChghst" parameterType="com.mobis.maps.iam.vo.MapsIamAcntReqstInfoVO">
        /* Query ID=com.mobis.maps.comm.service.dao.MapsIamUserMDAO.insertAcntReqstUserChghst */
        INSERT INTO IAMDB.T_USER_CHGHST (
              CHANGE_DT         /* 변경일시 */
            , USER_SEQ_ID       /* 사용자순번ID */
            , CHANGE_SE_CD      /* 변경구분코드 */
            , MNGR_ID           /* 관리자ID */
            , ASIS_USER_ID      /* 구사용자ID */
            , ORGNZT_SE_CD      /* 조직구분코드 */
            , BSN_ORGNZT_CD     /* 영업조직코드 */
            , ORGNZT_CD         /* 조직코드 */
            , DEALER_CD         /* 딜러코드 */
            , ACNT_TY_CD        /* 계정유형코드 */
            , TZONE_CD          /* 타임존코드 */
            , PERM_IP_USE_YN    /* 허용IP사용여부 */
            , USE_BGNDE         /* 사용시작일 */
            , USE_ENDDE         /* 사용종료일 */
            , USE_YN            /* 사용여부 */
            , DEL_YN            /* 삭제여부 */
            , ACNT_LOCK_YN      /* 계정잠금여부 */
            , ACNT_LOCK_RESN_CD /* 계정잠금사유코드 */
            , CHANGE_ID         /* 변경자ID */
        )
        SELECT
              CURRENT_TIMESTAMP /* 변경일시 */
            , #{userSeqId}      /* 사용자순번ID */
            , #{changeSeCd}     /* 변경구분코드 */
            , IFNULL(A.MNGR_ID, #{registId})    /* 관리자ID */
            , NULL              /* 구사용자ID */
            , A.ORGNZT_SE_CD    /* 조직구분코드 */
            , A.BSN_ORGNZT_CD   /* 영업조직코드 */
            , A.ORGNZT_CD       /* 조직코드 */
            , A.DEALER_CD       /* 딜러코드 */
            , A.ACNT_TY_CD      /* 계정유형코드 */
            , A.TZONE_CD        /* 타임존코드 */
            , IFNULL(A.PERM_IP_USE_YN, 'N')     /* 허용IP사용여부 */
            , #{useBgnde}       /* 사용시작일 */
            , #{useEndde}       /* 사용종료일 */
            , #{useYn}          /* 사용여부 */
            , #{delYn}          /* 삭제여부 */
            , 'N'               /* 계정잠금여부 */
            , NULL              /* 계정잠금사유코드 */
            , #{changeId}       /* 변경자ID */
        FROM  IAMDB.T_ACNT_REQST_INFO A
        WHERE 1=1
        AND   A.ACNT_REQST_NO = #{acntReqstNo}  /* 계정신청번호 */
    </insert>
    
    <!--
        Query ID    : insertAcntReqstUserPwdChghst
        Description : 계정신청 사용자암호변경이력 등록
    -->
    <insert id="insertAcntReqstUserPwdChghst" parameterType="com.mobis.maps.iam.vo.MapsIamAcntReqstInfoVO">
        /* Query ID=com.mobis.maps.comm.service.dao.MapsIamUserMDAO.insertAcntReqstUserPwdChghst */
        INSERT INTO IAMDB.T_USER_PWD_CHGHST (
              CHANGE_DT         /* 변경일시 */
            , USER_SEQ_ID       /* 사용자순번ID */
            , PWD_CHAGE_SE_CD   /* 암호변경구분코드 */
            , BFE_PWD           /* 전암호 */
            , USER_PWD          /* 사용자암호 */
            , PWD_END_DT        /* 암호만료일시 */
            , CHANGE_ID         /* 변경자ID */
        ) VALUES (
              CURRENT_TIMESTAMP /* 변경일시 */
            , #{userSeqId}      /* 사용자순번ID */
            , #{pwdChageSeCd}   /* 암호변경구분코드 */
            , #{bfePwd}         /* 전암호 */
            , #{userPwd}        /* 사용자암호 */
            , #{pwdEndDt}       /* 암호만료일시 */
            , #{changeId}       /* 변경자ID */
        )
    </insert>

    <!--
        Query ID    : insertAcntReqstUserLang
        Description : 계정신청 사용자언어 등록
    -->
    <insert id="insertAcntReqstUserLang" parameterType="com.mobis.maps.iam.vo.MapsIamAcntReqstLangVO">
        /* Query ID=com.mobis.maps.comm.service.dao.MapsIamAcntReqstInfoMDAO.insertAcntReqstUserLang */
        <selectKey keyProperty="userLangSeq" resultType="int" order="BEFORE">
        SELECT
              CAST(NVL(MAX(MID(USER_LANG_ID, 4, 8)), 0) AS INTEGER) AS USER_LANG_SEQ
        FROM  IAMDB.T_USER_LANG_MANAGE
        WHERE USER_LANG_ID LIKE CONCAT('UL', #{mapsSysSeCd}, '%')
        </selectKey>
        INSERT INTO IAMDB.T_USER_LANG_MANAGE (
              USER_LANG_ID  /* 사용자언어ID */
            , USER_SEQ_ID   /* 사용자순번ID */
            , LANG_CD       /* 언어코드 */
            , REPRSNT_YN    /* 대표여부 */
            , REGIST_ID     /* 생성자ID */
            , REGIST_DT     /* 생성일시 */
            , UPDT_ID       /* 수정자ID */
            , UPDT_DT       /* 수정일시 */
        )
        SELECT
              CONCAT('UL', #{mapsSysSeCd}, LPAD((D.RNUM + #{userLangSeq}), 8, '0')) AS USER_LANG_ID /* 사용자언어ID */
            , #{userSeqId} AS USER_SEQ_ID                           /* 사용자순번ID */
            , D.LANG_CD             /* 국가언어코드 */
            , 'Y'                   /* 대표여부 */
            , #{registId}           /* 생성자ID */
            , CURRENT_TIMESTAMP     /* 생성일시 */
            , #{updtId}             /* 수정자ID */
            , CURRENT_TIMESTAMP     /* 수정일시 */
        FROM  (
               SELECT
                     ROW_NUMBER() OVER(ORDER BY A.ACNT_REQST_NO, A.LANG_CD) AS RNUM /* 사용자언어순번 */
                   , A.LANG_CD  /* 국가언어코드 */
               FROM  IAMDB.T_ACNT_REQST_LANG_INFO A
               WHERE 1=1
               AND   A.ACNT_REQST_NO = #{acntReqstNo}  /* 계정신청번호 */
              ) D
    </insert>
    
    <!--
        Query ID    : insertAcntReqstUserPermIp
        Description : 계정신청 사용자허용IP 등록
    -->
    <insert id="insertAcntReqstUserPermIp" parameterType="com.mobis.maps.iam.vo.MapsIamAcntReqstPermIpVO">
        /* Query ID=com.mobis.maps.comm.service.dao.MapsIamAcntReqstInfoMDAO.insertAcntReqstUserPermIp */
        <selectKey keyProperty="userPermIpManageSeq" resultType="int" order="BEFORE">
        SELECT
              CAST(NVL(MAX(MID(USER_PERM_IP_MANAGE_ID, 4, 8)), 0) AS INTEGER) AS USER_PERM_IP_MANAGE_SEQ
        FROM  IAMDB.T_USER_PERM_IP_MANAGE
        WHERE USER_PERM_IP_MANAGE_ID LIKE CONCAT('UP', #{mapsSysSeCd}, '%')
        </selectKey>
        INSERT INTO IAMDB.T_USER_PERM_IP_MANAGE (
              USER_PERM_IP_MANAGE_ID    /* 사용자허용IP관리ID */
            , USER_SEQ_ID               /* 사용자순번ID */
            , PERM_IP_ADRES             /* 허용IP주소 */
            , REGIST_ID                 /* 생성자ID */
            , REGIST_DT                 /* 생성일시 */
            , UPDT_ID                   /* 수정자ID */
            , UPDT_DT                   /* 수정일시 */
        )
        SELECT
              CONCAT('UP', #{mapsSysSeCd}, LPAD((D.RNUM + #{userPermIpManageSeq}), 8, '0')) AS USER_PERM_IP_MANAGE_ID   /* 사용자허용IP관리ID */
            , #{userSeqId} AS USER_SEQ_ID       /* 사용자순번ID */
            , D.PERM_IP_ADRES       /* 허용IP주소 */
            , #{registId}           /* 생성자ID */
            , CURRENT_TIMESTAMP     /* 생성일시 */
            , #{updtId}             /* 수정자ID */
            , CURRENT_TIMESTAMP     /* 수정일시 */
        FROM  (
               SELECT
                     ROW_NUMBER() OVER(ORDER BY A.ACNT_REQST_NO, A.PERM_IP_ADRES) AS RNUM /* 사용자허용IP관리순번 */
                   , A.PERM_IP_ADRES   /* 허용IP주소 */
               FROM  IAMDB.T_ACNT_REQST_PERM_IP_INFO A
               WHERE 1=1
               AND   A.ACNT_REQST_NO = #{acntReqstNo}  /* 계정신청번호 */
               ORDER BY A.ACNT_REQST_NO
                      , A.PERM_IP_ADRES
               ) D
    </insert>
    
    <!--
        Query ID    : insertAcntReqstUserAuthor
        Description : 계정신청 사용자권한 등록
    -->
    <insert id="insertAcntReqstUserAuthor" parameterType="com.mobis.maps.iam.vo.MapsIamAcntReqstAuthorVO">
        /* Query ID=com.mobis.maps.iam.service.dao.MapsIamAcntReqstInfoMDAO.insertAcntReqstUserAuthor */
        <selectKey keyProperty="userAuthorSeq" resultType="int" order="BEFORE">
        SELECT
              CAST(NVL(MAX(MID(USER_AUTHOR_ID, 4, 8)), 0) AS INTEGER) AS USER_AUTHOR_SEQ                          
        FROM  IAMDB.T_USER_AUTHOR_MANAGE
        WHERE USER_AUTHOR_ID LIKE CONCAT('UA', #{mapsSysSeCd}, '%')
        </selectKey>
        INSERT INTO IAMDB.T_USER_AUTHOR_MANAGE (
              USER_AUTHOR_ID    /* 사용자권한ID */
            , USER_SEQ_ID       /* 사용자순번ID */
            , AUTHOR_ID         /* 권한ID */
            , REGIST_ID         /* 생성자ID */
            , REGIST_DT         /* 생성일시 */
            , UPDT_ID           /* 수정자ID */
            , UPDT_DT           /* 수정일시 */
        )
        SELECT
              CONCAT('UA', #{mapsSysSeCd}, LPAD((D.RNUM + #{userAuthorSeq}), 8, '0')) AS USER_AUTHOR_ID /* 사용자권한ID */
            , #{userSeqId} AS USER_SEQ_ID       /* 사용자순번ID */
            , D.AUTHOR_ID           /* 허용IP주소 */
            , #{registId}           /* 생성자ID */
            , CURRENT_TIMESTAMP     /* 생성일시 */
            , #{updtId}             /* 수정자ID */
            , CURRENT_TIMESTAMP     /* 수정일시 */
        FROM  (
               SELECT
                     ROW_NUMBER() OVER(ORDER BY A.ACNT_REQST_NO, A.AUTHOR_ID) AS RNUM    /* 사용자언어ID */
                   , A.AUTHOR_ID       /* 권한ID */
               FROM  IAMDB.T_ACNT_REQST_AUTHOR_INFO A
               WHERE 1=1
               AND   A.ACNT_REQST_NO = #{acntReqstNo}  /* 계정신청번호 */
               ORDER BY A.ACNT_REQST_NO
                      , A.AUTHOR_ID
               ) D
    </insert>
    
</mapper>