<?xml version="1.0" encoding="UTF-8" ?>
<!DOCTYPE mapper PUBLIC "-//mybatis.org//DTD Mapper 3.0//EN" "http://mybatis.org/dtd/mybatis-3-mapper.dtd">
<!--
    SQL File Name : comm_MapsIamAuthorMDAO_SQL.xml
 * @Description   : 권한 데이터를 관리한다.
 * @author        : DT048657
 * @since         : 2019. 12. 13.
 * @version       : 1.0
 * @see
 * @Modification Information
 * <pre>
 *     since          author              description
 *  ===========    =============    ===========================
 *  2019. 12. 13.     최은삼       최초 생성
 * 
-->
<mapper namespace="com.mobis.maps.iam.service.dao.MapsIamAuthorMDAO">

    <!--
        Query ID    : selectAuthorList
        Description : 권한 리스트 조회
    -->
    <sql id="selectListAuthor">
        /* Query ID=com.mobis.maps.iam.service.dao.MapsIamAuthorMDAO.selectAuthorList */
        SELECT
              ROW_NUMBER() OVER(ORDER BY A.BSN_ORGNZT_CD, A.AUTHOR_ID) AS RNUM
            , A.AUTHOR_ID           /* 권한ID */
            , A.SYS_SE_CD           /* 시스템구분코드 */
            , A.BSN_ORGNZT_CD       /* 영업조직코드 */
            , A.AUTHOR_NM           /* 권한명 */
            , A.ALL_AUTHOR_USE_YN   /* 전체사용자권한여부 */
            , A.AUTHOR_DC           /* 권한설명 */
            , A.USE_YN              /* 사용여부 */
            , A.REGIST_ID           /* 생성자ID */
            , A.REGIST_DT           /* 생성일시 */
            , A.UPDT_ID             /* 수정자ID */
            , A.UPDT_DT             /* 수정일시 */
        FROM  IAMDB.T_AUTHOR_MST A
        WHERE 1=1
        <if test='@org.apache.commons.lang3.StringUtils@isNotBlank(sysSeCd)'>
        AND   A.SYS_SE_CD = #{sysSeCd}  /* 시스템구분코드 */
        </if>
        <if test='@org.apache.commons.lang3.StringUtils@isNotBlank(bsnOrgnztCd)'>
        AND   A.BSN_ORGNZT_CD = #{bsnOrgnztCd}  /* 영업조직코드 */
        </if>
        <if test='@org.apache.commons.lang3.StringUtils@isNotBlank(useYn)'>
        AND   A.USE_YN = #{useYn}       /* 사용여부 */
        </if>
        <if test='@org.apache.commons.lang3.StringUtils@isNotBlank(authorNm)'>
        AND   A.AUTHOR_NM = #{authorNm} /* 권한명 */
        </if>
        <if test='acntAcntTyCd != "S"'>
        AND   EXISTS (
                  SELECT 1
                  FROM  IAMDB.T_USER_AUTHOR_MANAGE B
                      , IAMDB.T_USER_MST C
                  WHERE 1=1
                  AND   A.AUTHOR_ID = B.AUTHOR_ID
                  AND   B.USER_SEQ_ID = C.USER_SEQ_ID
                  AND   C.SYS_SE_CD = A.SYS_SE_CD
                  AND   C.BSN_ORGNZT_CD = A.BSN_ORGNZT_CD
        <choose>
            <when test='acntOrgnztSeCd.matches("G|D|N")'>
                  AND   C.ORGNZT_SE_CD = #{acntOrgnztSeCd}
                  AND   C.ORGNZT_CD = #{acntOrgnztCd}
            </when>
            <when test='acntOrgnztSeCd == "E"'>
                  AND   C.ORGNZT_SE_CD = #{acntOrgnztSeCd}
                  AND   C.ORGNZT_CD = #{acntOrgnztCd}
                  AND   C.DEALER_CD = #{acntDealerCd}
            </when>
        </choose>
                  AND   C.ACNT_TY_CD = 'M'
              )
        </if>
        ORDER BY A.BSN_ORGNZT_CD
               , A.AUTHOR_ID
    </sql>
    <select id="selectAuthorList" parameterType="com.mobis.maps.iam.vo.MapsIamAuthorVO" resultType="com.mobis.maps.iam.vo.MapsIamAuthorVO">
        /* Query ID=com.mobis.maps.iam.service.dao.MapsIamAuthorMDAO.selectAuthorList */
        <include refid="selectListAuthor"></include>
    </select>
    
    <!--
        Query ID    : selectAuthorPgList
        Description : 권한 페이징리스트 조회
    -->
    <select id="selectAuthorPgList" parameterType="com.mobis.maps.iam.vo.MapsIamAuthorVO" resultType="com.mobis.maps.iam.vo.MapsIamAuthorVO">
        /* Query ID=com.mobis.maps.iam.service.dao.MapsIamAuthorMDAO.selectAuthorPgList */
        <include refid="com.mobis.maps.cmmn.paging.selectTop"/>
        <include refid="selectListAuthor"/>
        <include refid="com.mobis.maps.cmmn.paging.selectBottom"/>
    </select>

    <!--
        Query ID    : selectAuthorInfo
        Description : 권한 조회
    -->
    <select id="selectAuthorInfo" parameterType="com.mobis.maps.iam.vo.MapsIamAuthorVO" resultType="com.mobis.maps.iam.vo.MapsIamAuthorVO">
        /* Query ID=com.mobis.maps.iam.service.dao.MapsIamAuthorMDAO.selectAuthorInfo */              
        SELECT
              A.AUTHOR_ID           /* 권한ID */
            , A.SYS_SE_CD           /* 시스템구분코드 */
            , A.BSN_ORGNZT_CD       /* 영업조직코드 */
            , A.AUTHOR_NM           /* 권한명 */
            , A.ALL_AUTHOR_USE_YN   /* 전체사용자권한여부 */
            , A.AUTHOR_DC           /* 권한설명 */
            , A.USE_YN              /* 사용여부 */
            , A.REGIST_ID           /* 생성자ID */
            , A.REGIST_DT           /* 생성일시 */
            , A.UPDT_ID             /* 수정자ID */
            , A.UPDT_DT             /* 수정일시 */
        FROM  IAMDB.T_AUTHOR_MST A
        WHERE 1=1
        AND   A.AUTHOR_ID = #{authorId} /* 권한ID */                  
    </select>   
      
    <!--
        Query ID    : insertAuthorInfo
        Description : 권한 저장
    -->
    <insert id="insertAuthorInfo" parameterType="com.mobis.maps.iam.vo.MapsIamAuthorVO">
        /* Query ID=com.mobis.maps.iam.service.dao.MapsIamAuthorMDAO.insertAuthorInfo */
        <selectKey keyProperty="authorId" resultType="String" order="BEFORE">
        SELECT
              CONCAT('AU', #{mapsSysSeCd}, LPAD(NVL(MAX(MID(AUTHOR_ID, 4, 8)),0) + 1, 8, '0')) AS AUTHOR_ID                             
        FROM  IAMDB.T_AUTHOR_MST
        WHERE AUTHOR_ID LIKE CONCAT('AU', #{mapsSysSeCd}, '%')
        </selectKey>
        INSERT INTO IAMDB.T_AUTHOR_MST (
              AUTHOR_ID             /* 권한ID */
            , SYS_SE_CD             /* 시스템구분코드 */
            , BSN_ORGNZT_CD         /* 영업조직코드 */
            , AUTHOR_NM             /* 권한명 */
            , ALL_AUTHOR_USE_YN     /* 전체사용자권한여부 */
            , AUTHOR_DC             /* 권한설명 */
            , USE_YN                /* 사용여부 */
            , REGIST_ID             /* 생성자ID */
            , REGIST_DT             /* 생성일시 */
            , UPDT_ID               /* 수정자ID */
            , UPDT_DT               /* 수정일시 */
        ) VALUES (
              #{authorId}                   /* 권한ID */
            , #{sysSeCd}                    /* 시스템구분코드 */
            , #{bsnOrgnztCd}                /* 영업조직코드 */
            , #{authorNm}                   /* 권한명 */
            , NVL(#{allAuthorUseYn}, 'N')   /* 전체사용자권한여부 */
            , #{authorDc}                   /* 권한설명 */
            , NVL(#{useYn}, 'N')            /* 사용여부 */
            , #{registId}                   /* 생성자ID */
            , CURRENT_TIMESTAMP             /* 생성일시 */
            , #{updtId}                     /* 수정자ID */
            , CURRENT_TIMESTAMP             /* 수정일시 */
        )
    </insert>
    
    <!--
        Query ID    : updateAuthorInfo
        Description : 권한정보 수정                                   
    -->
    <update id="updateAuthorInfo" parameterType="com.mobis.maps.iam.vo.MapsIamAuthorVO">
        /* Query ID=com.mobis.maps.iam.service.dao.MapsIamAuthorMDAO.updateAuthorInfo */            
        UPDATE IAMDB.T_AUTHOR_MST
        SET   SYS_SE_CD = #{sysSeCd}                            /* 시스템구분코드 */
            , BSN_ORGNZT_CD = #{bsnOrgnztCd}                    /* 영업조직코드 */
            , AUTHOR_NM = #{authorNm}                           /* 권한명 */
            , ALL_AUTHOR_USE_YN = NVL(#{allAuthorUseYn}, 'N')   /* 전체사용자권한여부 */
            , AUTHOR_DC = #{authorDc}                           /* 권한설명 */
            , USE_YN = NVL(#{useYn}, 'N')                       /* 사용여부 */
            , UPDT_ID = #{updtId}                               /* 수정자ID */
            , UPDT_DT = CURRENT_TIMESTAMP                       /* 수정일시 */
        WHERE 1=1
        AND   AUTHOR_ID = #{authorId}   /* 권한ID */
    </update>
    
    <!--
        Query ID    : deleteAuthorInfo
        Description : 권한정보 삭제
    -->
    <delete id="deleteAuthorInfo" parameterType="com.mobis.maps.iam.vo.MapsIamAuthorVO">
        /* Query ID=com.mobis.maps.comm.service.dao.MapsCommWdDicMDAO.deleteAuthorInfo */
        DELETE
        FROM  IAMDB.T_AUTHOR_MST
        WHERE 1=1
        AND   AUTHOR_ID = #{authorId}   /* 권한ID */
    </delete>
    
    <!--
        Query ID    : selectAuthorChghstPgList
        Description : 권한관리이력 페이징리스트 조회
    -->
    <select id="selectAuthorChghstPgList" parameterType="com.mobis.maps.iam.vo.MapsIamAuthorVO" resultType="com.mobis.maps.iam.vo.MapsIamAuthorVO">
        /* Query ID=com.mobis.maps.comm.service.dao.MapsCommWdDicMDAO.selectAuthorChghstPgList */
        <include refid="com.mobis.maps.cmmn.paging.selectTop"/>
        SELECT
              ROW_NUMBER() OVER(ORDER BY A.CHANGE_DT DESC) AS RNUM
            , A.CHANGE_DT           /* 변경일시 */
            , A.CHANGE_SE_CD        /* 변경구분코드 */
            , A.AUTHOR_ID           /* 권한ID */
            , A.SYS_SE_CD           /* 시스템구분코드 */
            , A.BSN_ORGNZT_CD       /* 영업조직코드 */
            , A.AUTHOR_NM           /* 권한명 */
            , A.ALL_AUTHOR_USE_YN   /* 전체사용자권한여부 */
            , A.AUTHOR_DC           /* 권한설명 */
            , A.USE_YN              /* 사용여부 */
            , A.CHANGE_ID           /* 변경자ID */
        FROM  IAMDB.T_AUTHOR_CHGHST A
        WHERE 1=1
        AND   A.AUTHOR_ID = #{authorId} /* 권한ID */
        AND   A.CHANGE_DT >= STR_TO_DATE(CONCAT(DATE_FORMAT(#{strtDt}, '%Y%m%d'),'000000'), '%Y%m%d%H%i%S')         /* 변경시작일자 */
        AND <![CDATA[A.CHANGE_DT <= STR_TO_DATE(CONCAT(DATE_FORMAT(#{endDt}, '%Y%m%d'),'235959'), '%Y%m%d%H%i%S')]]>/* 변경종료일자 */
        <if test='@org.apache.commons.lang3.StringUtils@isNotBlank(changeSeCd)'>
        AND   A.CHANGE_SE_CD = #{changeSeCd}                    /* 변경구분코드 */
        </if>
        <if test='@org.apache.commons.lang3.StringUtils@isNotBlank(changeId)'>
        AND   A.CHANGE_ID LIKE CONCAT('%', #{changeId}, '%')    /* 변경자ID */
        </if>
        ORDER BY A.CHANGE_DT DESC
        <include refid="com.mobis.maps.cmmn.paging.selectBottom"/>
    </select>
    
    <!--
        Query ID    : insertAuthorChghst
        Description : 권한관리이력 저장
    -->
    <insert id="insertAuthorChghst" parameterType="com.mobis.maps.iam.vo.MapsIamAuthorVO">
        /* Query ID=com.mobis.maps.iam.service.dao.MapsIamAuthorMDAO.insertAuthorChghst */
        INSERT INTO IAMDB.T_AUTHOR_CHGHST (
              CHANGE_DT             /* 변경일시 */
            , AUTHOR_ID             /* 권한ID */
            , CHANGE_SE_CD          /* 변경구분코드 */
            , SYS_SE_CD             /* 시스템구분코드 */
            , BSN_ORGNZT_CD         /* 영업조직코드 */
            , AUTHOR_NM             /* 권한명 */
            , ALL_AUTHOR_USE_YN     /* 전체사용자권한여부 */
            , AUTHOR_DC             /* 권한설명 */
            , USE_YN                /* 사용여부 */
            , CHANGE_ID             /* 변경자ID */
        ) VALUES (
              CURRENT_TIMESTAMP     /* 변경일시 */
            , #{authorId}           /* 권한ID */
            , #{changeSeCd}         /* 변경구분코드 */
            , #{sysSeCd}            /* 시스템구분코드 */
            , #{bsnOrgnztCd}        /* 영업조직코드 */
            , #{authorNm}           /* 권한명 */
            , #{allAuthorUseYn}     /* 전체사용자권한여부 */
            , #{authorDc}           /* 권한설명 */
            , #{useYn}              /* 사용여부 */
            , #{changeId}           /* 변경자ID */
        )
    </insert>
    
    <!--
        Query ID    : selectAuthorMenuScrinList
        Description : 권한별 메뉴화면 리스트 조회
    -->
    <select id="selectAuthorMenuScrinList" parameterType="com.mobis.maps.iam.vo.MapsIamAuthorMenuVO" resultType="com.mobis.maps.iam.vo.MapsIamAuthorMenuVO">
        /* Query ID=com.mobis.maps.iam.service.dao.MapsIamAuthorMDAO.selectAuthorMenuScrinList */
        SELECT
              #{authorId} AS AUTHOR_ID
            , MENU.AUTHOR_YN
            , MENU.SYS_SE_CD
            , MENU.PARNTS_MENU_ID
            , MENU.MENU_ID
            , MENU.MENU_LEVEL AS MENU_LEVEL
            , MENU.WORD_ID
            , MENU.ABBREV_WORD_USE_CD
            , MENU.MENU_NM
            , MENU.MENU_ORDR
            , MENU.MENU_TY_CD
            , MENU.MENU_URL
            , MENU.SCRIN_ID
            , CASE WHEN MENU.MENU_TY_CD = 'S' THEN MENU.MENU_NM
                   WHEN MENU.MENU_TY_CD = 'P' THEN MENU.MENU_NM
                   ELSE ''
              END AS SCRIN_NM
            , MENU.SCRIN_CD
            , MENU.SCRIN_URL
            , CASE WHEN MENU.POPUP_YN = 'Y' THEN 'P'
                   ELSE 'M'
              END AS MENU_OPEN_TY
            , MENU.REGIST_ID
            , MENU.REGIST_DT
        FROM (
            WITH RECURSIVE CTE AS (
                SELECT
                    A.SYS_SE_CD AS SYS_SE_CD
                    , A.PARNTS_MENU_ID AS PARNTS_MENU_ID
                    , A.MENU_ID AS MENU_ID
                    , CAST(CONCAT(LPAD(A.MENU_ORDR, 3, '0'), A.MENU_ID) AS VARCHAR(99999) CHARACTER SET UTF8) AS MENU_PATH
                    , 0 AS MENU_LEVEL
                    , A.WORD_ID AS WORD_ID
                    , A.ABBREV_WORD_USE_CD AS ABBREV_WORD_USE_CD
                    , A.MENU_ORDR AS MENU_ORDR
                    , A.MENU_TY_CD AS MENU_TY_CD
                    , A.MENU_URL AS MENU_URL
                    , A.MENU_DC AS MENU_DC
                    , CAST('' AS VARCHAR(20) CHARACTER SET UTF8) AS SCRIN_ID
                    , CAST('' AS VARCHAR(20) CHARACTER SET UTF8) AS SCRIN_CD
                    , A.SCRIN_ALIAS_ID
                    , CAST('' AS VARCHAR(100) CHARACTER SET UTF8) AS SCRIN_URL
                    , CAST('' AS VARCHAR(200) CHARACTER SET UTF8) AS SCRIN_DC
                    , CAST('' AS VARCHAR(1) CHARACTER SET UTF8) AS DRM_SCRIN_YN
                    , CAST('' AS VARCHAR(1) CHARACTER SET UTF8) AS DRM_FILE_YN
                    , CAST('' AS VARCHAR(1) CHARACTER SET UTF8) AS INDVDLINFO_USE_YN
                    , A.POPUP_YN AS POPUP_YN
                    , A.INDICT_YN AS INDICT_YN
                    , IF(M2.AUTHOR_ID IS NULL, '0', '1') AS AUTHOR_YN
                    , M2.REGIST_ID
                    , M2.REGIST_DT
                FROM  IAMDB.T_MENU_MST A
                    LEFT OUTER JOIN IAMDB.T_AUTHOR_MENU_MANAGE M2
                    ON  M2.AUTHOR_ID = #{authorId}
                    AND M2.MENU_ID = A.MENU_ID
                    LEFT OUTER JOIN IAMDB.T_AUTHOR_MST M1
                    ON  M1.BSN_ORGNZT_CD = #{bsnOrgnztCd}
                    AND M1.SYS_SE_CD IN ('C', #{sysSeCd})
                    AND M1.AUTHOR_ID = M2.AUTHOR_ID
                WHERE 1=1
                AND   A.PARNTS_MENU_ID = 'M0000000000'
                UNION ALL
                SELECT
                      M.SYS_SE_CD AS SYS_SE_CD
                    , M.PARNTS_MENU_ID AS PARNTS_MENU_ID
                    , M.MENU_ID AS MENU_ID
                    , CONCAT(CTE.MENU_PATH, '-', LPAD(M.MENU_ORDR, 3, '0'), M.MENU_ID) AS MENU_PATH
                    , (MENU_LEVEL + 1) AS MENU_LEVEL
                    , M.WORD_ID AS WORD_ID
                    , M.ABBREV_WORD_USE_CD AS ABBREV_WORD_USE_CD
                    , M.MENU_ORDR AS MENU_ORDR
                    , M.MENU_TY_CD AS MENU_TY_CD
                    , M.MENU_URL AS MENU_URL
                    , M.MENU_DC AS MENU_DC
                    , M.SCRIN_ID AS SCRIN_ID
                    , M.SCRIN_CD AS SCRIN_CD
                    , M.SCRIN_ALIAS_ID AS SCRIN_ALIAS_ID
                    , M.SCRIN_URL AS SCRIN_URL
                    , M.SCRIN_DC AS SCRIN_DC
                    , M.DRM_SCRIN_YN AS DRM_SCRIN_YN
                    , M.DRM_FILE_YN AS DRM_FILE_YN
                    , M.INDVDLINFO_USE_YN AS INDVDLINFO_USE_YN
                    , M.POPUP_YN AS POPUP_YN
                    , M.INDICT_YN AS INDICT_YN
                    , M.AUTHOR_YN AS AUTHOR_YN
                    , M.REGIST_ID AS REGIST_ID
                    , M.REGIST_DT AS REGIST_DT
                FROM (
                    SELECT
                          A.SYS_SE_CD AS SYS_SE_CD
                        , A.PARNTS_MENU_ID AS PARNTS_MENU_ID
                        , A.MENU_ID AS MENU_ID
                        , A.WORD_ID AS WORD_ID
                        , A.ABBREV_WORD_USE_CD AS ABBREV_WORD_USE_CD
                        , A.MENU_ORDR AS MENU_ORDR
                        , A.MENU_TY_CD AS MENU_TY_CD
                        , A.MENU_URL AS MENU_URL
                        , A.MENU_DC AS MENU_DC
                        , CAST('' AS VARCHAR(20) CHARACTER SET UTF8) AS SCRIN_ID
                        , CAST('' AS VARCHAR(20) CHARACTER SET UTF8) AS SCRIN_CD
                        , A.SCRIN_ALIAS_ID
                        , CAST('' AS VARCHAR(100) CHARACTER SET UTF8) AS SCRIN_URL
                        , CAST('' AS VARCHAR(200) CHARACTER SET UTF8) AS SCRIN_DC
                        , CAST('' AS VARCHAR(1) CHARACTER SET UTF8) AS DRM_SCRIN_YN
                        , CAST('' AS VARCHAR(1) CHARACTER SET UTF8) AS DRM_FILE_YN
                        , CAST('' AS VARCHAR(1) CHARACTER SET UTF8) AS INDVDLINFO_USE_YN
                        , A.POPUP_YN AS POPUP_YN
                        , A.INDICT_YN AS INDICT_YN
                        , IF(M1.AUTHOR_ID IS NULL, '0', '1') AS AUTHOR_YN
                        , M2.REGIST_ID
                        , M2.REGIST_DT
                    FROM  IAMDB.T_MENU_MST A
                        LEFT OUTER JOIN IAMDB.T_AUTHOR_MENU_MANAGE M2
                        ON  M2.AUTHOR_ID = #{authorId}
                        AND M2.MENU_ID = A.MENU_ID
                        LEFT OUTER JOIN IAMDB.T_AUTHOR_MST M1
                        ON  M1.BSN_ORGNZT_CD = #{bsnOrgnztCd}
                        AND M1.SYS_SE_CD IN ('C', #{sysSeCd})
                        AND M1.AUTHOR_ID = M2.AUTHOR_ID
                    WHERE 1=1
                    AND   A.SYS_SE_CD IN ('C', #{sysSeCd})
                    UNION ALL
                    SELECT
                          C.SYS_SE_CD AS SYS_SE_CD
                        , B.MENU_ID AS PARNTS_MENU_ID
                        , B.SCRIN_ID AS MENU_ID
                        , D.WORD_ID AS WORD_ID
                        , D.ABBREV_WORD_USE_CD AS ABBREV_WORD_USE_CD
                        , B.SCRIN_ORDR AS MENU_ORDR
                        , IF(C.POPUP_YN = 'Y', 'P', 'S') AS MENU_TY_CD
                        , CAST('' AS VARCHAR(300) CHARACTER SET UTF8) AS MENU_URL
                        , CAST('' AS VARCHAR(200) CHARACTER SET UTF8) AS MENU_DC
                        , D.SCRIN_ID AS SCRIN_ID
                        , D.SCRIN_CD AS SCRIN_CD
                        , D.SCRIN_ALIAS_ID AS SCRIN_ALIAS_ID
                        , D.SCRIN_URL AS SCRIN_URL
                        , D.SCRIN_DC AS SCRIN_DC
                        , D.DRM_SCRIN_YN AS DRM_SCRIN_YN
                        , D.DRM_FILE_YN AS DRM_FILE_YN
                        , D.INDVDLINFO_USE_YN AS INDVDLINFO_USE_YN
                        , D.POPUP_YN AS POPUP_YN
                        , 'Y' AS INDICT_YN
                        , IF(S1.AUTHOR_ID IS NULL, '0', '1') AS AUTHOR_YN
                        , S2.REGIST_ID
                        , S2.REGIST_DT
                    FROM  IAMDB.T_MENU_SCRIN_MANAGE B
                        INNER JOIN IAMDB.T_MENU_MST C
                        ON B.MENU_ID = C.MENU_ID
                        INNER JOIN IAMDB.T_SCRIN_MST D
                        ON B.SCRIN_ID = D.SCRIN_ID
                        LEFT OUTER JOIN IAMDB.T_AUTHOR_SCRIN_MANAGE S2
                        ON  S2.AUTHOR_ID = #{authorId}
                        AND S2.SCRIN_ID = D.SCRIN_ID
                        LEFT OUTER JOIN IAMDB.T_AUTHOR_MST S1
                        ON  S1.BSN_ORGNZT_CD = #{bsnOrgnztCd}
                        AND S1.SYS_SE_CD IN ('C', #{sysSeCd})
                        AND S1.AUTHOR_ID = S2.AUTHOR_ID
                    WHERE 1=1
                    AND   C.SYS_SE_CD IN ('C', #{sysSeCd})
                    AND   D.USE_YN = 'Y'
                    AND   D.DEL_YN = 'N'
                ) M
                INNER JOIN CTE
                ON M.PARNTS_MENU_ID = CTE.MENU_ID
            )
            SELECT
                  CTE.*
                , CASE
                    WHEN CTE.ABBREV_WORD_USE_CD = '01' THEN NVL(MWL.ABBREV_WORD_1, MWD.ABBREV_WORD_1)
                    WHEN CTE.ABBREV_WORD_USE_CD = '02' THEN NVL(MWL.ABBREV_WORD_2, MWD.ABBREV_WORD_2)
                    WHEN CTE.ABBREV_WORD_USE_CD = '03' THEN NVL(MWL.ABBREV_WORD_3, MWD.ABBREV_WORD_3)
                    WHEN CTE.ABBREV_WORD_USE_CD = '04' THEN NVL(MWL.ABBREV_WORD_4, MWD.ABBREV_WORD_4)
                    WHEN CTE.ABBREV_WORD_USE_CD = '05' THEN NVL(MWL.ABBREV_WORD_5, MWD.ABBREV_WORD_5)
                    ELSE NVL(MWL.ORGINL_WORD, MWD.ORGINL_WORD)
                  END AS MENU_NM
            FROM CTE
                LEFT OUTER JOIN IAMDB.T_WORD_DICARY_MST MWD
                ON  CTE.WORD_ID = MWD.WORD_ID
                AND MWD.LANG_CD = #{dfltLangCd}
                LEFT OUTER JOIN IAMDB.T_WORD_DICARY_MST MWL
                ON  CTE.WORD_ID = MWL.WORD_ID
                AND MWL.LANG_CD = #{langCd}
            WHERE 1=1
        ) MENU
        WHERE 1 = 1
        ORDER BY MENU.MENU_PATH
    </select>
   
    <!--
        Query ID    : selectAuthorMenuInfo
        Description : 권한별메뉴 조회
    -->
    <select id="selectAuthorMenuInfo" parameterType="com.mobis.maps.iam.vo.MapsIamAuthorMenuVO" resultType="com.mobis.maps.iam.vo.MapsIamAuthorMenuVO">
        /* Query ID=com.mobis.maps.iam.service.dao.MapsIamAuthorMDAO.selectAuthorMenuInfo */              
        SELECT
              AUTHOR_ID     /* 권한ID */
            , MENU_ID       /* 메뉴ID */
            , REGIST_ID     /* 생성자ID */
            , REGIST_DT     /* 생성일시 */
        FROM  IAMDB.T_AUTHOR_MENU_MANAGE
        WHERE 1=1
        AND   AUTHOR_ID = #{authorId}   /* 권한ID */
        AND   MENU_ID = #{menuId}       /* 메뉴ID */
    </select>
    
     <!--
        Query ID    : insertAuthorMenu
        Description : 권한별메뉴 등록                                   
    -->
    <insert id="insertAuthorMenu" parameterType="com.mobis.maps.iam.vo.MapsIamAuthorMenuVO">
        /* Query ID=com.mobis.maps.iam.service.dao.MapsIamAuthorMDAO.insertAuthorMenu */       
        INSERT INTO IAMDB.T_AUTHOR_MENU_MANAGE (
              AUTHOR_ID     /* 권한ID */
            , MENU_ID       /* 메뉴ID */
            , REGIST_ID     /* 생성자ID */
            , REGIST_DT     /* 생성일시 */
        ) VALUES (
              #{authorId}       /* 권한ID */
            , #{menuId}         /* 메뉴ID */         
            , #{registId}       /* 생성자ID */
            , CURRENT_TIMESTAMP /* 생성일시 */
         )
    </insert>
    
    <!--
        Query ID    : insertCopyAuthorMenu
        Description : 권한별메뉴 가져오기등록
    -->
    <insert id="insertImportAuthorMenu" parameterType="com.mobis.maps.iam.vo.MapsIamAuthorVO">
        /* Query ID=com.mobis.maps.iam.service.dao.MapsIamAuthorMDAO.insertImportAuthorMenu */        
        INSERT INTO IAMDB.T_AUTHOR_MENU_MANAGE (
              AUTHOR_ID     /* 권한ID */
            , MENU_ID       /* 메뉴ID */
            , REGIST_ID     /* 생성자ID */
            , REGIST_DT     /* 생성일시 */
        )
        SELECT
              #{authorId}           /* 권한ID */
            , MENU_ID               /* 메뉴ID */    
            , #{registId}           /* 생성자ID */
            , CURRENT_TIMESTAMP     /* 생성일시 */
        FROM  IAMDB.T_AUTHOR_MENU_MANAGE  
        WHERE 1=1
        AND   AUTHOR_ID = #{importAuthorId}   /* 권한ID */
    </insert>
    
    <!--
        Query ID    : deleteAuthorMenu
        Description : 권한별메뉴 삭제
    -->
    <delete id="deleteAuthorMenu" parameterType="com.mobis.maps.iam.vo.MapsIamAuthorMenuVO">
        /* Query ID=com.mobis.maps.comm.service.dao.MapsIamAuthorMDAO.deleteAuthorMenu */
        DELETE
        FROM  IAMDB.T_AUTHOR_MENU_MANAGE
        WHERE 1=1
        AND   AUTHOR_ID = #{authorId}   /* 권한ID */
        AND   MENU_ID = #{menuId}       /* 메뉴ID */
    </delete>
    
    <!--
        Query ID    : deleteAllAuthorMenu
        Description : 권한별메뉴 전체 삭제
    -->
    <delete id="deleteAllAuthorMenu" parameterType="com.mobis.maps.iam.vo.MapsIamAuthorMenuVO">
        /* Query ID=com.mobis.maps.comm.service.dao.MapsIamAuthorMDAO.deleteAuthorMenu */
        DELETE
        FROM  IAMDB.T_AUTHOR_MENU_MANAGE
        WHERE 1=1
        AND   AUTHOR_ID = #{authorId}   /* 권한ID */
    </delete>
    
    <!--
        Query ID    : selectAuthorScrinInfo
        Description : 권한별 화면 조회
    -->
    <select id="selectAuthorScrinInfo" parameterType="com.mobis.maps.iam.vo.MapsIamAuthorMenuVO" resultType="com.mobis.maps.iam.vo.MapsIamAuthorMenuVO">
        /* Query ID=com.mobis.maps.iam.service.dao.MapsIamAuthorMDAO.selectAuthorScrinInfo */              
        SELECT
              AUTHOR_ID     /* 권한ID */
            , SCRIN_ID      /* 화면ID */
            , REGIST_ID     /* 생성자ID */
            , REGIST_DT     /* 생성일시 */
        FROM  IAMDB.T_AUTHOR_SCRIN_MANAGE
        WHERE 1=1
        AND   AUTHOR_ID = #{authorId}   /* 권한ID */
        AND   SCRIN_ID = #{scrinId}     /* 화면ID */
    </select>
    
    <!--
        Query ID    : insertAuthorScrin
        Description : 권한별 화면 등록                                   
    -->
    <insert id="insertAuthorScrin" parameterType="com.mobis.maps.iam.vo.MapsIamAuthorMenuVO">
        /* Query ID=com.mobis.maps.iam.service.dao.MapsIamAuthorMDAO.insertAuthorScrin */        
        INSERT INTO IAMDB.T_AUTHOR_SCRIN_MANAGE (
              AUTHOR_ID     /* 권한ID */
            , SCRIN_ID      /* 화면ID */
            , REGIST_ID     /* 생성자ID */
            , REGIST_DT     /* 생성일시 */
        ) VALUES (
              #{authorId}           /* 권한ID */
            , #{scrinId}            /* 화면ID */
            , #{registId}           /* 생성자ID */
            , CURRENT_TIMESTAMP     /* 생성일시 */
        )
    </insert>

    <!--
        Query ID    : insertImportAuthorScrin
        Description : 권한별 화면 가져오기 등록                                   
    -->
    <insert id="insertImportAuthorScrin" parameterType="com.mobis.maps.iam.vo.MapsIamAuthorVO">
        /* Query ID=com.mobis.maps.iam.service.dao.MapsIamAuthorMDAO.insertImportAuthorScrin */
        INSERT INTO IAMDB.T_AUTHOR_SCRIN_MANAGE (
              AUTHOR_ID     /* 권한ID */
            , SCRIN_ID      /* 화면ID */
            , REGIST_ID     /* 생성자ID */
            , REGIST_DT     /* 생성일시 */
        )
        SELECT
              #{authorId}           /* 권한ID */
            , SCRIN_ID              /* 화면ID */
            , #{registId}           /* 생성자ID */
            , CURRENT_TIMESTAMP     /* 생성일시 */
        FROM  IAMDB.T_AUTHOR_SCRIN_MANAGE
        WHERE 1=1
        AND   AUTHOR_ID = #{importAuthorId} /* 권한ID */
    </insert>
    
    <!--
        Query ID    : deleteAuthorScrin
        Description : 권한별 화면 삭제
    -->
    <delete id="deleteAuthorScrin" parameterType="com.mobis.maps.iam.vo.MapsIamAuthorMenuVO">
        /* Query ID=com.mobis.maps.comm.service.dao.MapsIamAuthorMDAO.deleteAuthorScrin */
        DELETE
        FROM  IAMDB.T_AUTHOR_SCRIN_MANAGE
        WHERE 1=1
        AND   AUTHOR_ID = #{authorId}   /* 권한ID */
        AND   SCRIN_ID = #{scrinId}     /* 화면ID */
    </delete>
    
    <!--
        Query ID    : deleteAuthorScrin
        Description : 권한별 화면 삭제
    -->
    <delete id="deleteAllAuthorScrin" parameterType="com.mobis.maps.iam.vo.MapsIamAuthorMenuVO">
        /* Query ID=com.mobis.maps.comm.service.dao.MapsIamAuthorMDAO.deleteAuthorScrin */
        DELETE
        FROM  IAMDB.T_AUTHOR_SCRIN_MANAGE
        WHERE 1=1
        AND   AUTHOR_ID = #{authorId}   /* 권한ID */
    </delete>
    
    <!--
        Query ID    : selectAuthorScrinFnctList
        Description : 권한별 화면기능 리스트 조회
    -->
    <select id="selectAuthorScrinFnctList" parameterType="com.mobis.maps.iam.vo.MapsIamAuthorMenuScnFnctVO" resultType="com.mobis.maps.iam.vo.MapsIamAuthorMenuScnFnctVO">
        /* Query ID=com.mobis.maps.iam.service.dao.MapsIamAuthorMDAO.selectAuthorScrinFnctListt */
        SELECT
              #{authorId} AS AUTHOR_ID
            , A.SCRIN_FNCT_ID
            , A.SCRIN_ID
            , A.COMPN_ID
            , B.FNCT_ID
            , B.FNCT_NM
            , B.SYS_SE_CD
            , B.FNCT_SE_CD
            , CASE WHEN B.FNCT_SE_CD = 'P' THEN C.SCRIN_URL
                 ELSE B.FNCT_URL
              END FNCT_URL
            , C.SCRIN_ID AS POPUP_SCRIN_ID
            , CASE
                 WHEN C.ABBREV_WORD_USE_CD = '01' THEN NVL(MWL.ABBREV_WORD_1, MWD.ABBREV_WORD_1)
                 WHEN C.ABBREV_WORD_USE_CD = '02' THEN NVL(MWL.ABBREV_WORD_2, MWD.ABBREV_WORD_2)
                 WHEN C.ABBREV_WORD_USE_CD = '03' THEN NVL(MWL.ABBREV_WORD_3, MWD.ABBREV_WORD_3)
                 WHEN C.ABBREV_WORD_USE_CD = '04' THEN NVL(MWL.ABBREV_WORD_4, MWD.ABBREV_WORD_4)
                 WHEN C.ABBREV_WORD_USE_CD = '05' THEN NVL(MWL.ABBREV_WORD_5, MWD.ABBREV_WORD_5)
                 ELSE NVL(MWL.ORGINL_WORD, MWD.ORGINL_WORD)
              END AS POPUP_SCRIN_NM
            , C.SCRIN_CD AS POPUP_SCRIN_CD
            , NVL((
                    SELECT IF(P1.AUTHOR_ID = NULL, '0', '1')
                    FROM  IAMDB.T_AUTHOR_MST P1
                        INNER JOIN IAMDB.T_AUTHOR_SCRIN_FNCT_MANAGE P2
                        ON  P1.AUTHOR_ID = #{authorId}
                        AND P1.BSN_ORGNZT_CD = #{bsnOrgnztCd}
                        AND P1.SYS_SE_CD = #{sysSeCd}
                        AND P1.AUTHOR_ID = P2.AUTHOR_ID
                    WHERE 1=1
                    AND   P2.SCRIN_FNCT_ID = A.SCRIN_FNCT_ID
                 ), '0') AS AUTHOR_YN
            , B.FNCT_DC             /* 기능설명 */
            , A.REGIST_ID           /* 생성자ID */
            , A.REGIST_DT           /* 생성일시 */
            , A.UPDT_ID             /* 수정자ID */
            , A.UPDT_DT             /* 수정일시 */
        FROM  IAMDB.T_SCRIN_FNCT_MANAGE A
            INNER JOIN IAMDB.T_FNCT_MST B
            ON  A.FNCT_ID = B.FNCT_ID
            AND A.SCRIN_ID = #{scrinId}
            AND B.USE_YN = 'Y'
            LEFT OUTER JOIN IAMDB.T_SCRIN_MST C
            ON  C.USE_YN = 'Y'
            AND C.DEL_YN = 'N'
            AND C.SCRIN_ID = B.FNCT_NM
            LEFT OUTER JOIN IAMDB.T_WORD_DICARY_MST MWD
            ON  C.WORD_ID = MWD.WORD_ID
            AND MWD.LANG_CD = #{dfltLangCd}
            LEFT OUTER JOIN IAMDB.T_WORD_DICARY_MST MWL
            ON  C.WORD_ID = MWL.WORD_ID
            AND MWL.LANG_CD = #{langCd}
        WHERE 1=1            
    </select>
    
    <!--
        Query ID    : selectAuthorScrinFnctInfo
        Description : 권한별 화면기능 조회
    -->
    <select id="selectAuthorScrinFnctInfo" parameterType="com.mobis.maps.iam.vo.MapsIamAuthorMenuScnFnctVO" resultType="com.mobis.maps.iam.vo.MapsIamAuthorMenuScnFnctVO">
        /* Query ID=com.mobis.maps.iam.service.dao.MapsIamAuthorMDAO.selectAuthorScrinFnctInfo */              
        SELECT
              AUTHOR_ID     /* 권한ID */
            , SCRIN_FNCT_ID /* 화면기능ID */
            , REGIST_ID     /* 생성자ID */
            , REGIST_DT     /* 생성일시 */
        FROM  IAMDB.T_AUTHOR_SCRIN_FNCT_MANAGE
        WHERE 1=1
        AND   AUTHOR_ID = #{authorId}           /* 권한ID */
        AND   SCRIN_FNCT_ID = #{scrinFnctId}    /* 화면기능ID */
    </select> 
    
    
     <!--
        Query ID    : insertAuthorScrinFnct
        Description : 권한별 화면기능 등록                                   
    -->
    <insert id="insertAuthorScrinFnct" parameterType="com.mobis.maps.iam.vo.MapsIamAuthorMenuScnFnctVO">
        /* Query ID=com.mobis.maps.iam.service.dao.MapsIamAuthorMDAO.insertAuthorScrinFnct */        
        INSERT INTO IAMDB.T_AUTHOR_SCRIN_FNCT_MANAGE (
              AUTHOR_ID         /* 권한ID */
            , SCRIN_FNCT_ID     /* 화면기능ID */
            , REGIST_ID         /* 생성자ID */
            , REGIST_DT         /* 생성일시 */
        ) VALUES (
              #{authorId}           /* 권한ID */
            , #{scrinFnctId}        /* 화면기능ID */
            , #{registId}           /* 생성자ID */
            , CURRENT_TIMESTAMP     /* 생성일시 */
        )
    </insert>
    
    <!--
        Query ID    : insertAllAuthorScrinFnct
        Description : 권한별 화면기능 가져오기등록                                   
    -->
    <insert id="insertAllAuthorScrinFnct" parameterType="com.mobis.maps.iam.vo.MapsIamAuthorVO">
        /* Query ID=com.mobis.maps.iam.service.dao.MapsIamAuthorMDAO.insertAllAuthorScrinFnct */
        INSERT INTO IAMDB.T_AUTHOR_SCRIN_FNCT_MANAGE (
              AUTHOR_ID         /* 권한ID */
            , SCRIN_FNCT_ID     /* 화면기능ID */
            , REGIST_ID         /* 생성자ID */
            , REGIST_DT         /* 생성일시 */
        )
        SELECT
              #{authorId}       /* 권한ID */
            , SCRIN_FNCT_ID     /* 화면기능ID */
            , #{registId}       /* 생성자ID */
            , CURRENT_TIMESTAMP /* 생성일시 */
        FROM  IAMDB.T_SCRIN_FNCT_MANAGE
        WHERE 1=1
        AND   SCRIN_ID = #{scrinId} /* 화면ID */     
    </insert>
    
    <!--
        Query ID    : insertImportAuthorScrinFnct
        Description : 권한별 화면기능 가져오기등록                                   
    -->
    <insert id="insertImportAuthorScrinFnct" parameterType="com.mobis.maps.iam.vo.MapsIamAuthorVO">
        /* Query ID=com.mobis.maps.iam.service.dao.MapsIamAuthorMDAO.insertImportAuthorScrinFnct */
        INSERT INTO IAMDB.T_AUTHOR_SCRIN_FNCT_MANAGE (
              AUTHOR_ID         /* 권한ID */
            , SCRIN_FNCT_ID     /* 화면기능ID */
            , REGIST_ID         /* 생성자ID */
            , REGIST_DT         /* 생성일시 */
        )
        SELECT
              #{authorId}       /* 권한ID */
            , SCRIN_FNCT_ID     /* 화면기능ID */
            , #{registId}       /* 생성자ID */
            , CURRENT_TIMESTAMP /* 생성일시 */
        FROM  IAMDB.T_AUTHOR_SCRIN_FNCT_MANAGE
        WHERE 1=1
        AND   AUTHOR_ID = #{importAuthorId} /* 권한ID */           
    </insert>
    
    <!--
        Query ID    : deleteAuthorScrinFnct
        Description : 권한별 화면기능 삭제
    -->
    <delete id="deleteAuthorScrinFnct" parameterType="com.mobis.maps.iam.vo.MapsIamAuthorMenuScnFnctVO">
        /* Query ID=com.mobis.maps.comm.service.dao.MapsIamAuthorMDAO.deleteAuthorScrinFnct */
        DELETE
        FROM  IAMDB.T_AUTHOR_SCRIN_FNCT_MANAGE
        WHERE 1=1
        AND   AUTHOR_ID = #{authorId}           /* 권한ID */
        AND   SCRIN_FNCT_ID = #{scrinFnctId}    /* 화면기능ID */
    </delete>
    
    <!--
        Query ID    : deleteAllAuthorScrinFnctByScrinId
        Description : 권한별 화면ID에 대한 화면기능 전체 삭제
    -->
    <delete id="deleteAllAuthorScrinFnctByScrinId" parameterType="com.mobis.maps.iam.vo.MapsIamAuthorMenuScnFnctVO">
        /* Query ID=com.mobis.maps.comm.service.dao.MapsIamAuthorMDAO.deleteAllAuthorScrinFnctByScrinId */
        DELETE
        FROM  IAMDB.T_AUTHOR_SCRIN_FNCT_MANAGE
        WHERE 1=1
        AND   AUTHOR_ID = #{authorId}   /* 권한ID */
        AND   SCRIN_FNCT_ID IN (SELECT SCRIN_FNCT_ID
                                FROM  IAMDB.T_SCRIN_FNCT_MANAGE
                                WHERE 1=1
                                AND   SCRIN_ID = #{scrinId} /* 화면ID */
                                )
    </delete>
    
    <!--
        Query ID    : deleteAllAuthorScrinFnct
        Description : 권한별 화면기능 전체 삭제
    -->
    <delete id="deleteAllAuthorScrinFnct" parameterType="com.mobis.maps.iam.vo.MapsIamAuthorMenuScnFnctVO">
        /* Query ID=com.mobis.maps.comm.service.dao.MapsIamAuthorMDAO.deleteAllAuthorScrinFnct */
        DELETE
        FROM  IAMDB.T_AUTHOR_SCRIN_FNCT_MANAGE
        WHERE 1=1
        AND   AUTHOR_ID = #{authorId}   /* 권한ID */
    </delete>
    
    <!--
        Query ID    : selectAuthorSetupChghstPgList
        Description : 권한설정 변경이력 페이징 조회
    -->
    <select id="selectAuthorSetupChghstPgList" parameterType="com.mobis.maps.iam.vo.MapsIamAuthorSetupVO" resultType="com.mobis.maps.iam.vo.MapsIamAuthorSetupVO">
        /* Query ID=com.mobis.maps.comm.service.dao.MapsIamAuthorMDAO.selectAuthorSetupChghstPgList */
        <include refid="com.mobis.maps.cmmn.paging.selectTop"/>
        SELECT
              ROW_NUMBER() OVER(ORDER BY A.AUTHOR_ID, A.CHANGE_DT DESC) AS RNUM
            , A.CHANGE_DT               /* 변경일시 */
            , A.AUTHOR_SETUP_SE_CD      /* 권한설정구분코드 */
            , A.AUTHOR_ID               /* 권한ID */
            , A.AUTHOR_SETUP_TRGET_ID   /* 권한설정대상ID */
            , A.CHANGE_SE_CD            /* 변경구분코드 */
            , A.CHANGE_ID               /* 변경자ID */
        FROM  IAMDB.T_AUTHOR_SETUP_CHGHST A
           LEFT OUTER JOIN IAMDB.T_MENU_MST B
           ON  A.AUTHOR_SETUP_TRGET_ID = B.MENU_ID
           LEFT OUTER JOIN IAMDB.T_SCRIN_MST C
           ON  A.AUTHOR_SETUP_TRGET_ID = C.SCRIN_ID
           LEFT OUTER JOIN IAMDB.T_SCRIN_FNCT_MANAGE D
           ON  A.AUTHOR_SETUP_TRGET_ID = D.SCRIN_FNCT_ID
           LEFT OUTER JOIN IAMDB.T_FNCT_MST E
           ON  D.FNCT_ID = E.FNCT_ID
        WHERE 1=1
        AND   A.AUTHOR_SETUP_SE_CD = #{authorSetupSeCd}
        AND   A.AUTHOR_ID = #{authorId}
        AND   A.CHANGE_DT >= STR_TO_DATE(CONCAT(DATE_FORMAT(#{strtDt}, '%Y%m%d'),'000000'), '%Y%m%d%H%i%S')         /* 변경시작일자 */
        AND <![CDATA[A.CHANGE_DT <= STR_TO_DATE(CONCAT(DATE_FORMAT(#{endDt}, '%Y%m%d'),'235959'), '%Y%m%d%H%i%S')]]>/* 변경종료일자 */
        <if test='@org.apache.commons.lang3.StringUtils@isNotBlank(authorSetupTrgetId)'>
        AND   A.AUTHOR_SETUP_TRGET_ID LIKE CONCAT('%', #{authorSetupTrgetId}, '%')
        </if>
        <if test='@org.apache.commons.lang3.StringUtils@isNotBlank(changeSeCd)'>
        AND   A.CHANGE_SE_CD = #{changeSeCd}                    /* 변경구분코드 */
        </if>
        <if test='@org.apache.commons.lang3.StringUtils@isNotBlank(changeId)'>
        AND   A.CHANGE_ID LIKE CONCAT('%', #{changeId}, '%')    /* 변경자ID */
        </if>
        ORDER BY A.AUTHOR_ID
               , A.CHANGE_DT DESC
        <include refid="com.mobis.maps.cmmn.paging.selectBottom"/>
    </select>
    
    <!--
        Query ID    : insertAuthorSetupChghst
        Description : 권한설정변경이력 등록
    -->
    <insert id="insertAuthorSetupChghst" parameterType="com.mobis.maps.iam.vo.MapsIamAuthorSetupVO">
        /* Query ID=com.mobis.maps.comm.service.dao.MapsIamAuthorMDAO.insertAuthorSetupChghst */
        INSERT INTO IAMDB.T_AUTHOR_SETUP_CHGHST (
              CHANGE_DT             /* 변경일시 */
            , AUTHOR_ID             /* 권한ID */
            , AUTHOR_SETUP_SE_CD    /* 권한설정구분코드 */
            , AUTHOR_SETUP_TRGET_ID /* 권한설정대상ID */
            , CHANGE_SE_CD          /* 변경구분코드 */
            , CHANGE_ID             /* 변경자ID */
        ) VALUES (
              CURRENT_TIMESTAMP     /* 변경일시 */
            , #{authorId}           /* 권한ID */
            , #{authorSetupSeCd}    /* 권한설정구분코드 */
            , #{authorSetupTrgetId} /* 권한설정대상ID */
            , #{changeSeCd}         /* 변경구분코드 */
            , #{changeId}           /* 변경자ID */
        )
    </insert>
    
    <!--
        Query ID    : insertAllAuthorSetupChghst
        Description : 권한설정변경이력 일괄등록
    -->
    <insert id="insertAllAuthorSetupChghst" parameterType="com.mobis.maps.iam.vo.MapsIamAuthorSetupVO">
        /* Query ID=com.mobis.maps.comm.service.dao.MapsIamAuthorMDAO.insertAllAuthorSetupChghst */
        INSERT INTO IAMDB.T_AUTHOR_SETUP_CHGHST (
              CHANGE_DT /* 변경일시 */
            , AUTHOR_SETUP_SE_CD    /* 권한설정구분코드 */
            , AUTHOR_ID /* 권한ID */
            , AUTHOR_SETUP_TRGET_ID /* 권한설정대상ID */
            , CHANGE_SE_CD  /* 변경구분코드 */
            , CHANGE_ID /* 변경자ID */
        )
        <choose>
        <when test='@org.apache.commons.lang3.StringUtils@equals(authorSetupSeCd, "M")'>
        SELECT
              CURRENT_TIMESTAMP     /* 변경일시 */
            , #{authorSetupSeCd}    /* 권한설정구분코드 */
            , AUTHOR_ID             /* 권한ID */
            , MENU_ID               /* 메뉴ID */
            , #{changeSeCd}         /* 변경구분코드 */
            , #{changeId}           /* 변경자ID */
        FROM  IAMDB.T_AUTHOR_MENU_MANAGE  
        WHERE 1=1
        AND   AUTHOR_ID = #{authorId}   /* 권한ID */
        </when>
        <when test='@org.apache.commons.lang3.StringUtils@equals(authorSetupSeCd, "S")'>
        SELECT
              CURRENT_TIMESTAMP     /* 변경일시 */
            , #{authorSetupSeCd}    /* 권한설정구분코드 */
            , AUTHOR_ID             /* 권한ID */
            , SCRIN_ID              /* 화면ID */
            , #{changeSeCd}         /* 변경구분코드 */
            , #{changeId}           /* 변경자ID */
        FROM  IAMDB.T_AUTHOR_SCRIN_MANAGE
        WHERE 1=1
        AND   AUTHOR_ID = #{authorId}   /* 권한ID */
        </when>
        <when test='@org.apache.commons.lang3.StringUtils@equals(authorSetupSeCd, "F")'>
        SELECT
              CURRENT_TIMESTAMP     /* 변경일시 */
            , #{authorSetupSeCd}    /* 권한설정구분코드 */
            , AUTHOR_ID             /* 권한ID */
            , SCRIN_FNCT_ID         /* 권한설정대상ID */
            , #{changeSeCd}         /* 변경구분코드 */
            , #{changeId}           /* 변경자ID */
        FROM  IAMDB.T_AUTHOR_SCRIN_FNCT_MANAGE
        WHERE 1=1
        AND   AUTHOR_ID = #{authorId}   /* 권한ID */
        AND   SCRIN_FNCT_ID IN (SELECT SCRIN_FNCT_ID
                                FROM  IAMDB.T_SCRIN_FNCT_MANAGE
                                WHERE 1=1
                                AND   SCRIN_ID = #{scrinId} /* 화면ID */
                                )
        </when>
        <when test='@org.apache.commons.lang3.StringUtils@equals(authorSetupSeCd, "U")'>
        SELECT
              CURRENT_TIMESTAMP     /* 변경일시 */
            , #{authorSetupSeCd}    /* 권한설정구분코드 */
            , AUTHOR_ID             /* 권한ID */
            , USER_SEQ_ID           /* 사용자순번ID */
            , #{changeSeCd}         /* 변경구분코드 */
            , #{changeId}           /* 변경자ID */
        FROM  IAMDB.T_USER_AUTHOR_MANAGE
        WHERE 1=1
        AND   AUTHOR_ID = #{authorId}   /* 권한ID */
        </when>
        </choose>
    </insert>

    <!--
        Query ID    : selectAuthorUserPgList
        Description : 권한별 사용자 조회
    -->
    <select id="selectAuthorUserPgList" parameterType="com.mobis.maps.iam.vo.MapsIamAuthorUserVO" resultType="com.mobis.maps.iam.vo.MapsIamAuthorUserVO">
        /* Query ID=com.mobis.maps.iam.service.dao.MapsIamAuthorMDAO.selectAuthorUserPgList */
        <include refid="com.mobis.maps.cmmn.paging.selectTop"/>
        SELECT
              ROW_NUMBER() OVER(ORDER BY A.USER_SEQ_ID) AS RNUM
            , A.USER_AUTHOR_ID      /* 사용자권한ID */
            , A.USER_SEQ_ID         /* 사용자순번ID */
            , A.AUTHOR_ID           /* 권한ID */
            , B.MNGR_ID             /* 관리자ID */
            , B.SYS_SE_CD           /* 시스템구분코드 */
            , B.USER_ID             /* 사용자ID */
            , B.USER_BASS_ID        /* 사용자기본ID */
            , C.USER_NM             /* 사용자명 */
            , B.ORGNZT_SE_CD        /* 조직구분코드 */
            , B.BSN_ORGNZT_CD       /* 영업조직코드 */
            , B.ORGNZT_CD           /* 조직코드 */
            , B.DEALER_CD           /* 딜러코드 */
            , B.ACNT_TY_CD          /* 계정유형코드 */
            , B.USE_BGNDE           /* 사용시작일 */
            , B.USE_ENDDE           /* 사용종료일 */
            , B.USE_YN              /* 사용여부 */
            , B.DEL_YN              /* 삭제여부 */
            , A.REGIST_ID           /* 생성자ID */
            , A.REGIST_DT           /* 생성일시 */
            , A.UPDT_ID             /* 수정자ID */
            , A.UPDT_DT             /* 수정일시 */
        FROM  IAMDB.T_USER_AUTHOR_MANAGE A
            INNER JOIN IAMDB.T_USER_MST B
            ON  A.AUTHOR_ID = #{authorId}
            AND A.USER_SEQ_ID = B.USER_SEQ_ID
            INNER JOIN IAMDB.T_USER_BASS_INFO C
            ON  B.USER_BASS_ID = C.USER_BASS_ID
        WHERE 1=1
        <if test='@org.apache.commons.lang3.StringUtils@isNotBlank(userId)'>
        AND   B.USER_ID LIKE CONCAT('%', #{userId}, '%')    /* 사용자ID */
        </if>
        <if test='@org.apache.commons.lang3.StringUtils@isNotBlank(userNm)'>
        AND   C.USER_NM LIKE CONCAT('%', #{userNm}, '%')    /* 사용자명 */
        </if>
        ORDER BY A.USER_SEQ_ID
        <include refid="com.mobis.maps.cmmn.paging.selectBottom"/>
    </select>
    
    <!--
        Query ID    : selectAuthorUser
        Description : 권한별 사용자 조회
    -->
    <select id="selectAuthorUser" parameterType="com.mobis.maps.iam.vo.MapsIamAuthorUserVO" resultType="com.mobis.maps.iam.vo.MapsIamAuthorUserVO">
        /* Query ID=com.mobis.maps.iam.service.dao.MapsIamAuthorMDAO.selectAuthorUser */
        SELECT
              USER_AUTHOR_ID    /* 사용자권한ID */
            , USER_SEQ_ID   /* 사용자순번ID */
            , AUTHOR_ID /* 권한ID */
            , REGIST_ID /* 생성자ID */
            , REGIST_DT /* 생성일시 */
            , UPDT_ID   /* 수정자ID */
            , UPDT_DT   /* 수정일시 */
        FROM  IAMDB.T_USER_AUTHOR_MANAGE
        WHERE 1=1
        AND   USER_AUTHOR_ID = #{userAuthorId}  /* 사용자권한ID */
    </select>
    
    <!--
        Query ID    : selectAuthorUserByUserSeqId
        Description : 권한별 사용자 조회(사용자순번ID)
    -->
    <select id="selectAuthorUserByUserSeqId" parameterType="com.mobis.maps.iam.vo.MapsIamAuthorUserVO" resultType="com.mobis.maps.iam.vo.MapsIamAuthorUserVO">
        /* Query ID=com.mobis.maps.iam.service.dao.MapsIamAuthorMDAO.selectAuthorUserByUserSeqId */
        SELECT
              USER_AUTHOR_ID    /* 사용자권한ID */
            , USER_SEQ_ID   /* 사용자순번ID */
            , AUTHOR_ID /* 권한ID */
            , REGIST_ID /* 생성자ID */
            , REGIST_DT /* 생성일시 */
            , UPDT_ID   /* 수정자ID */
            , UPDT_DT   /* 수정일시 */
        FROM  IAMDB.T_USER_AUTHOR_MANAGE
        WHERE 1=1
        AND   USER_SEQ_ID = #{userSeqId}    /* 사용자순번ID */
        AND   AUTHOR_ID = #{authorId}       /* 권한ID */
    </select>
    
    <!--
        Query ID    : insertAuthorUser
        Description : 권한별 사용자 저장
    -->
    <insert id="insertAuthorUser" parameterType="com.mobis.maps.iam.vo.MapsIamAuthorUserVO">
        /* Query ID=com.mobis.maps.iam.service.dao.MapsIamUserMDAO.insertAuthorUser */
        <selectKey keyProperty="userAuthorId" resultType="String" order="BEFORE">
        SELECT
              CONCAT('UA', #{mapsSysSeCd}, LPAD(NVL(MAX(MID(USER_AUTHOR_ID, 4, 8)),0) + 1, 8, '0')) AS USER_AUTHOR_ID                          
        FROM  IAMDB.T_USER_AUTHOR_MANAGE
        WHERE USER_AUTHOR_ID LIKE CONCAT('UA', #{mapsSysSeCd}, '%')
        </selectKey>
        INSERT INTO IAMDB.T_USER_AUTHOR_MANAGE (
              USER_AUTHOR_ID    /* 사용자권한ID */
            , USER_SEQ_ID       /* 사용자순번ID */
            , AUTHOR_ID         /* 권한ID */
            , REGIST_ID         /* 생성자ID */
            , REGIST_DT         /* 생성일시 */
            , UPDT_ID           /* 수정자ID */
            , UPDT_DT           /* 수정일시 */
        ) VALUES (
              #{userAuthorId}   /* 사용자권한ID */
            , #{userSeqId}      /* 사용자순번ID */
            , #{authorId}       /* 권한ID */
            , #{registId}       /* 생성자ID */
            , CURRENT_TIMESTAMP /* 생성일시 */
            , #{updtId}         /* 수정자ID */
            , CURRENT_TIMESTAMP /* 수정일시 */
        )
    </insert>
    
    <!--
        Query ID    : updateAuthorUser
        Description : 권한별 사용자 수정                                   
    -->
    <update id="updateAuthorUser" parameterType="com.mobis.maps.iam.vo.MapsIamAuthorUserVO">
        /* Query ID=com.mobis.maps.iam.service.dao.MapsIamUserMDAO.updateAuthorUser */            
        UPDATE IAMDB.T_USER_AUTHOR_MANAGE
        SET   USER_SEQ_ID = #{userSeqId}    /* 사용자순번ID */
            , AUTHOR_ID = #{authorId}       /* 권한ID */
            , UPDT_ID = #{updtId}           /* 수정자ID */
            , UPDT_DT = CURRENT_TIMESTAMP   /* 수정일시 */
        WHERE 1=1
        AND   USER_AUTHOR_ID = #{userAuthorId}  /* 사용자권한ID */
    </update>
    
    <!--
        Query ID    : deleteAuthorUser
        Description : 권한별 사용자 삭제
    -->
    <delete id="deleteAuthorUser" parameterType="com.mobis.maps.iam.vo.MapsIamAuthorUserVO">
        /* Query ID=com.mobis.maps.comm.service.dao.MapsCommWdDicMDAO.deleteAuthorUser */
        DELETE
        FROM  IAMDB.T_USER_AUTHOR_MANAGE
        WHERE 1=1
        AND   USER_AUTHOR_ID = #{userAuthorId}  /* 사용자권한ID */
    </delete>
    
    <!--
        Query ID    : deleteAllAuthorUser
        Description : 권한별 사용자 전체 삭제
    -->
    <delete id="deleteAllAuthorUser" parameterType="com.mobis.maps.iam.vo.MapsIamAuthorMenuVO">
        /* Query ID=com.mobis.maps.comm.service.dao.MapsIamAuthorMDAO.deleteAllAuthorUser */
        DELETE
        FROM  IAMDB.T_USER_AUTHOR_MANAGE
        WHERE 1=1
        AND   AUTHOR_ID = #{authorId}   /* 권한ID */
    </delete>

</mapper>
