<?xml version="1.0" encoding="UTF-8" ?>
<!DOCTYPE mapper PUBLIC "-//mybatis.org//DTD Mapper 3.0//EN" "http://mybatis.org/dtd/mybatis-3-mapper.dtd">
<!--
    SQL File Name : iam_MapsIamScreenMDAO_SQL.xml
 * @Description   : 화면관리 데이터를 관리한다.
 * @author        : DT048657
 * @since         : 2019. 9. 5.
 * @version       : 1.0
 * @see
 * @Modification Information
 * <pre>
 *     since          author              description
 *  ===========    =============    ===========================
 *  2019. 9. 5.     DT048657        최초 생성
 * 
-->
<mapper namespace="com.mobis.maps.iam.service.dao.MapsIamScreenMDAO">

    <!--
        Query ID    : selectScreenPgList
        Description : 화면관리 리스트 조회
    -->
    <select id="selectScreenPgList" parameterType="com.mobis.maps.iam.vo.MapsIamScreenVO" resultType="com.mobis.maps.iam.vo.MapsIamScreenVO">
        /* Query ID=com.mobis.maps.iam.service.dao.MapsIamScreenMDAO.selectScreenPgList */
        <include refid="com.mobis.maps.cmmn.paging.selectTop"/>
        SELECT
              ROW_NUMBER() OVER(ORDER BY S.SCRIN_ID) AS RNUM
            , S.*
        FROM  (
            SELECT
                  A.SCRIN_ID                /* 화면ID */
                , A.SYS_SE_CD               /* 시스템구분코드 */
                , A.SCRIN_CD                /* 화면코드 */
                , A.WORD_ID                 /* 용어ID */
                , A.ABBREV_WORD_USE_CD      /* 단축용어사용코드 */
                , CASE WHEN A.ABBREV_WORD_USE_CD = '01' THEN NVL(C.ABBREV_WORD_1, B.ABBREV_WORD_1)
                       WHEN A.ABBREV_WORD_USE_CD = '02' THEN NVL(C.ABBREV_WORD_2, B.ABBREV_WORD_2)
                       WHEN A.ABBREV_WORD_USE_CD = '03' THEN NVL(C.ABBREV_WORD_3, B.ABBREV_WORD_3)
                       WHEN A.ABBREV_WORD_USE_CD = '04' THEN NVL(C.ABBREV_WORD_4, B.ABBREV_WORD_4)
                       WHEN A.ABBREV_WORD_USE_CD = '05' THEN NVL(C.ABBREV_WORD_5, B.ABBREV_WORD_5)
                       ELSE NVL(C.ORGINL_WORD, B.ORGINL_WORD)
                  END AS SCRIN_NM
                , B.LANG_CD AS DFLT_LANG_CD
                , B.ORGINL_WORD AS DFLT_ORGINL_WORD
                , B.ABBREV_WORD_1 AS DFLT_ABBREV_WORD_1
                , B.ABBREV_WORD_2 AS DFLT_ABBREV_WORD_2
                , B.ABBREV_WORD_3 AS DFLT_ABBREV_WORD_3
                , B.ABBREV_WORD_4 AS DFLT_ABBREV_WORD_4
                , B.ABBREV_WORD_5 AS DFLT_ABBREV_WORD_5
                , C.LANG_CD
                , C.ORGINL_WORD
                , C.ABBREV_WORD_1
                , C.ABBREV_WORD_2
                , C.ABBREV_WORD_3
                , C.ABBREV_WORD_4
                , C.ABBREV_WORD_5
                , A.SCRIN_ALIAS_ID          /* 화면별칭ID */
                , A.SCRIN_URL               /* 화면URL */
                , A.SCRIN_DC                /* 화면설명 */
                , A.POPUP_YN                /* 팝업여부 */
                , A.DRM_SCRIN_YN            /* DRM화면여부 */
                , A.DRM_FILE_YN             /* DRM파일여부 */
                , A.INDVDLINFO_USE_YN       /* 개인정보사용여부 */
                , A.USE_YN                  /* 사용여부 */
                , A.DEL_YN                  /* 삭제여부 */
                , A.REGIST_ID               /* 생성자ID */
                , A.REGIST_DT               /* 생성일시 */
                , A.UPDT_ID                 /* 수정자ID */
                , A.UPDT_DT                 /* 수정일시 */
            FROM  IAMDB.T_SCRIN_MST A
                  LEFT OUTER JOIN IAMDB.T_WORD_DICARY_MST B
                  ON  A.WORD_ID = B.WORD_ID
                  AND B.LANG_CD = #{dfltLangCd}
                  LEFT OUTER JOIN IAMDB.T_WORD_DICARY_MST C
                  ON A.WORD_ID = C.WORD_ID
                  AND C.LANG_CD = #{langCd}
            WHERE 1=1
            <if test='@org.apache.commons.lang3.StringUtils@isNotBlank(sysSeCd)'>
            AND   A.SYS_SE_CD = #{sysSeCd}
            </if>
            <if test='@org.apache.commons.lang3.StringUtils@isNotBlank(kwrdTy)'>
            <choose>
                <when test='@org.apache.commons.lang3.StringUtils@equals(kwrdTy, "scrinId")'>
            AND   A.SCRIN_ID LIKE CONCAT('%', #{kwrd}, '%')
                </when>
                <when test='@org.apache.commons.lang3.StringUtils@equals(kwrdTy, "scrinCd")'>
            AND   A.SCRIN_CD LIKE CONCAT('%', #{kwrd}, '%')
                </when>
                <when test='@org.apache.commons.lang3.StringUtils@equals(kwrdTy, "scrinAliasId")'>
            AND   A.SCRIN_ALIAS_ID LIKE CONCAT('%', #{kwrd}, '%')
                </when>
                <when test='@org.apache.commons.lang3.StringUtils@equals(kwrdTy, "scrinUrl")'>
            AND   A.SCRIN_URL LIKE CONCAT('%', #{kwrd}, '%')
                </when>
                <when test='@org.apache.commons.lang3.StringUtils@equals(kwrdTy, "scrinNm")'>
            AND   (B.ORGINL_WORD LIKE CONCAT('%', #{kwrd}, '%')
                   OR B.ABBREV_WORD_1 LIKE CONCAT('%', #{kwrd}, '%')
                   OR B.ABBREV_WORD_2 LIKE CONCAT('%', #{kwrd}, '%')
                   OR B.ABBREV_WORD_3 LIKE CONCAT('%', #{kwrd}, '%')
                   OR B.ABBREV_WORD_4 LIKE CONCAT('%', #{kwrd}, '%')
                   OR B.ABBREV_WORD_5 LIKE CONCAT('%', #{kwrd}, '%')
                   OR C.ORGINL_WORD LIKE CONCAT('%', #{kwrd}, '%')
                   OR C.ABBREV_WORD_1 LIKE CONCAT('%', #{kwrd}, '%')
                   OR C.ABBREV_WORD_2 LIKE CONCAT('%', #{kwrd}, '%')
                   OR C.ABBREV_WORD_3 LIKE CONCAT('%', #{kwrd}, '%')
                   OR C.ABBREV_WORD_4 LIKE CONCAT('%', #{kwrd}, '%')
                   OR C.ABBREV_WORD_5 LIKE CONCAT('%', #{kwrd}, '%')
                   )
                </when>
            </choose>
            </if>
            <if test='@org.apache.commons.lang3.StringUtils@isNotBlank(popupYn)'>
            AND   A.POPUP_YN = #{popupYn}
            </if>
            <if test='@org.apache.commons.lang3.StringUtils@isNotBlank(useYn)'>
            AND   A.USE_YN = #{useYn}
            </if>
            <if test='@org.apache.commons.lang3.StringUtils@isNotBlank(delYn)'>
            AND   A.DEL_YN = #{delYn}
            </if>
        ) S
        WHERE 1=1
        <include refid="com.mobis.maps.cmmn.paging.selectBottom"/>
    </select>

    <!--
        Query ID    : selectScreenInfo
        Description : 화면정보 조회
    -->
    <select id="selectScreenInfo" parameterType="com.mobis.maps.iam.vo.MapsIamScreenVO" resultType="com.mobis.maps.iam.vo.MapsIamScreenVO">
        /* Query ID=com.mobis.maps.iam.service.dao.MapsIamScreenMDAO.selectScreenInfo */
        SELECT
              A.SCRIN_ID                /* 화면ID */
            , A.SYS_SE_CD               /* 시스템구분코드 */
            , A.SCRIN_CD                /* 화면코드 */
            , A.WORD_ID                 /* 용어ID */
            , A.ABBREV_WORD_USE_CD      /* 단축용어사용코드 */
            , A.SCRIN_ALIAS_ID          /* 화면별칭ID */
            , A.SCRIN_URL               /* 화면URL */
            , A.SCRIN_DC                /* 화면설명 */
            , A.POPUP_YN                /* 팝업여부 */
            , A.DRM_SCRIN_YN            /* DRM화면여부 */
            , A.DRM_FILE_YN             /* DRM파일여부 */
            , A.INDVDLINFO_USE_YN       /* 개인정보사용여부 */
            , A.USE_YN                  /* 사용여부 */
            , A.DEL_YN                  /* 삭제여부 */
            , A.REGIST_ID               /* 생성자ID */
            , A.REGIST_DT               /* 생성일시 */
            , A.UPDT_ID                 /* 수정자ID */
            , A.UPDT_DT                 /* 수정일시 */
        FROM  IAMDB.T_SCRIN_MST A
        WHERE 1=1
        AND   A.SCRIN_ID = #{scrinId}
    </select>

    <!--
        Query ID    : insertScreenInfo
        Description : 화면관리 저장
    -->
    <insert id="insertScreenInfo" parameterType="com.mobis.maps.iam.vo.MapsIamScreenVO">
        /* Query ID=com.mobis.maps.iam.service.dao.MapsIamScreenMDAO.insertScreenInfo */
        <selectKey keyProperty="scrinId" resultType="string" order="BEFORE">
        SELECT
              CONCAT('S', #{mapsSysSeCd}, LPAD(NVL(MAX(MID(SCRIN_ID, 3, 4)),0) + 1, 4, '0')) AS SCRIN_ID                             
        FROM  IAMDB.T_SCRIN_MST
        WHERE SCRIN_ID LIKE CONCAT('S', #{mapsSysSeCd}, '%')
        </selectKey>
        INSERT INTO IAMDB.T_SCRIN_MST (
              SCRIN_ID              /* 화면ID */
            , SYS_SE_CD             /* 시스템구분코드 */
            , SCRIN_CD              /* 화면코드 */
            , WORD_ID               /* 용어ID */
            , ABBREV_WORD_USE_CD    /* 단축용어사용코드 */
            , SCRIN_ALIAS_ID        /* 화면별칭ID */
            , SCRIN_URL             /* 화면URL */
            , SCRIN_DC              /* 화면설명 */
            , POPUP_YN              /* 팝업여부 */
            , DRM_SCRIN_YN          /* DRM화면여부 */
            , DRM_FILE_YN           /* DRM파일여부 */
            , INDVDLINFO_USE_YN     /* 개인정보사용여부 */
            , USE_YN                /* 사용여부 */
            , DEL_YN                /* 삭제여부 */
            , REGIST_ID             /* 생성자ID */
            , REGIST_DT             /* 생성일시 */
            , UPDT_ID               /* 수정자ID */
            , UPDT_DT               /* 수정일시 */
        ) VALUES (
              #{scrinId}                    /* 화면ID */
            , #{sysSeCd}                    /* 시스템구분코드 */
            , CASE WHEN NVL(#{scrinCd}, '') = '' THEN #{scrinId}
                   ELSE #{scrinCd}
              END                           /* 화면코드 */
            , #{wordId}                     /* 용어ID */
            , #{abbrevWordUseCd}            /* 단축용어사용코드 */
            , #{scrinAliasId}               /* 화면별칭ID */
            , #{scrinUrl}                   /* 화면URL */
            , #{scrinDc}                    /* 화면설명 */
            , #{popupYn}                    /* 팝업여부 */
            , NVL(#{drmScrinYn}, 'N')       /* DRM화면여부 */
            , NVL(#{drmFileYn}, 'N')        /* DRM파일여부 */
            , NVL(#{indvdlinfoUseYn}, 'N')  /* 개인정보사용여부 */
            , NVL(#{useYn}, 'N')            /* 사용여부 */
            , NVL(#{delYn}, 'N')            /* 삭제여부 */
            , #{registId}                   /* 생성자ID */
            , CURRENT_TIMESTAMP             /* 생성일시 */
            , #{updtId}                     /* 수정자ID */
            , CURRENT_TIMESTAMP             /* 수정일시 */
        )
    </insert>
    
    <!--
        Query ID    : updateScreenInfo
        Description : 화면관리 수정
    -->
    <update id="updateScreenInfo" parameterType="com.mobis.maps.iam.vo.MapsIamScreenVO">
        /* Query ID=com.mobis.maps.iam.service.dao.MapsIamScreenMDAO.updateScreenInfo */
        UPDATE IAMDB.T_SCRIN_MST 
        SET   SYS_SE_CD = #{sysSeCd}                            /* 시스템구분코드 */
            , SCRIN_CD = #{scrinCd}                             /* 화면코드 */
            , WORD_ID = #{wordId}                               /* 용어ID */
            , ABBREV_WORD_USE_CD = #{abbrevWordUseCd}           /* 단축용어사용코드 */
            , SCRIN_ALIAS_ID = #{scrinAliasId}                  /* 화면별칭ID */
            , SCRIN_URL = #{scrinUrl}                           /* 화면URL */
            , SCRIN_DC = #{scrinDc}                             /* 화면설명 */
            , POPUP_YN = NVL(#{popupYn}, 'N')                   /* 팝업여부 */
            , DRM_SCRIN_YN = NVL(#{drmScrinYn}, 'N')            /* DRM화면여부 */
            , DRM_FILE_YN = NVL(#{drmFileYn}, 'N')              /* DRM파일여부 */
            , INDVDLINFO_USE_YN = NVL(#{indvdlinfoUseYn}, 'N')  /* 개인정보사용여부 */
            , USE_YN = NVL(#{useYn}, 'N')                       /* 사용여부 */
            , DEL_YN = NVL(#{delYn}, 'N')                       /* 삭제여부 */
            , UPDT_ID = #{updtId}
            , UPDT_DT = CURRENT_TIMESTAMP
        WHERE 1=1
        AND   SCRIN_ID = #{scrinId}
    </update>
    
    <!--
        Query ID    : updateDeleteScreenInfo
        Description : 화면관리 삭제 수정
    -->
    <update id="updateDeleteScreenInfo" parameterType="com.mobis.maps.iam.vo.MapsIamScreenVO">
        /* Query ID=com.mobis.maps.iam.service.dao.MapsIamScreenMDAO.updateDeleteScreenInfo */
        UPDATE IAMDB.T_SCRIN_MST
        SET   USE_YN = 'N'                       /* 사용여부 */
            , DEL_YN = 'Y'                       /* 삭제여부 */
            , UPDT_ID = #{updtId}
            , UPDT_DT = CURRENT_TIMESTAMP
        WHERE 1=1
        AND   SCRIN_ID = #{scrinId}
    </update>
    
    <!--
        Query ID    : deleteScreenInfo
        Description : 화면관리 삭제
    -->
    <delete id="deleteScreenInfo" parameterType="com.mobis.maps.iam.vo.MapsIamScreenVO">
        /* Query ID=com.mobis.maps.iam.service.dao.MapsIamScreenMDAO.deleteScreenInfo */
        DELETE
        FROM  IAMDB.T_SCRIN_MST
        WHERE 1=1
        AND   SCRIN_ID = #{scrinId}
    </delete>
    
    <!--
        Query ID    : selectScrinUrlList
        Description : 화면URL관리 리스트 조회
    -->
    <select id="selectScrinUrlList" parameterType="com.mobis.maps.iam.vo.MapsIamScrinUrlVO" resultType="com.mobis.maps.iam.vo.MapsIamScrinUrlVO">
        /* Query ID=com.mobis.maps.iam.service.dao.MapsIamScreenMDAO.selectScrinUrlList */
        SELECT
              ROW_NUMBER() OVER(ORDER BY SCRIN_URL_ID) AS RNUM
            , SCRIN_URL_ID      /* 화면URL ID */
            , SCRIN_ID          /* 화면ID */
            , SCRIN_URL_SE_CD   /* 화면URL구분코드 */
            , SCRIN_URL         /* 화면URL */
            , REGIST_ID         /* 생성자ID */
            , REGIST_DT         /* 생성일시 */
            , UPDT_ID           /* 수정자ID */
            , UPDT_DT           /* 수정일시 */
        FROM  IAMDB.T_SCRIN_URL_MANAGE
        WHERE 1=1
        AND   SCRIN_ID = #{scrinId} /* 화면ID */
    </select>

    <!--
        Query ID    : selectScrinUrl
        Description : 화면URL관리 조회
    -->
    <select id="selectScrinUrl" parameterType="com.mobis.maps.iam.vo.MapsIamScrinUrlVO" resultType="com.mobis.maps.iam.vo.MapsIamScrinUrlVO">
        /* Query ID=com.mobis.maps.iam.service.dao.MapsIamScreenMDAO.selectScrinUrl */
        SELECT
              SCRIN_URL_ID      /* 화면URL ID */
            , SCRIN_ID          /* 화면ID */
            , SCRIN_URL_SE_CD   /* 화면URL구분코드 */
            , SCRIN_URL         /* 화면URL */
            , REGIST_ID         /* 생성자ID */
            , REGIST_DT         /* 생성일시 */
            , UPDT_ID           /* 수정자ID */
            , UPDT_DT           /* 수정일시 */
        FROM  IAMDB.T_SCRIN_URL_MANAGE
        WHERE 1=1
        AND   SCRIN_URL_ID = #{scrinUrlId}  /* 화면URL ID */
    </select>
    
    <!--
        Query ID    : selectScrinUrlByUk
        Description : 화면URL관리 리스트 조회
    -->
    <select id="selectScrinUrlByUk" parameterType="com.mobis.maps.iam.vo.MapsIamScrinUrlVO" resultType="com.mobis.maps.iam.vo.MapsIamScrinUrlVO">
        /* Query ID=com.mobis.maps.iam.service.dao.MapsIamScreenMDAO.selectScrinUrlByUk */
        SELECT
              SCRIN_URL_ID      /* 화면URL ID */
            , SCRIN_ID          /* 화면ID */
            , SCRIN_URL_SE_CD   /* 화면URL구분코드 */
            , SCRIN_URL         /* 화면URL */
            , REGIST_ID         /* 생성자ID */
            , REGIST_DT         /* 생성일시 */
            , UPDT_ID           /* 수정자ID */
            , UPDT_DT           /* 수정일시 */
        FROM  IAMDB.T_SCRIN_URL_MANAGE
        WHERE 1=1
        AND   SCRIN_ID = #{scrinId}             /* 화면ID */
        AND   SCRIN_URL_SE_CD = #{scrinUrlSeCd} /* 화면URL구분코드 */
    </select>
    
    <!--
        Query ID    : insertScrinUrl
        Description : 화면URL관리 저장
    -->
    <insert id="insertScrinUrl" parameterType="com.mobis.maps.iam.vo.MapsIamScrinUrlVO">
        /* Query ID=com.mobis.maps.iam.service.dao.MapsIamScreenMDAO.insertScrinUrl */
        <selectKey keyProperty="scrinUrlId" resultType="string" order="BEFORE">
        SELECT
              CONCAT('SU', #{mapsSysSeCd}, LPAD(NVL(MAX(MID(SCRIN_URL_ID, 4, 9)),0) + 1, 9, '0')) AS SCRIN_URL_ID                             
        FROM  IAMDB.T_SCRIN_URL_MANAGE
        WHERE SCRIN_URL_ID LIKE CONCAT('SU', #{mapsSysSeCd}, '%')
        </selectKey>
        INSERT INTO IAMDB.T_SCRIN_URL_MANAGE (
              SCRIN_URL_ID      /* 화면URL ID */
            , SCRIN_ID          /* 화면ID */
            , SCRIN_URL_SE_CD   /* 화면URL구분코드 */
            , SCRIN_URL         /* 화면URL */
            , REGIST_ID         /* 생성자ID */
            , REGIST_DT         /* 생성일시 */
            , UPDT_ID           /* 수정자ID */
            , UPDT_DT           /* 수정일시 */
        ) VALUES (
              #{scrinUrlId}         /* 화면URL ID */
            , #{scrinId}            /* 화면ID */
            , #{scrinUrlSeCd}       /* 화면URL구분코드 */
            , #{scrinUrl}           /* 화면URL */
            , #{registId}           /* 생성자ID */
            , CURRENT_TIMESTAMP     /* 생성일시 */
            , #{updtId}             /* 수정자ID */
            , CURRENT_TIMESTAMP     /* 수정일시 */
        )
    </insert>
    
    <!--
        Query ID    : updateScrinUrl
        Description : 화면URL관리 수정
    -->
    <update id="updateScrinUrl" parameterType="com.mobis.maps.iam.vo.MapsIamScrinUrlVO">
        /* Query ID=com.mobis.maps.iam.service.dao.MapsIamScreenMDAO.updateScrinUrl */
        UPDATE IAMDB.T_SCRIN_URL_MANAGE
        SET   SCRIN_URL_SE_CD = #{scrinUrlSeCd} /* 화면URL구분코드 */
            , SCRIN_URL = #{scrinUrl}           /* 화면URL */
            , UPDT_ID = #{updtId}               /* 수정자ID */
            , UPDT_DT = CURRENT_TIMESTAMP       /* 수정일시 */
        WHERE 1=1
        AND   SCRIN_URL_ID = #{scrinUrlId}  /* 화면URL ID */
    </update>
    
    <!--
        Query ID    : deleteScrinUrl
        Description : 화면URL 삭제
    -->
    <delete id="deleteScrinUrl" parameterType="com.mobis.maps.iam.vo.MapsIamScrinUrlVO">
        /* Query ID=com.mobis.maps.iam.service.dao.MapsIamScreenMDAO.deleteScrinUrl */
        DELETE
        FROM  IAMDB.T_SCRIN_URL_MANAGE
        WHERE 1=1
        AND   SCRIN_URL_ID = #{scrinUrlId}  /* 화면URL ID */
    </delete>
    
    <!--
        Query ID    : selectScreenPgPopList
        Description : 화면관리 팝업 리스트 조회
    -->
    <select id="selectScreenPgPopList" parameterType="com.mobis.maps.iam.vo.MapsIamScreenVO" resultType="com.mobis.maps.iam.vo.MapsIamScreenVO">
        /* Query ID=com.mobis.maps.iam.service.dao.MapsIamScreenMDAO.selectScreenPgPopList */
            <include refid="com.mobis.maps.cmmn.paging.selectTop"/>
        SELECT
              ROW_NUMBER() OVER(ORDER BY S.SCRIN_ID) AS RNUM
            , S.*
        FROM  (
            SELECT
                  A.SCRIN_ID
                , A.SYS_SE_CD
                , A.SCRIN_CD
                , A.WORD_ID
                , CASE WHEN A.ABBREV_WORD_USE_CD = '01' THEN NVL(C.ABBREV_WORD_1, B.ABBREV_WORD_1)
                       WHEN A.ABBREV_WORD_USE_CD = '02' THEN NVL(C.ABBREV_WORD_2, B.ABBREV_WORD_2)
                       WHEN A.ABBREV_WORD_USE_CD = '03' THEN NVL(C.ABBREV_WORD_3, B.ABBREV_WORD_3)
                       WHEN A.ABBREV_WORD_USE_CD = '04' THEN NVL(C.ABBREV_WORD_4, B.ABBREV_WORD_4)
                       WHEN A.ABBREV_WORD_USE_CD = '05' THEN NVL(C.ABBREV_WORD_5, B.ABBREV_WORD_5)
                       ELSE NVL(C.ORGINL_WORD, B.ORGINL_WORD)
                  END AS SCRIN_NM
                , B.LANG_CD AS DFLT_LANG_CD
                , B.ORGINL_WORD AS DFLT_ORGINL_WORD
                , B.ABBREV_WORD_1 AS DFLT_ABBREV_WORD_1
                , B.ABBREV_WORD_2 AS DFLT_ABBREV_WORD_2
                , B.ABBREV_WORD_3 AS DFLT_ABBREV_WORD_3
                , B.ABBREV_WORD_4 AS DFLT_ABBREV_WORD_4
                , B.ABBREV_WORD_5 AS DFLT_ABBREV_WORD_5
                , C.LANG_CD
                , C.ORGINL_WORD
                , C.ABBREV_WORD_1
                , C.ABBREV_WORD_2
                , C.ABBREV_WORD_3
                , C.ABBREV_WORD_4
                , C.ABBREV_WORD_5
                , A.SCRIN_ALIAS_ID          /* 화면별칭ID */
                , A.SCRIN_URL               /* 화면URL */
                , A.SCRIN_DC                /* 화면설명 */
                , A.POPUP_YN                /* 팝업여부 */
                , A.DRM_SCRIN_YN            /* DRM화면여부 */
                , A.DRM_FILE_YN             /* DRM파일여부 */
                , A.INDVDLINFO_USE_YN       /* 개인정보사용여부 */
                , A.USE_YN                  /* 사용여부 */
                , A.DEL_YN                  /* 삭제여부 */
            FROM  IAMDB.T_SCRIN_MST A
                  LEFT OUTER JOIN IAMDB.T_WORD_DICARY_MST B
                  ON  A.WORD_ID = B.WORD_ID
                  AND B.LANG_CD = #{dfltLangCd}
                  LEFT OUTER JOIN IAMDB.T_WORD_DICARY_MST C
                  ON A.WORD_ID = C.WORD_ID
                  AND C.LANG_CD = #{langCd}
            WHERE 1=1
            <if test='@org.apache.commons.lang3.StringUtils@isNotBlank(sysSeCd)'>
            AND   A.SYS_SE_CD = #{sysSeCd}
            </if>
            <if test='@org.apache.commons.lang3.StringUtils@isNotBlank(scrinId)'>
            AND   A.SCRIN_ID = #{scrinId}
            </if>
            <if test='@org.apache.commons.lang3.StringUtils@isNotBlank(scrinCd)'>
            AND   A.SCRIN_CD = #{scrinCd}
            </if>
            <if test='@org.apache.commons.lang3.StringUtils@isNotBlank(scrinUrl)'>
            AND   A.SCRIN_URL LIKE CONCAT('%', NVL(#{scrinUrl}, ''), '%')
            </if>
            <if test='@org.apache.commons.lang3.StringUtils@isNotBlank(scrinNm)'>
            AND   (B.ORGINL_WORD LIKE CONCAT('%', #{scrinNm}, '%')
                   OR B.ABBREV_WORD_1 LIKE CONCAT('%', #{scrinNm}, '%')
                   OR B.ABBREV_WORD_2 LIKE CONCAT('%', #{scrinNm}, '%')
                   OR B.ABBREV_WORD_3 LIKE CONCAT('%', #{scrinNm}, '%')
                   OR B.ABBREV_WORD_4 LIKE CONCAT('%', #{scrinNm}, '%')
                   OR B.ABBREV_WORD_5 LIKE CONCAT('%', #{scrinNm}, '%')
                   OR C.ORGINL_WORD LIKE CONCAT('%', #{scrinNm}, '%')
                   OR C.ABBREV_WORD_1 LIKE CONCAT('%', #{scrinNm}, '%')
                   OR C.ABBREV_WORD_2 LIKE CONCAT('%', #{scrinNm}, '%')
                   OR C.ABBREV_WORD_3 LIKE CONCAT('%', #{scrinNm}, '%')
                   OR C.ABBREV_WORD_4 LIKE CONCAT('%', #{scrinNm}, '%')
                   OR C.ABBREV_WORD_5 LIKE CONCAT('%', #{scrinNm}, '%')
                   )
            </if>
            <if test='@org.apache.commons.lang3.StringUtils@isNotBlank(popupYn)'>
            AND   A.POPUP_YN = #{popupYn}
            </if>
            AND   A.USE_YN = 'Y'
            AND   A.DEL_YN = 'N'
            ) S
        WHERE 1=1
        <include refid="com.mobis.maps.cmmn.paging.selectBottom"/>
    </select>
    
</mapper>