<?xml version="1.0" encoding="UTF-8" ?>
<!DOCTYPE mapper PUBLIC "-//mybatis.org//DTD Mapper 3.0//EN" "http://mybatis.org/dtd/mybatis-3-mapper.dtd">
<!--
    SQL File Name : iam_MapsIamFnctMDAO_SQL.xml
 * @Description   : Function관리 데이터를 관리한다.
 * @author        : DT048657
 * @since         : 2019. 9. 5.
 * @version       : 1.0
 * @see
 * @Modification Information
 * <pre>
 *     since          author              description
 *  ===========    =============    ===========================
 *  2019. 9. 5.     DT048657        최초 생성
 * 
-->
<mapper namespace="com.mobis.maps.iam.service.dao.MapsIamFnctMDAO">

    <!--
        Query ID    : selectFnctPgList
        Description : Function관리 리스트 조회
    -->
    <select id="selectFnctPgList" parameterType="com.mobis.maps.iam.vo.MapsIamFnctVO" resultType="com.mobis.maps.iam.vo.MapsIamFnctVO">
        /* Query ID=com.mobis.maps.iam.service.dao.MapsIamFnctMDAO.selectFnctPgList */
        <include refid="com.mobis.maps.cmmn.paging.selectTop"/>       
        SELECT
              ROW_NUMBER() OVER(ORDER BY FNCT_ID) AS RNUM
            , A.FNCT_ID     /* 기능ID */
            , A.SYS_SE_CD   /* 시스템구분코드 */
            , A.FNCT_SE_CD  /* 기능구분 */
            , A.FNCT_NM     /* 기능명 */
            , C.SCRIN_ID AS POPUP_SCRIN_ID
            , CASE
                 WHEN C.ABBREV_WORD_USE_CD = '01' THEN NVL(MWL.ABBREV_WORD_1, MWD.ABBREV_WORD_1)
                 WHEN C.ABBREV_WORD_USE_CD = '02' THEN NVL(MWL.ABBREV_WORD_2, MWD.ABBREV_WORD_2)
                 WHEN C.ABBREV_WORD_USE_CD = '03' THEN NVL(MWL.ABBREV_WORD_3, MWD.ABBREV_WORD_3)
                 WHEN C.ABBREV_WORD_USE_CD = '04' THEN NVL(MWL.ABBREV_WORD_4, MWD.ABBREV_WORD_4)
                 WHEN C.ABBREV_WORD_USE_CD = '05' THEN NVL(MWL.ABBREV_WORD_5, MWD.ABBREV_WORD_5)
                 ELSE NVL(MWL.ORGINL_WORD, MWD.ORGINL_WORD)
              END AS POPUP_SCRIN_NM
            , A.FNCT_URL    /* 기능URL */
            , A.COMPN_ID    /* 컴포넌트ID */
            , A.FNCT_DC     /* 기능설명 */
            , A.USE_YN      /* 사용여부 */
            , A.REGIST_ID   /* 생성자ID */
            , A.REGIST_DT   /* 생성일시 */
            , A.UPDT_ID     /* 수정자ID */
            , A.UPDT_DT     /* 수정일시 */
        FROM  IAMDB.T_FNCT_MST A
            LEFT OUTER JOIN IAMDB.T_SCRIN_MST C
            ON  C.SCRIN_ID = A.FNCT_NM
            LEFT OUTER JOIN IAMDB.T_WORD_DICARY_MST MWD
            ON  C.WORD_ID = MWD.WORD_ID
            AND MWD.LANG_CD = #{dfltLangCd}
            LEFT OUTER JOIN IAMDB.T_WORD_DICARY_MST MWL
            ON  C.WORD_ID = MWL.WORD_ID
            AND MWL.LANG_CD = #{langCd}
        WHERE 1=1
        <if test='@org.apache.commons.lang3.StringUtils@isNotBlank(sysSeCd)'>  
        AND   A.SYS_SE_CD = #{sysSeCd}      /* 시스템구분코드 */       
        </if>
        <if test='@org.apache.commons.lang3.StringUtils@isNotBlank(fnctUrl)'>  
        AND   A.FNCT_URL LIKE CONCAT('%', #{fnctUrl}, '%')        /* URL*/       
        </if>
        <if test='@org.apache.commons.lang3.StringUtils@isNotBlank(fnctNm)'>  
        AND  ( 
                A.FNCT_NM LIKE CONCAT('%', #{fnctNm}, '%') 
             OR A.FNCT_DC LIKE CONCAT('%', #{fnctNm}, '%')
             )
        </if>
        <if test='@org.apache.commons.lang3.StringUtils@isNotBlank(fnctSeCd)'>
        AND   A.FNCT_SE_CD = #{fnctSeCd}    /* 기능구분 */
        </if>
        <if test='@org.apache.commons.lang3.StringUtils@isNotBlank(compnId)'>                
        AND   A.COMPN_ID LIKE CONCAT('%', #{compnId}, '%')  /* 컴포넌트ID */                
        </if>
        <if test='@org.apache.commons.lang3.StringUtils@isNotBlank(useYn)'>
        AND   A.USE_YN    = #{useYn}
        </if>
        <include refid="com.mobis.maps.cmmn.paging.selectBottom"/>
    </select>
    
    <!--
        Query ID    : selectFnctInfo
        Description : Function관리 조회
    -->
    <select id="selectFnctInfo" parameterType="com.mobis.maps.iam.vo.MapsIamFnctVO" resultType="com.mobis.maps.iam.vo.MapsIamFnctVO">
        /* Query ID=com.mobis.maps.iam.service.dao.MapsIamFnctMDAO.selectFnctInfo */
        SELECT
              FNCT_ID       /* 기능ID */
            , SYS_SE_CD     /* 시스템구분코드 */
            , FNCT_SE_CD    /* 기능구분 */
            , FNCT_NM       /* 기능명 */
            , FNCT_URL      /* 기능URL */
            , COMPN_ID      /* 컴포넌트ID */
            , FNCT_DC       /* 기능설명 */
            , USE_YN        /* 사용여부 */
            , REGIST_ID     /* 생성자ID */
            , REGIST_DT     /* 생성일시 */
            , UPDT_ID       /* 수정자ID */
            , UPDT_DT       /* 수정일시 */
        FROM  IAMDB.T_FNCT_MST                
        WHERE 1=1
        AND   FNCT_ID = #{fnctId}  /* 기능ID */
    </select>
    
    <!--
        Query ID    : selectFnctInfoByFnctUrl
        Description : Function관리 조회
    -->
    <select id="selectFnctInfoByFnctUrl" parameterType="com.mobis.maps.iam.vo.MapsIamFnctVO" resultType="com.mobis.maps.iam.vo.MapsIamFnctVO">
        /* Query ID=com.mobis.maps.iam.service.dao.MapsIamFnctMDAO.selectFnctInfoByFnctUrl */
        SELECT
              FNCT_ID       /* 기능ID */
            , SYS_SE_CD     /* 시스템구분코드 */
            , FNCT_SE_CD    /* 기능구분 */
            , FNCT_NM       /* 기능명 */
            , FNCT_URL      /* 기능URL */
            , COMPN_ID      /* 컴포넌트ID */
            , FNCT_DC       /* 기능설명 */
            , USE_YN        /* 사용여부 */
            , REGIST_ID     /* 생성자ID */
            , REGIST_DT     /* 생성일시 */
            , UPDT_ID       /* 수정자ID */
            , UPDT_DT       /* 수정일시 */
        FROM  IAMDB.T_FNCT_MST                
        WHERE 1=1
        AND   FNCT_ID != #{fnctId}      /* 기능ID */
        AND   SYS_SE_CD = #{sysSeCd}    /* 시스템구분코드 */  
        AND   FNCT_URL = #{fnctUrl}     /* 기능URL */
    </select>
    
    <!--
        Query ID    : selectFnctInfoByScrinId
        Description : Function관리 조회
    -->
    <select id="selectFnctInfoByScrinId" parameterType="com.mobis.maps.iam.vo.MapsIamFnctVO" resultType="com.mobis.maps.iam.vo.MapsIamFnctVO">
        /* Query ID=com.mobis.maps.iam.service.dao.MapsIamFnctMDAO.selectFnctInfoByScrinId */
        SELECT
              FNCT_ID       /* 기능ID */
            , SYS_SE_CD     /* 시스템구분코드 */
            , FNCT_SE_CD    /* 기능구분 */
            , FNCT_NM       /* 기능명 */
            , FNCT_URL      /* 기능URL */
            , COMPN_ID      /* 컴포넌트ID */
            , FNCT_DC       /* 기능설명 */
            , USE_YN        /* 사용여부 */
            , REGIST_ID     /* 생성자ID */
            , REGIST_DT     /* 생성일시 */
            , UPDT_ID       /* 수정자ID */
            , UPDT_DT       /* 수정일시 */
        FROM  IAMDB.T_FNCT_MST                
        WHERE 1=1
        AND   FNCT_ID != #{fnctId}      /* 기능ID */
        AND   SYS_SE_CD = #{sysSeCd}    /* 시스템구분코드 */       
        AND   FNCT_NM = #{fnctNm}       /* 화면ID */
    </select>
    
    <!--
        Query ID    : selectScrinInfo
        Description : 화면정보 조회
    -->
    <select id="selectScrinInfo" parameterType="com.mobis.maps.iam.vo.MapsIamFnctVO" resultType="com.mobis.maps.iam.vo.MapsIamScreenVO">
        /* Query ID=com.mobis.maps.iam.service.dao.MapsIamFnctMDAO.selectScrinInfo */
        SELECT
              SCRIN_ID              /* 화면ID */
            , SYS_SE_CD             /* 시스템구분코드 */
            , SCRIN_CD              /* 화면코드 */
            , WORD_ID               /* 용어ID */
            , ABBREV_WORD_USE_CD    /* 단축용어사용코드 */
            , SCRIN_ALIAS_ID        /* 화면별칭ID */
            , SCRIN_URL             /* 화면URL */
            , SCRIN_DC              /* 화면설명 */
            , POPUP_YN              /* 팝업여부 */
        FROM  IAMDB.T_SCRIN_MST
        WHERE 1=1
        AND   SCRIN_ID = #{fnctNm}      /* 화면ID */
        AND   USE_YN = 'Y'              /* 사용여부 */
        AND   DEL_YN = 'N'              /* 삭제여부 */
    </select>

    <!--
        Query ID    : insertFnctInfo
        Description : Function관리 저장
    -->
    <insert id="insertFnctInfo" parameterType="com.mobis.maps.iam.vo.MapsIamFnctVO">
        /* Query ID=com.mobis.maps.iam.service.dao.MapsIamFnctMDAO.insertFnctInfo */
        <selectKey keyProperty="fnctId" resultType="string" order="BEFORE">
          SELECT
                CONCAT('F', #{mapsSysSeCd}, LPAD(NVL(MAX(MID(FNCT_ID, 3, 4)),0) + 1, 4, '0')) AS FNCT_ID                             
          FROM  IAMDB.T_FNCT_MST
          WHERE FNCT_ID LIKE CONCAT('F', #{mapsSysSeCd}, '%')
        </selectKey>
        INSERT INTO IAMDB.T_FNCT_MST (
              FNCT_ID       /* 기능ID */
            , SYS_SE_CD     /* 시스템구분코드 */
            , FNCT_SE_CD    /* 기능구분 */
            , FNCT_NM       /* 기능명 */
            , FNCT_URL      /* 기능URL */
            , COMPN_ID      /* 컴포넌트ID */
            , FNCT_DC       /* 기능설명 */
            , USE_YN        /* 사용여부 */
            , REGIST_ID     /* 생성자ID */
            , REGIST_DT     /* 생성일시 */
            , UPDT_ID       /* 수정자ID */
            , UPDT_DT       /* 수정일시 */
        ) VALUES (
              #{fnctId}             /* 기능ID */
            , #{sysSeCd}            /* 시스템구분코드 */
            , #{fnctSeCd}           /* 기능구분 */
            , #{fnctNm}             /* 기능명 */
            , #{fnctUrl}            /* 기능URL */
            , #{compnId}            /* 컴포넌트ID */
            , #{fnctDc}             /* 기능설명 */
            , NVL(#{useYn}, 'N')    /* 사용여부 */
            , #{registId}           /* 생성자ID */
            , CURRENT_TIMESTAMP     /* 생성일시 */
            , #{updtId}             /* 수정자ID */
            , CURRENT_TIMESTAMP     /* 수정일시 */
        )
    </insert>
    
    <!--
        Query ID    : updateFnctInfo
        Description : Function관리 수정
    -->
    <update id="updateFnctInfo" parameterType="com.mobis.maps.iam.vo.MapsIamFnctVO">
        /* Query ID=com.mobis.maps.iam.service.dao.MapsIamFnctMDAO.updateFnctInfo */
        UPDATE IAMDB.T_FNCT_MST
        SET   SYS_SE_CD = #{sysSeCd}        /* 시스템구분코드 */
            , FNCT_SE_CD = #{fnctSeCd}      /* 기능구분 */
            , FNCT_NM = #{fnctNm}           /* 기능명 */
            , FNCT_URL = #{fnctUrl}         /* 기능URL */
            , COMPN_ID = #{compnId}         /* 컴포넌트ID */
            , FNCT_DC = #{fnctDc}           /* 기능설명 */         
            , USE_YN= NVL(#{useYn}, 'N')    /* 사용여부 */             
            , UPDT_ID = #{updtId}           /* 수정자ID */
            , UPDT_DT = CURRENT_TIMESTAMP   /* 수정일시 */
        WHERE 1=1
        AND   FNCT_ID = #{fnctId}
    </update>
    
    <!--
        Query ID    : deleteFnctInfo
        Description : Function관리 삭제
    -->
    <delete id="deleteFnctInfo" parameterType="com.mobis.maps.iam.vo.MapsIamFnctVO">
        /* Query ID=com.mobis.maps.iam.service.dao.MapsIamFnctMDAO.deleteFnctInfo */
        DELETE
        FROM  IAMDB.T_FNCT_MST
        WHERE 1=1
        AND   FNCT_ID = #{fnctId}
    </delete>
    
    <!--
        Query ID    : selectScreenFnctPgList
        Description : Screen Function관리 페이징 리스트 조회
    -->
    <select id="selectScreenFnctPgList" parameterType="com.mobis.maps.iam.vo.MapsIamFnctVO" resultType="com.mobis.maps.iam.vo.MapsIamFnctVO">
        /* Query ID=com.mobis.maps.iam.service.dao.MapsIamFnctMDAO.selectScreenFnctPgList */
        <include refid="com.mobis.maps.cmmn.paging.selectTop"/>       
        SELECT
              ROW_NUMBER() OVER(ORDER BY A.SCRIN_FNCT_ID) AS RNUM
            , A.SCRIN_FNCT_ID   /* 화면기능ID */
            , A.SCRIN_ID        /* 화면ID */
            , A.FNCT_ID         /* 기능ID */
            , B.SYS_SE_CD       /* 시스템구분코드 */
            , B.FNCT_SE_CD      /* 기능구분 */
            , B.FNCT_NM         /* 기능명 */
            , C.SCRIN_ID AS POPUP_SCRIN_ID
            , CASE
                 WHEN C.ABBREV_WORD_USE_CD = '01' THEN NVL(MWL.ABBREV_WORD_1, MWD.ABBREV_WORD_1)
                 WHEN C.ABBREV_WORD_USE_CD = '02' THEN NVL(MWL.ABBREV_WORD_2, MWD.ABBREV_WORD_2)
                 WHEN C.ABBREV_WORD_USE_CD = '03' THEN NVL(MWL.ABBREV_WORD_3, MWD.ABBREV_WORD_3)
                 WHEN C.ABBREV_WORD_USE_CD = '04' THEN NVL(MWL.ABBREV_WORD_4, MWD.ABBREV_WORD_4)
                 WHEN C.ABBREV_WORD_USE_CD = '05' THEN NVL(MWL.ABBREV_WORD_5, MWD.ABBREV_WORD_5)
                 ELSE NVL(MWL.ORGINL_WORD, MWD.ORGINL_WORD)
              END AS POPUP_SCRIN_NM
            , NvL(A.COMPN_ID, B.COMPN_ID) AS COMPN_ID   /* 컴포넌트ID */
            , B.FNCT_URL        /* 기능URL */
            , B.FNCT_DC         /* 기능설명 */
            , B.USE_YN          /* 사용여부 */
            , A.REGIST_ID       /* 생성자ID */
            , A.REGIST_DT       /* 생성일시 */
            , A.UPDT_ID         /* 수정자ID */
            , A.UPDT_DT         /* 수정일시 */
        FROM  IAMDB.T_SCRIN_FNCT_MANAGE A
            INNER JOIN IAMDB.T_FNCT_MST B
            ON  A.FNCT_ID = B.FNCT_ID
            AND A.SCRIN_ID = #{scrinId}
            LEFT OUTER JOIN IAMDB.T_SCRIN_MST C
            ON  C.SCRIN_ID = B.FNCT_NM
            LEFT OUTER JOIN IAMDB.T_WORD_DICARY_MST MWD
            ON  C.WORD_ID = MWD.WORD_ID
            AND MWD.LANG_CD = #{dfltLangCd}
            LEFT OUTER JOIN IAMDB.T_WORD_DICARY_MST MWL
            ON  C.WORD_ID = MWL.WORD_ID
            AND MWL.LANG_CD = #{langCd}
        WHERE 1=1
        ORDER BY A.SCRIN_FNCT_ID
        <include refid="com.mobis.maps.cmmn.paging.selectBottom"/>
    </select>
    
    <!--
        Query ID    : selectScreenFnctList
        Description : Screen Function관리 리스트 조회
    -->
    <select id="selectScreenFnctList" parameterType="com.mobis.maps.iam.vo.MapsIamFnctVO" resultType="com.mobis.maps.iam.vo.MapsIamFnctVO">
        /* Query ID=com.mobis.maps.iam.service.dao.MapsIamFnctMDAO.selectScreenFnctList */       
        SELECT
              ROW_NUMBER() OVER(ORDER BY A.SCRIN_FNCT_ID) AS RNUM
            , A.SCRIN_FNCT_ID   /* 화면기능ID */
            , A.SCRIN_ID        /* 화면ID */
            , A.FNCT_ID         /* 기능ID */
            , B.SYS_SE_CD       /* 시스템구분코드 */
            , B.FNCT_SE_CD      /* 기능구분 */
            , B.FNCT_NM         /* 기능명 */
            , C.SCRIN_ID AS POPUP_SCRIN_ID
            , CASE
                 WHEN C.ABBREV_WORD_USE_CD = '01' THEN NVL(MWL.ABBREV_WORD_1, MWD.ABBREV_WORD_1)
                 WHEN C.ABBREV_WORD_USE_CD = '02' THEN NVL(MWL.ABBREV_WORD_2, MWD.ABBREV_WORD_2)
                 WHEN C.ABBREV_WORD_USE_CD = '03' THEN NVL(MWL.ABBREV_WORD_3, MWD.ABBREV_WORD_3)
                 WHEN C.ABBREV_WORD_USE_CD = '04' THEN NVL(MWL.ABBREV_WORD_4, MWD.ABBREV_WORD_4)
                 WHEN C.ABBREV_WORD_USE_CD = '05' THEN NVL(MWL.ABBREV_WORD_5, MWD.ABBREV_WORD_5)
                 ELSE NVL(MWL.ORGINL_WORD, MWD.ORGINL_WORD)
              END AS POPUP_SCRIN_NM
            , NVL(A.COMPN_ID, B.COMPN_ID) AS COMPN_ID   /* 컴포넌트ID */
            , CASE WHEN B.FNCT_SE_CD = 'P' THEN C.SCRIN_URL
                   ELSE B.FNCT_URL
              END AS FNCT_URL   /* 기능URL */
            , B.FNCT_DC         /* 기능설명 */
            , B.USE_YN          /* 사용여부 */
            , A.REGIST_ID       /* 생성자ID */
            , A.REGIST_DT       /* 생성일시 */
            , A.UPDT_ID         /* 수정자ID */
            , A.UPDT_DT         /* 수정일시 */
        FROM  IAMDB.T_SCRIN_FNCT_MANAGE A
            INNER JOIN IAMDB.T_FNCT_MST B
            ON  A.FNCT_ID = B.FNCT_ID
            AND A.SCRIN_ID = #{scrinId}
            LEFT OUTER JOIN IAMDB.T_SCRIN_MST C
            ON  C.SCRIN_ID = B.FNCT_NM
            LEFT OUTER JOIN IAMDB.T_WORD_DICARY_MST MWD
            ON  C.WORD_ID = MWD.WORD_ID
            AND MWD.LANG_CD = #{dfltLangCd}
            LEFT OUTER JOIN IAMDB.T_WORD_DICARY_MST MWL
            ON  C.WORD_ID = MWL.WORD_ID
            AND MWL.LANG_CD = #{langCd}
        WHERE 1=1
        ORDER BY A.SCRIN_FNCT_ID
    </select>
    
    
     <!--
        Query ID    : insertScreenFnctInfo
        Description : Screen Function관리 저장
    -->
    <insert id="insertScreenFnctInfo" parameterType="com.mobis.maps.iam.vo.MapsIamFnctVO">
        /* Query ID=com.mobis.maps.iam.service.dao.MapsIamFnctMDAO.insertScreenFnctInfo */
        <selectKey keyProperty="scrinFnctId" resultType="string" order="BEFORE">
        SELECT
              CONCAT('SF', #{mapsSysSeCd}, LPAD(NVL(MAX(MID(SCRIN_FNCT_ID, 4, 4)),0) + 1, 4, '0')) AS SCRIN_FNCT_ID                             
        FROM  IAMDB.T_SCRIN_FNCT_MANAGE
        WHERE SCRIN_FNCT_ID LIKE CONCAT('SF', #{mapsSysSeCd},'%')
        </selectKey>
        INSERT INTO IAMDB.T_SCRIN_FNCT_MANAGE (
              SCRIN_FNCT_ID /* 화면기능ID */
            , SCRIN_ID      /* 화면ID */
            , FNCT_ID       /* 기능ID */
            , COMPN_ID      /* 컴포넌트ID */
            , REGIST_ID     /* 생성자ID */
            , REGIST_DT     /* 생성일시 */
            , UPDT_ID       /* 수정자ID */
            , UPDT_DT       /* 수정일시 */
        ) VALUES (
              #{scrinFnctId}        /* 화면기능ID */
            , #{scrinId}            /* 화면ID */
            , #{fnctId}             /* 기능ID */
            , #{compnId}            /* 컴포넌트ID */
            , #{registId}           /* 생성자ID */
            , CURRENT_TIMESTAMP     /* 생성일시 */
            , #{updtId}             /* 수정자ID */
            , CURRENT_TIMESTAMP     /* 수정일시 */
        )
    </insert>
    
    <!--
        Query ID    : updateScreenFnctInfo
        Description : Screen Function관리 수정
    -->
    <update id="updateScreenFnctInfo" parameterType="com.mobis.maps.iam.vo.MapsIamFnctVO">
        /* Query ID=com.mobis.maps.iam.service.dao.MapsIamFnctMDAO.updateScreenFnctInfo */
        UPDATE IAMDB.T_SCRIN_FNCT_MANAGE
        SET   SCRIN_ID = #{scrinId}     /* 화면ID */
            , FNCT_ID = #{fnctId}       /* 기능ID */
            , COMPN_ID = #{compnId}     /* 컴포넌트ID */
            , UPDT_ID = #{updtId}
            , UPDT_DT = CURRENT_TIMESTAMP
        WHERE 1=1
        AND   SCRIN_FNCT_ID = #{scrinFnctId}    /* 화면기능ID */
    </update>
    
    <!--
        Query ID    : deleteScreenFnctInfo
        Description : Screen Function관리 삭제
    -->
    <delete id="deleteScreenFnctInfo" parameterType="com.mobis.maps.iam.vo.MapsIamFnctVO">
        /* Query ID=com.mobis.maps.iam.service.dao.MapsIamFnctMDAO.deleteScreenFnctInfo */
        DELETE
        FROM  IAMDB.T_SCRIN_FNCT_MANAGE
        WHERE 1=1
        AND   SCRIN_FNCT_ID = #{scrinFnctId}    /* 화면기능ID */      
    </delete>
    
    <!--
        Query ID    : selectFnctEstnUrlList
        Description : 기능확장URL 리스트 조회
    -->
    <select id="selectFnctEstnUrlList" parameterType="com.mobis.maps.iam.vo.MapsIamFnctEstnUrlVO" resultType="com.mobis.maps.iam.vo.MapsIamFnctEstnUrlVO">
        /* Query ID=com.mobis.maps.iam.service.dao.MapsIamFnctMDAO.selectFnctEstnUrlList */       
        SELECT
              ROW_NUMBER() OVER(ORDER BY A.FNCT_ID, A.FNCT_URL) AS RNUM
            , A.FNCT_ID     /* 기능ID */
            , A.FNCT_URL    /* 기능URL */
            , A.FNCT_DC     /* 기능설명 */
            , A.REGIST_ID   /* 생성자ID */
            , A.REGIST_DT   /* 생성일자 */
        FROM  IAMDB.T_FNCT_ESTN_URL A
        WHERE 1=1
        AND   A.FNCT_ID = #{fnctId} /* 기능ID */
        ORDER BY A.FNCT_ID
               , A.FNCT_URL
    </select>
    
    <!--
        Query ID    : selectFnctEstnUrl
        Description : 기능확장URL 조회
    -->
    <select id="selectFnctEstnUrl" parameterType="com.mobis.maps.iam.vo.MapsIamFnctEstnUrlVO" resultType="com.mobis.maps.iam.vo.MapsIamFnctEstnUrlVO">
        /* Query ID=com.mobis.maps.iam.service.dao.MapsIamFnctMDAO.selectFnctEstnUrl */       
        SELECT
              A.FNCT_ID     /* 기능ID */
            , A.FNCT_URL    /* 기능URL */
            , A.FNCT_DC     /* 기능설명 */
            , A.REGIST_ID   /* 생성자ID */
            , A.REGIST_DT   /* 생성일자 */
        FROM  IAMDB.T_FNCT_ESTN_URL A
        WHERE 1=1
        AND   A.FNCT_ID = #{fnctId}     /* 기능ID */
        AND   A.FNCT_URL = #{fnctUrl}   /* 기능URL */
    </select>
    
     <!--
        Query ID    : insertFnctEstnUrl
        Description : 기능확장URL 저장
    -->
    <insert id="insertFnctEstnUrl" parameterType="com.mobis.maps.iam.vo.MapsIamFnctEstnUrlVO">
        /* Query ID=com.mobis.maps.iam.service.dao.MapsIamFnctMDAO.insertFnctEstnUrl */
        INSERT INTO IAMDB.T_FNCT_ESTN_URL (
              FNCT_ID       /* 기능ID */
            , FNCT_URL      /* 기능URL */
            , FNCT_DC       /* 기능설명 */
            , REGIST_ID     /* 생성자ID */
            , REGIST_DT     /* 생성일자 */
        ) VALUES (
              #{fnctId}             /* 기능ID */
            , #{fnctUrl}            /* 기능URL */
            , #{fnctDc}             /* 기능설명 */
            , #{registId}           /* 생성자ID */
            , CURRENT_TIMESTAMP     /* 생성일시 */
        )
    </insert>
    
    <!--
        Query ID    : deleteFnctEstnUrl
        Description : Screen Function관리 삭제
    -->
    <delete id="deleteFnctEstnUrl" parameterType="com.mobis.maps.iam.vo.MapsIamFnctVO">
        /* Query ID=com.mobis.maps.iam.service.dao.MapsIamFnctMDAO.deleteFnctEstnUrl */
        DELETE
        FROM  IAMDB.T_FNCT_ESTN_URL
        WHERE 1=1
        AND   FNCT_ID = #{fnctId}     /* 기능ID */
        AND   FNCT_URL = #{fnctUrl}   /* 기능URL */
    </delete>
    
</mapper>