<?xml version="1.0" encoding="UTF-8" ?>
<!DOCTYPE mapper PUBLIC "-//mybatis.org//DTD Mapper 3.0//EN" "http://mybatis.org/dtd/mybatis-3-mapper.dtd">
<!--
    SQL File Name : comm_MapsIamUserLoginStatsMDAO_SQL.xml
 * @Description   : 사용자 로그인 통계 데이터를 관리한다.
 * @author        : DT048058
 * @since         : 2019. 12. 13.
 * @version       : 1.0
 * @see
 * @Modification Information
 * <pre>
 *     since          author              description
 *  ===========    =============    ===========================
 *  2020.03.17.    DT048058         최초 생성
 * 
-->
<mapper namespace="com.mobis.maps.iam.service.dao.MapsIamUserLoginStatsMDAO">

    <!--
        Query ID    : selectUserLoginStatsMainList
        Description : 사용자 로그인 통계 메인 리스트 조회
    -->
    <select id="selectUserLoginStatsMainList"
            parameterType="com.mobis.maps.iam.vo.MapsIamUserLoginStatsVO"
            resultType="com.mobis.maps.iam.vo.MapsIamUserLoginStatsVO">
        /* Query ID=com.mobis.maps.comm.service.dao.MapsIamUserLoginStatsMDAO.selectUserLoginStatsMainList */
        SELECT
              ROW_NUMBER() OVER(ORDER BY E.LOGIN_DT) AS RNUM
            , E.LOGIN_DT
            , E.SYS_SE_CD
            , E.BSN_ORGNZT_CD
            , E.ORGNZT_SE_CD
            , E.ORGNZT_CD
            , CASE WHEN E.ORGNZT_SE_CD = 'G' THEN G.ZKUNAM      /* 일반대리점 */
                   WHEN E.ORGNZT_SE_CD = 'D' THEN G.ZKUNAM      /* 직배대리점 */
                   WHEN E.ORGNZT_SE_CD = 'E' THEN G.ZKUNAM      /* 직배딜러 */
                   WHEN E.ORGNZT_SE_CD = 'N' THEN H.NAME1       /* 국내외협력업체 */
                   WHEN E.ORGNZT_SE_CD = 'P' THEN E.ORGNZT_CD   /* PDA */
              END AS ORGNZT_NM
            , COUNT(1) AS LOGIN_CNT
            , SUM(E.CNT_PER) LOGIN_SUM
        FROM  (
               SELECT
                     D.LOGIN_DT
                   , D.SYS_SE_CD
                   , D.ORGNZT_SE_CD
                   , D.BSN_ORGNZT_CD
                   , NVL( D.ORGNZT_CD , '') AS ORGNZT_CD
                   , D.USER_ID
                   , COUNT(1) CNT_PER
               FROM  (
                      SELECT
                            STR_TO_DATE(DATE_FORMAT(A.LOGIN_DT, '%Y%m%d'), '%Y%m%d') AS LOGIN_DT
                          , A.SYS_SE_CD
                          , A.USER_ID
                          , B.ORGNZT_SE_CD
                          , B.BSN_ORGNZT_CD
                          , B.ORGNZT_CD
                      FROM  IAMDB.T_LOGIN_HIST A
                          , IAMDB.T_USER_MST B
                      WHERE 1=1
                      AND   A.LOGIN_DT >= STR_TO_DATE(CONCAT(DATE_FORMAT(#{strtDt}, '%Y%m%d'),'000000'), '%Y%m%d%H%i%S') /* 로그인시작일자 */
                      AND   A.LOGIN_DT <![CDATA[<=]]> STR_TO_DATE(CONCAT(DATE_FORMAT(#{endDt}, '%Y%m%d'),'235959'), '%Y%m%d%H%i%S') /* 로그인종료일자 */
                      AND   A.SYS_SE_CD = #{sysSeCd}
        <if test='@org.apache.commons.lang3.StringUtils@isNotBlank(bsnOrgnztCd)'>
                      AND   B.BSN_ORGNZT_CD = #{bsnOrgnztCd}
        </if>
        <if test='@org.apache.commons.lang3.StringUtils@isNotBlank(orgnztSeCd)'>
                      AND   B.ORGNZT_SE_CD = #{orgnztSeCd}
        </if>
        <if test='@org.apache.commons.lang3.ArrayUtils@isNotEmpty(orgnztSeCds)'>
                      AND   B.ORGNZT_SE_CD <foreach collection="orgnztSeCds" item="orgnztSeCdVal" index="i"  open="IN (" close=")" separator=",">#{orgnztSeCdVal}</foreach>
        </if>
        <if test='@org.apache.commons.lang3.StringUtils@isNotBlank(orgnztCd)'>
                      AND   B.ORGNZT_CD = #{orgnztCd}
        </if>
        <if test='@org.apache.commons.lang3.ArrayUtils@isNotEmpty(orgnztCds)'>
                      AND   B.ORGNZT_CD <foreach collection="orgnztCds" item="orgnztCdVal" index="i"  open="IN (" close=")" separator=",">#{orgnztCdVal}</foreach>
        </if>
                      AND   A.SYS_SE_CD = B.SYS_SE_CD
                      AND   A.USER_ID = B.USER_ID
                      AND   A.SUCCES_YN = 'Y'
                      ) D
               GROUP BY D.LOGIN_DT
                      , D.SYS_SE_CD
                      , D.ORGNZT_SE_CD
                      , D.BSN_ORGNZT_CD
                      , D.ORGNZT_CD
                      , D.USER_ID
               ) E
            LEFT OUTER JOIN MAPSDB.ZPSDT1805 F
            ON  F.VKORG = E.BSN_ORGNZT_CD
            AND F.KUNNR = E.ORGNZT_CD
            LEFT OUTER JOIN MAPSDB.ZPSDT1806 G
            ON  F.VKORG = G.VKORG
            AND F.ZSACUTM = G.ZKUNNR
            LEFT OUTER JOIN MAPSDB.ZPMMS40010I H
            ON  H.SYSID = #{rfcPcSysId}     /* SAP System */
            AND H.MANDT = #{rfcPcClient}    /* 클라이언트  */
            AND H.BUKRS = E.BSN_ORGNZT_CD   /* 회사 코드 */
            AND H.LIFNR = E.ORGNZT_CD       /* 공급업체 또는 채권자의 계정 번호 */
        GROUP BY E.LOGIN_DT
               , E.SYS_SE_CD
               , E.BSN_ORGNZT_CD
               , E.ORGNZT_SE_CD
               , E.ORGNZT_CD
    </select>
    
    <!--
        Query ID    : selectUserLoginStatsDetailList
        Description : 사용자 로그인 통계 상세 리스트 조회
    -->
    <select id="selectUserLoginStatsDetailList"
            parameterType="com.mobis.maps.iam.vo.MapsIamUserLoginStatsVO"
            resultType="com.mobis.maps.iam.vo.MapsIamUserLoginStatsVO">
        /* Query ID=com.mobis.maps.comm.service.dao.MapsIamUserLoginStatsMDAO.selectUserLoginStatsDetailList */
        SELECT
              ROW_NUMBER() OVER(ORDER BY C.USER_ID) AS RNUM
            , C.USER_ID
            , D.USER_NM
            , C.LOGIN_DT
            , C.LOGIN_CNT
        FROM  (
               SELECT
                     A.USER_ID
                   , B.USER_BASS_ID
                   , MAX(A.LOGIN_DT) AS LOGIN_DT
                   , COUNT(1) AS LOGIN_CNT
               FROM  IAMDB.T_LOGIN_HIST A
                   , IAMDB.T_USER_MST B
               WHERE 1=1
               AND   A.LOGIN_DT >= STR_TO_DATE(CONCAT(DATE_FORMAT(#{loginDt}, '%Y%m%d'),'000000'), '%Y%m%d%H%i%S') /* 로그인시작일자 */
               AND   A.LOGIN_DT <![CDATA[<=]]> STR_TO_DATE(CONCAT(DATE_FORMAT(#{loginDt}, '%Y%m%d'),'235959'), '%Y%m%d%H%i%S') /* 로그인종료일자 */
               AND   A.SYS_SE_CD = #{sysSeCd}
        <if test='@org.apache.commons.lang3.StringUtils@isNotBlank(bsnOrgnztCd)'>
               AND   B.BSN_ORGNZT_CD = #{bsnOrgnztCd}
        </if>
        <if test='@org.apache.commons.lang3.StringUtils@isNotBlank(orgnztSeCd)'>
               AND   B.ORGNZT_SE_CD = #{orgnztSeCd}
        </if>
        <if test='@org.apache.commons.lang3.ArrayUtils@isNotEmpty(orgnztSeCds)'>
               AND   B.ORGNZT_SE_CD <foreach collection="orgnztSeCds" item="orgnztSeCdVal" index="i"  open="IN (" close=")" separator=",">#{orgnztSeCdVal}</foreach>
        </if>
        <if test='@org.apache.commons.lang3.StringUtils@isNotBlank(orgnztCd)'>
               AND   B.ORGNZT_CD = #{orgnztCd}
        </if>
        <if test='@org.apache.commons.lang3.ArrayUtils@isNotEmpty(orgnztCds)'>
               AND   B.ORGNZT_CD <foreach collection="orgnztCds" item="orgnztCdVal" index="i"  open="IN (" close=")" separator=",">#{orgnztCdVal}</foreach>
        </if>
               AND   A.SYS_SE_CD = B.SYS_SE_CD
               AND   A.USER_ID = B.USER_ID
               AND   A.SUCCES_YN = 'Y'
               GROUP BY A.USER_ID
                      , B.USER_BASS_ID
               ) C
            , IAMDB.T_USER_BASS_INFO D
        WHERE 1=1
        AND   C.USER_BASS_ID = D.USER_BASS_ID
    </select>

</mapper>