<?xml version="1.0" encoding="UTF-8" ?>
<!DOCTYPE mapper PUBLIC "-//mybatis.org//DTD Mapper 3.0//EN" "http://mybatis.org/dtd/mybatis-3-mapper.dtd">
<!--
    SQL File Name : comm_MapsIamMobisUserMDAO_SQL.xml
 * @Description   : 모비스사용자 데이터를 관리한다.
 * @author        : DT048058
 * @since         : 2019. 12. 13.
 * @version       : 1.0
 * @see
 * @Modification Information
 * <pre>
 *     since          author              description
 *  ===========    =============    ===========================
 *  2020.03.17.    DT048058         최초 생성
 * 
-->
<mapper namespace="com.mobis.maps.iam.service.dao.MapsIamMobisUserMDAO">

    <!--
        Query ID    : selectMobisOrgnztTreeList
        Description : 모비스 조직 트리리스트 조회
    -->
    <select id="selectMobisOrgnztTreeList" parameterType="com.mobis.maps.iam.vo.MapsIamMobisOrgnztVO" resultType="com.mobis.maps.iam.vo.MapsIamMobisOrgnztVO">
        /* Query ID=com.mobis.maps.comm.service.dao.MapsIamMobisUserMDAO.selectMobisOrgnztTreeList */
        WITH RECURSIVE CTE AS (
            SELECT
                  CAST(CONCAT(A.ZORGEH_LEVL, '_', A.OBJID) AS VARCHAR(99999) CHARACTER SET UTF8) AS ORGNZT_PATH
                , 0 AS ORGNZT_LEVEL
                , A.PAR_OBJID AS UPPER_ORGNZT_CD
                , A.OBJID AS ORGNZT_CD
                , A.STEXT AS ORGNZT_NM
            FROM  IAMDB.ORG_MASTER A
            WHERE 1=1
            AND   A.OBJID = '10110000'
            AND   A.ENDDT = '99991231'  /* 만료일 */
            UNION ALL
            SELECT
                CONCAT(CTE.ORGNZT_PATH, '-', CONCAT(A.ZORGEH_LEVL, '_', A.OBJID)) AS ORGNZT_PATH
              , (ORGNZT_LEVEL + 1) AS ORGNZT_LEVEL
              , A.PAR_OBJID AS UPPER_ORGNZT_CD
              , A.OBJID AS ORGNZT_CD
              , A.STEXT AS ORGNZT_NM
            FROM  IAMDB.ORG_MASTER A
              INNER JOIN CTE
            WHERE 1=1
            AND   A.PAR_OBJID = CTE.ORGNZT_CD
            AND   A.OBJID != '10110000'
            AND   A.ENDDT = '99991231'  /* 만료일 */
            )
        SELECT
        *
        FROM  CTE
        WHERE 1=1
        AND   ORGNZT_PATH IS NOT NULL
        ORDER BY ORGNZT_PATH
    </select>
    
    <!--
        Query ID    : selectMobisUserPgList
        Description : 모비스 사용자 페이징리스트 조회
    -->
    <select id="selectMobisUserPgList" parameterType="com.mobis.maps.iam.vo.MapsIamMobisUserVO" resultType="com.mobis.maps.iam.vo.MapsIamMobisUserVO">
        /* Query ID=com.mobis.maps.comm.service.dao.MapsIamMobisUserMDAO.selectMobisUserPgList */
        <include refid="com.mobis.maps.cmmn.paging.selectTop"/>
        SELECT
              ROW_NUMBER() OVER(ORDER BY A.USER_ID) AS RNUM
            , A.USER_ID AS USER_ID
            , A.USER_NM AS USER_NM
            , A.JW_NM_HOME AS JW_NM_HOME
            , A.DUTY_NM_HOME AS DUTY_NM_HOME
            , A.USER_DIV_NM AS USER_DIV_NM
            , A.USER_SIL_NM AS USER_SIL_NM
            , A.DEPT_NM AS DEPT_NM
            , A.USER_EMAIL AS USER_EMAIL
        FROM  IAMDB.WF_HISTORY A
        WHERE 1=1
        AND   A.RETIRE_FLAG = '3' /* 재직 */
        <choose>
        <when test='@org.apache.commons.lang3.StringUtils@isNotBlank(kwrdTy)'>
            <choose>
                <when test='@org.apache.commons.lang3.StringUtils@equals(kwrdTy, "userId")'>
        AND   A.USER_ID LIKE CONCAT('%', #{kwrd}, '%')    /* 사용자ID */
                </when>
                <when test='@org.apache.commons.lang3.StringUtils@equals(kwrdTy, "userNm")'>
        AND   A.USER_NM LIKE CONCAT('%', #{kwrd}, '%')    /* 사용자명 */
                </when>
                <when test='@org.apache.commons.lang3.StringUtils@equals(kwrdTy, "userDivNm")'>
        AND   A.USER_DIV_NM LIKE CONCAT('%', #{kwrd}, '%')  /* 사용자본부명 */
                </when>
                <when test='@org.apache.commons.lang3.StringUtils@equals(kwrdTy, "userSilNm")'>
        AND   A.USER_SIL_NM LIKE CONCAT('%', #{kwrd}, '%')  /* 사용자실명 */
                </when>
                <when test='@org.apache.commons.lang3.StringUtils@equals(kwrdTy, "deptNm")'>
        AND   A.DEPT_NM LIKE CONCAT('%', #{kwrd}, '%')  /* 사용자부서명 */
                </when>
                <when test='@org.apache.commons.lang3.StringUtils@equals(kwrdTy, "userEmail")'>
        AND   A.USER_EMAIL LIKE CONCAT('%', #{kwrd}, '%')  /* 사용자이메일 */
                </when>
            </choose>
        </when>
        <otherwise>
            <if test='@org.apache.commons.lang3.StringUtils@isNotBlank(kwrd)'>
        AND   (
               A.USER_ID LIKE CONCAT('%', #{kwrd}, '%')       /* 사용자ID */
            OR A.USER_NM LIKE CONCAT('%', #{kwrd}, '%')       /* 사용자명 */
            OR A.USER_DIV_NM LIKE CONCAT('%', #{kwrd}, '%')   /* 사용자본부명 */
            OR A.USER_SIL_NM LIKE CONCAT('%', #{kwrd}, '%')   /* 사용자실명 */
            OR A.DEPT_NM LIKE CONCAT('%', #{kwrd}, '%')       /* 사용자부서명 */
            OR A.USER_EMAIL LIKE CONCAT('%', #{kwrd}, '%')    /* 사용자이메일 */
              )
            </if>
        </otherwise>
        </choose>
        ORDER BY A.USER_ID
        <include refid="com.mobis.maps.cmmn.paging.selectBottom"/>
    </select>
    
    <!--
        Query ID    : selectMobisUserTreeList
        Description : 모비스 사용자 트리리스트 조회
    -->
    <select id="selectMobisUserTreeList" parameterType="com.mobis.maps.iam.vo.MapsIamMobisUserVO" resultType="com.mobis.maps.iam.vo.MapsIamMobisUserVO">
        /* Query ID=com.mobis.maps.comm.service.dao.MapsIamMobisUserMDAO.selectMobisUserTreeList */
        WITH RECURSIVE CTE AS (
            SELECT
                 CAST(CONCAT(A.ZORGEH_LEVL, '_', A.OBJID) AS VARCHAR(99999) CHARACTER SET UTF8) AS ORGNZT_PATH
               , 0 AS ORGNZT_LEVEL
               , A.PAR_OBJID AS UPPER_ORGNZT_CD
               , A.OBJID AS ORGNZT_CD
               , A.STEXT AS ORGNZT_NM
               , 'O' AS ORGNZT_SE
               , CAST('' AS VARCHAR(99999) CHARACTER SET UTF8)  AS USER_ID
               , CAST('' AS VARCHAR(99999) CHARACTER SET UTF8)  AS USER_NM
               , CAST('' AS VARCHAR(99999) CHARACTER SET UTF8)  AS JW_NM_HOME
               , CAST('' AS VARCHAR(99999) CHARACTER SET UTF8)  AS DUTY_NM_HOME
               , CAST('' AS VARCHAR(99999) CHARACTER SET UTF8)  AS USER_DIV_NM
               , CAST('' AS VARCHAR(99999) CHARACTER SET UTF8)  AS USER_SIL_NM
               , CAST('' AS VARCHAR(99999) CHARACTER SET UTF8)  AS DEPT_NM
               , CAST('' AS VARCHAR(99999) CHARACTER SET UTF8)  AS USER_EMAIL
            FROM  IAMDB.ORG_MASTER A
            WHERE 1=1
            AND   A.OBJID = '10110000'
            AND   A.ENDDT = '99991231' /* 만료일 */
            UNION ALL
            SELECT
            D.*
            FROM  (
                  SELECT
                        CONCAT(CTE.ORGNZT_PATH, '-', CONCAT(A.ZORGEH_LEVL, '_', A.OBJID)) AS ORGNZT_PATH
                      , (ORGNZT_LEVEL + 1) AS ORGNZT_LEVEL
                      , A.PAR_OBJID AS UPPER_ORGNZT_CD
                      , A.OBJID AS ORGNZT_CD
                      , A.STEXT AS ORGNZT_NM
                      , 'O' AS ORGNZT_SE
                      , CAST('' AS VARCHAR(99999) CHARACTER SET UTF8)  AS USER_ID
                      , CAST('' AS VARCHAR(99999) CHARACTER SET UTF8)  AS USER_NM
                      , CAST('' AS VARCHAR(99999) CHARACTER SET UTF8)  AS JW_NM_HOME
                      , CAST('' AS VARCHAR(99999) CHARACTER SET UTF8)  AS DUTY_NM_HOME
                      , CAST('' AS VARCHAR(99999) CHARACTER SET UTF8)  AS USER_DIV_NM
                      , CAST('' AS VARCHAR(99999) CHARACTER SET UTF8)  AS USER_SIL_NM
                      , CAST('' AS VARCHAR(99999) CHARACTER SET UTF8)  AS DEPT_NM
                      , CAST('' AS VARCHAR(99999) CHARACTER SET UTF8)  AS USER_EMAIL
                  FROM  IAMDB.ORG_MASTER A
                      INNER JOIN CTE
                  WHERE 1=1
                  AND   A.PAR_OBJID = CTE.ORGNZT_CD
                  AND   A.OBJID != '10110000'
                  AND   A.ENDDT = '99991231' /* 만료일 */
                  UNION ALL
                  SELECT
                        CONCAT(CTE.ORGNZT_PATH, '-', CONCAT(A.USER_ID)) AS ORGNZT_PATH
                      , (ORGNZT_LEVEL + 1) AS ORGNZT_LEVEL
                      , A.USER_CURRENT_CODE AS UPPER_ORGNZT_CD
                      , A.USER_ID AS ORGNZT_CD
                      , A.USER_NM AS ORGNZT_NM
                      , 'U' AS ORGNZT_SE
                      , A.USER_ID AS USER_ID
                      , A.USER_NM AS USER_NM
                      , A.JW_NM_HOME AS JW_NM_HOME
                      , A.DUTY_NM_HOME AS DUTY_NM_HOME
                      , A.USER_DIV_NM AS USER_DIV_NM
                      , A.USER_SIL_NM AS USER_SIL_NM
                      , A.DEPT_NM AS DEPT_NM
                      , A.USER_EMAIL AS USER_EMAIL
                  FROM  IAMDB.WF_HISTORY A
                      INNER JOIN CTE
                  WHERE 1=1
                  AND   A.USER_CURRENT_CODE = CTE.ORGNZT_CD
                  AND   A.RETIRE_FLAG = '3' /* 재직 */
                  ) D
            )
        SELECT
        *
        FROM  CTE
        WHERE 1=1
        AND   ORGNZT_PATH IS NOT NULL
        ORDER BY ORGNZT_PATH
    </select>
    
    <!--
        Query ID    : selectOrgnztDistInfoList
        Description : 대표하위대리점 조회
    -->
    <select id="selectOrgnztDistInfoList" parameterType="com.mobis.maps.cmmn.vo.LoginInfoVO" resultType="com.mobis.maps.cmmn.vo.MapsOrgnztDistVO">
        /* Query ID=com.mobis.maps.comm.service.dao.MapsIamMobisUserMDAO.selectOrgnztDistInfoList */
        SELECT
              D.*
        FROM  (
            SELECT
                  A.VKORG       /* 영업조직(법인코드) */
                , A.VTWEG       /* 유통경로 */
                , A.KUNNR       /* 고객번호(대리점코드) */
                , A.ZORG_TYPE   /* 조직 구분자 */
                , A.ZSERVTY     /* Service Type(DDS : 직배, DTS : 일반) */
                , A.VKBUR       /* 영업소 */
                , A.ZLREGIO     /* L-REGION */
                , A.ZMREGIO     /* M-REGION */
                , A.ZSREGIO     /* S-REGION */
                , A.ZACTNO      /* ACCOUNT (ZPSDT1000) */
                , A.ZCUSTAT     /* 고객상태 */
                , A.ZSACUTM     /* AS-IS 고객코드 */
                , A.STCD2       /* 사업자등록번호 */
                , A.LAND1       /* 국가코드 */
                , A.ORT01       /* 도시 */
                , A.STRAS       /* 상세주소 */
                , A.PSTLZ       /* 우편번호 */
                , A.ZEMAIL      /* 이메일 */
                , A.ZTELNO1     /* 전화번호 */
                , A.KVGR1       /* H/K 구분자 */
                , A.KVGR2       /* 고객유형 */
                , A.KVGR3       /* 고객세부유형 */
                , A.KVGR4       /* Customer Type */
                , A.ZCUMGY      /* 고객추가 구분자 (1004추가) */
                , A.ZEDITY      /* Old/New구분 (확실) */
                , A.ZAUTO_REV   /* Auto Receiving (확실) */
                , A.ZMARKUP     /* 보상처리율 */
                , A.ZBUBIGN     /* 거래개시일 */
                , A.ZTERDAT     /* 거래마감일 */
                , A.WAERS       /* 화폐코드 */
                , A.RISK_CLASS  /* 신용구분 */
                , A.ZCOPAK      /* 동곤여부 (CO-PACK) */
                , A.ZPACKTY_AIR /* 포장유형_Air */
                , A.ZPACKTY_SEA /* 포장유형_Sea */
                , A.ZWELS1      /* 지불유형_Air */
                , A.ZWELS2      /* 지불유형_Sea */
                , A.ZINCO1      /* 거래조건_Air */
                , A.ZINCO2      /* 거래조건_Sea */
                , A.PLTYP       /* 적용가격코드 (가격리스트) */
                , A.ZPAMRE      /* 기술사양지역 (PAM REGION) */
                , A.ZARPORT1    /* 도착항구_Air */
                , A.ZARPORT2    /* 도착항구_Sea */
                , A.ZFINDES1    /* 최종도착지_Air */
                , A.ZFINDES2    /* 최종도착지_Sea */
                , A.ZDIS_RATE01 /* 승용할인율_Air */
                , A.ZDIS_RATE02 /* 승용할인율_Sea */
                , A.ZDIS_RATE03 /* 승용할인율_Vor */
                , A.ZINTMD      /* 중계무역선적지 */
                , A.ZCENTCD     /* CENTER_CODE */
                , A.ZKUNNR2     /* MAPS고객번호(10자리) */
                , A.ZSALES_PER  /* 영업사원코드 */
                , A.KDGRP       /* 고객그룹 */
                , B.ZKUNNR      /* 고객번호(대리점코드) */
                , B.ZDEALER     /* 딜러코드 */
                , B.ZKUNN2      /* 대표대리점코드 */
                , B.ZDEALE2     /* 대표딜러코드  */
                , B.ZVKNAM      /* 영업조직명 */
                , B.ZKUNAM      /* 대리점상호 */
                , B.ZDLRNAM     /* 딜러상호 */
                , B.ZKU2NAM     /* 대표대리점상호 */
                , B.ZDLR2NAM    /* 대표딜러상호 */
                , CASE WHEN (B.ZKUNNR = B.ZKUNN2) THEN '0'
                       WHEN (B.ZKUNN2 IS NULL) THEN '1'
                       ELSE '2'
                  END AS REP_KUNNR_FLAG /* 대표대리점여부 */
            FROM  MAPSDB.ZPSDT1805 A
                 INNER JOIN MAPSDB.ZPSDT1806 B
                 ON  A.VKORG = B.VKORG
                 AND A.ZSACUTM = B.ZKUNNR
            WHERE 1=1
            AND   A.VKORG = #{bsnOrgnztCd}
            AND   B.ZKUNN2 = (
                              SELECT C.ZSACUTM
                              FROM  MAPSDB.ZPSDT1805 C
                              WHERE C.VKORG = #{bsnOrgnztCd}
                              AND   C.KUNNR = #{orgnztCd}
                              )
            AND   A.ZCUSTAT IN ('A', 'B')  /* A:정상, B:중지, C:계약해재 */
              ) D
        ORDER BY D.REP_KUNNR_FLAG
               , D.KUNNR
    </select>
    
    <!--
        Query ID    : selectDistKdGrpList
        Description : 대리점 고객그룹 리스트 조회
    -->
    <select id="selectDistKdGrpList" parameterType="com.mobis.maps.cmmn.vo.LoginInfoVO" resultType="com.mobis.maps.cmmn.vo.MapsOrgnztDistVO">
        /* Query ID=com.mobis.maps.comm.service.dao.MapsIamMobisUserMDAO.selectDistKdGrpList */
        SELECT
              A.ZSALES_PER
            , A.KDGRP
            , A.VKORG       /* 영업조직(법인코드) */
            , A.KUNNR       /* 고객번호(대리점코드) */
            , B.ZKUNAM      /* 대리점상호 */
        FROM  MAPSDB.ZPSDT1805 A
            INNER JOIN MAPSDB.ZPSDT1806 B
            ON  A.VKORG = B.VKORG
            AND A.ZSACUTM = B.ZKUNNR
        WHERE 1=1
        AND   A.ZSALES_PER = #{userId}
        AND   A.KDGRP IN ('14', '15')
        AND   A.ZCUSTAT IN ('A', 'B')  /* A:정상, B:중지, C:계약해재 */
        ORDER BY A.ZSALES_PER
               , A.KDGRP
               , A.KUNNR
    </select>
    
    <!--
        Query ID    : selectDistOrgnztInfo
        Description : 대리점 조직 정보 조회
    -->
    <select id="selectDistOrgnztInfo" parameterType="com.mobis.maps.iam.vo.MapsIamUserOrgnztVO" resultType="com.mobis.maps.cmmn.vo.MapsOrgnztDistVO">
        /* Query ID=com.mobis.maps.comm.service.dao.MapsIamMobisUserMDAO.selectDistOrgnztInfo */
        SELECT
              A.VKORG       /* 영업조직(법인코드) */
            , A.VTWEG       /* 유통경로 */
            , A.KUNNR       /* 고객번호(대리점코드) */
            , A.ZORG_TYPE   /* 조직 구분자 */
            , A.ZSERVTY     /* Service Type(DDS : 직배, DTS : 일반) */
            , A.VKBUR       /* 영업소 */
            , A.ZLREGIO     /* L-REGION */
            , A.ZMREGIO     /* M-REGION */
            , A.ZSREGIO     /* S-REGION */
            , A.ZACTNO      /* ACCOUNT (ZPSDT1000) */
            , A.ZCUSTAT     /* 고객상태 */
            , A.ZSACUTM     /* AS-IS 고객코드 */
            , A.STCD2       /* 사업자등록번호 */
            , A.LAND1       /* 국가코드 */
            , A.ORT01       /* 도시 */
            , A.STRAS       /* 상세주소 */
            , A.PSTLZ       /* 우편번호 */
            , A.ZEMAIL      /* 이메일 */
            , A.ZTELNO1     /* 전화번호 */
            , A.KVGR1       /* H/K 구분자 */
            , A.KVGR2       /* 고객유형 */
            , A.KVGR3       /* 고객세부유형 */
            , A.KVGR4       /* Customer Type */
            , A.ZCUMGY      /* 고객추가 구분자 (1004추가) */
            , A.ZEDITY      /* Old/New구분 (확실) */
            , A.ZAUTO_REV   /* Auto Receiving (확실) */
            , A.ZMARKUP     /* 보상처리율 */
            , A.ZBUBIGN     /* 거래개시일 */
            , A.ZTERDAT     /* 거래마감일 */
            , A.WAERS       /* 화폐코드 */
            , A.RISK_CLASS  /* 신용구분 */
            , A.ZCOPAK      /* 동곤여부 (CO-PACK) */
            , A.ZPACKTY_AIR /* 포장유형_Air */
            , A.ZPACKTY_SEA /* 포장유형_Sea */
            , A.ZWELS1      /* 지불유형_Air */
            , A.ZWELS2      /* 지불유형_Sea */
            , A.ZINCO1      /* 거래조건_Air */
            , A.ZINCO2      /* 거래조건_Sea */
            , A.PLTYP       /* 적용가격코드 (가격리스트) */
            , A.ZPAMRE      /* 기술사양지역 (PAM REGION) */
            , A.ZARPORT1    /* 도착항구_Air */
            , A.ZARPORT2    /* 도착항구_Sea */
            , A.ZFINDES1    /* 최종도착지_Air */
            , A.ZFINDES2    /* 최종도착지_Sea */
            , A.ZDIS_RATE01 /* 승용할인율_Air */
            , A.ZDIS_RATE02 /* 승용할인율_Sea */
            , A.ZDIS_RATE03 /* 승용할인율_Vor */
            , A.ZINTMD      /* 중계무역선적지 */
            , A.ZCENTCD     /* CENTER_CODE */
            , A.ZKUNNR2     /* MAPS고객번호(10자리) */
            , A.ZSALES_PER  /* 영업사원코드 */
            , A.KDGRP       /* 고객그룹 */
            , B.ZKUNNR      /* 고객번호(대리점코드) */
            , B.ZDEALER     /* 딜러코드 */
            , B.ZKUNN2      /* 대표대리점코드 */
            , B.ZDEALE2     /* 대표딜러코드  */
            , B.ZVKNAM      /* 영업조직명 */
            , B.ZKUNAM      /* 대리점상호 */
            , B.ZDLRNAM     /* 딜러상호 */
            , B.ZKU2NAM     /* 대표대리점상호 */
            , B.ZDLR2NAM    /* 대표딜러상호 */
            , CASE WHEN (B.ZKUNNR = B.ZKUNN2) THEN '0'
                   WHEN (B.ZKUNN2 IS NULL) THEN '1'
                   ELSE '2'
              END AS REP_KUNNR_FLAG /* 대표대리점여부 */
        FROM  MAPSDB.ZPSDT1805 A
             INNER JOIN MAPSDB.ZPSDT1806 B
             ON  A.VKORG = B.VKORG
             AND A.ZSACUTM = B.ZKUNNR
        WHERE 1=1
        AND   A.KUNNR = #{orgnztCd}
        AND   A.ZCUSTAT IN ('A', 'B')  /* A:정상, B:중지, C:계약해재 */
    </select>
    
    <!--
        Query ID    : selectCboSjWordNm
        Description : 콤보타이틀용어명 조회
    -->
    <select id="selectCboSjWordNm" parameterType="com.mobis.maps.comm.vo.MapsCommCodeVO" resultType="com.mobis.maps.cmmn.vo.MapsOrgnztDistVO">
        /* Query ID=com.mobis.maps.comm.service.dao.MapsIamMobisUserMDAO.selectCboSjWordNm */
        SELECT
              A.ORGINL_WORD AS ZKUNAM    /* 원본용어 */
        FROM  IAMDB.T_WORD_DICARY_MST A
        WHERE 1=1
        <choose>
            <when test='@org.apache.commons.lang3.StringUtils@equals(cboSjTy, "S")'>
        AND   A.WORD_ID = 'W0000000157'
            </when>
            <otherwise>
        AND   A.WORD_ID = 'W0000000158'
            </otherwise>
        </choose>
        AND   A.LANG_CD = #{langCd}
    </select>
    
</mapper>