<?xml version="1.0" encoding="UTF-8" ?>
<!DOCTYPE mapper PUBLIC "-//mybatis.org//DTD Mapper 3.0//EN" "http://mybatis.org/dtd/mybatis-3-mapper.dtd">
<!--
    SQL File Name : comm_MapsIamAcntReqstSttusMDAO_SQL.xml
 * @Description   : 사용자 데이터를 관리한다.
 * @author        : DT048657
 * @since         : 2019. 12. 13.
 * @version       : 1.0
 * @see
 * @Modification Information
 * <pre>
 *     since          author              description
 *  ===========    =============    ===========================
 *  2019. 12. 13.     최은삼       최초 생성
 * 
-->
<mapper namespace="com.mobis.maps.iam.service.dao.MapsIamAcntReqstSttusMDAO">

    <!--
        Query ID    : selectAcntReqstSttusPgList
        Description : 계정신청현황 페이징리스트 조회
    -->
    <select id="selectAcntReqstSttusPgList" parameterType="com.mobis.maps.iam.vo.MapsIamAcntReqstInfoVO" resultType="com.mobis.maps.iam.vo.MapsIamAcntReqstInfoVO">
        /* Query ID=com.mobis.maps.iam.service.dao.MapsIamAcntReqstSttusMDAO.selectAcntReqstSttusPgList */
        <include refid="com.mobis.maps.cmmn.paging.selectTop"/>
        SELECT
              ROW_NUMBER() OVER(ORDER BY A.ACNT_REQST_NO) AS RNUM
            , A.ACNT_REQST_NO           /* 계정신청번호 */
            , A.SYS_SE_CD               /* 시스템구분코드 */
            , A.USER_BASS_ID            /* 사용자기본ID */
            , A.USER_ID                 /* 사용자ID */
            , A.USER_NM                 /* 사용자명 */
            , A.USER_BASS_ORGNZT_SE_CD  /* 사용자기본조직구분코드 */
            , A.USER_BASS_BSN_ORGNZT_CD /* 사용자기영업조직코드 */
            , A.USER_BASS_ORGNZT_CD     /* 사용자기조직코드 */
            , A.USER_BASS_DEALER_CD     /* 사용자기딜러코드 */
            , A.EMAIL                   /* 이메일주소 */
            , A.MOBLPHON_NO             /* 휴대전화번호 */
            , A.OFFM_TELNO              /* 사무실전화번호 */
            , A.FAX_TELNO               /* 팩스전화번호 */
            , A.ORGNZT_SE_CD            /* 조직구분코드 */
            , A.BSN_ORGNZT_CD           /* 영업조직코드 */
            , A.ORGNZT_CD               /* 조직코드 */
            , CASE WHEN A.ORGNZT_SE_CD = 'G' THEN E.ZKUNAM      /* 일반대리점 */
                   WHEN A.ORGNZT_SE_CD = 'D' THEN E.ZKUNAM      /* 직배대리점 */
                   WHEN A.ORGNZT_SE_CD = 'E' THEN E.ZKUNAM      /* 직배딜러 */
                   WHEN A.ORGNZT_SE_CD = 'N' THEN F.NAME1       /* 국내외협력업체 */
                   WHEN A.ORGNZT_SE_CD = 'P' THEN A.ORGNZT_CD   /* PDA */
              END AS ORGNZT_NM
            , A.DEALER_CD               /* 딜러코드 */
            , E.ZDLRNAM AS DEALER_NM    /* 딜러명 */
            , A.ACNT_TY_CD              /* 계정유형코드 */
            , A.TZONE_CD                /* 타임존코드 */
            , A.USE_HOPE_DE             /* 사용희망일 */
            , A.MNGR_ID                 /* 관리자ID */
            , BA.USER_NM AS MNGR_NM     /* 관리자명 */
            , A.PERM_IP_USE_YN          /* 허용IP사용여부 */
            , CASE WHEN A.INDVDLINFO_COLCT_USE_AGRE_DT IS NULL THEN 'N'
                   ELSE 'Y'
              END AS INDVDLINFO_COLCT_USE_AGRE_YN   /* 개인정보수집이용동의여부 */
            , A.INDVDLINFO_COLCT_USE_AGRE_DT        /* 개인정보수집이용동의일시 */
            , A.REQST_STTUS_CD          /* 신청상태코드 */
            , A.REQST_CN                /* 신청내용 */
            , A.REQST_DT                /* 신청일시 */
            , A.APPRV_STTUS_CD          /* 승인상태코드 */
            , A.APPRV_DT                /* 승인일시 */
            , A.APPRV_ID                /* 승인자ID */
            , CA.USER_NM AS APPRV_NM    /* 승인명 */
            , A.APPRV_CN                /* 승인내용 */
        FROM  IAMDB.T_ACNT_REQST_INFO A
            LEFT OUTER JOIN IAMDB.T_USER_MST B
            ON  A.MNGR_ID = B.USER_SEQ_ID
            LEFT OUTER JOIN IAMDB.T_USER_BASS_INFO BA
            ON  B.USER_BASS_ID = BA.USER_BASS_ID
            LEFT OUTER JOIN IAMDB.T_USER_MST C
            ON  A.APPRV_ID = C.USER_SEQ_ID
            LEFT OUTER JOIN IAMDB.T_USER_BASS_INFO CA
            ON  C.USER_BASS_ID = CA.USER_BASS_ID
            LEFT OUTER JOIN MAPSDB.ZPSDT1805 D
            ON  D.VKORG = A.BSN_ORGNZT_CD
            AND D.KUNNR = A.ORGNZT_CD
            LEFT OUTER JOIN MAPSDB.ZPSDT1806 E
            ON  D.VKORG = E.VKORG
            AND D.ZSACUTM = E.ZKUNNR
            LEFT OUTER JOIN MAPSDB.ZPMMS40010I F
            ON  F.SYSID = #{rfcPcSysId}     /* SAP System */
            AND F.MANDT = #{rfcPcClient}    /* 클라이언트  */
            AND F.BUKRS = A.BSN_ORGNZT_CD   /* 회사 코드 */
            AND F.LIFNR = A.ORGNZT_CD       /* 공급업체 또는 채권자의 계정 번호 */
        WHERE 1=1
        <choose>
            <when test='@org.apache.commons.lang3.StringUtils@equals(dtSeCd, "registDt")'>
        AND   A.REGIST_DT >= STR_TO_DATE(CONCAT(DATE_FORMAT(#{strtDt}, '%Y%m%d'),'000000'), '%Y%m%d%H%i%S')         /* 계정등록시작일자 */
        AND <![CDATA[A.REGIST_DT <= STR_TO_DATE(CONCAT(DATE_FORMAT(#{endDt}, '%Y%m%d'),'235959'), '%Y%m%d%H%i%S')]]>    /* 계정등록종료일자 */
            </when>
            <when test='@org.apache.commons.lang3.StringUtils@equals(dtSeCd, "reqstDt")'>
        AND   A.REQST_DT >= STR_TO_DATE(CONCAT(DATE_FORMAT(#{strtDt}, '%Y%m%d'),'000000'), '%Y%m%d%H%i%S')         /* 계정신청시작일자 */
        AND <![CDATA[A.REQST_DT <= STR_TO_DATE(CONCAT(DATE_FORMAT(#{endDt}, '%Y%m%d'),'235959'), '%Y%m%d%H%i%S')]]>    /* 계정신청종료일자 */
            </when>
            <when test='@org.apache.commons.lang3.StringUtils@equals(dtSeCd, "confmDt")'>
        AND   A.APPRV_DT >= STR_TO_DATE(CONCAT(DATE_FORMAT(#{strtDt}, '%Y%m%d'),'000000'), '%Y%m%d%H%i%S')         /* 계정승인시작일자 */
        AND <![CDATA[A.APPRV_DT <= STR_TO_DATE(CONCAT(DATE_FORMAT(#{endDt}, '%Y%m%d'),'235959'), '%Y%m%d%H%i%S')]]>    /* 계정승인종료일자 */
            </when>
        </choose>
        <if test='@org.apache.commons.lang3.StringUtils@isNotBlank(sysSeCd)'>
        AND   A.SYS_SE_CD = #{sysSeCd}  /* 시스템구분코드 */
        </if>
        <if test='@org.apache.commons.lang3.StringUtils@isNotBlank(kwrdTy) and @org.apache.commons.lang3.StringUtils@isNotBlank(kwrd)'>
        <choose>
            <when test='@org.apache.commons.lang3.StringUtils@equals(kwrdTy, "acntReqstNo")'>
        AND   A.ACNT_REQST_NO LIKE CONCAT('%', #{kwrd}, '%')    /* 계정신청번호 */
            </when>
            <when test='@org.apache.commons.lang3.StringUtils@equals(kwrdTy, "userId")'>
        AND   A.USER_ID LIKE CONCAT('%', #{kwrd}, '%')  /* 사용자ID */
            </when>
            <when test='@org.apache.commons.lang3.StringUtils@equals(kwrdTy, "userNm")'>
        AND   A.USER_NM LIKE CONCAT('%', #{kwrd}, '%')  /* 사용자명 */
            </when>
            <when test='@org.apache.commons.lang3.StringUtils@equals(kwrdTy, "email")'>
        AND   A.EMAIL LIKE CONCAT('%', #{kwrd}, '%')    /* 이메일주소 */
            </when>
            <when test='@org.apache.commons.lang3.StringUtils@equals(kwrdTy, "moblphonNo")'>
        AND   A.MOBLPHON_NO LIKE CONCAT('%', #{kwrd}, '%')  /* 휴대전화번호 */
            </when>
        </choose>
        </if>
        <choose>
            <when test='@org.apache.commons.lang3.StringUtils@isNotBlank(orgnztSeCd)'>
        AND   A.ORGNZT_SE_CD = #{orgnztSeCd}    /* 조직구분코드 */
            </when>
            <otherwise>
                <if test='@org.apache.commons.lang3.ArrayUtils@isNotEmpty(orgnztSeCds)'>
        AND   A.ORGNZT_SE_CD <foreach collection="orgnztSeCds" item="orgnztSeCdVal" index="i"  open="IN (" close=")" separator=",">#{orgnztSeCdVal}</foreach>
                </if>
            </otherwise>
        </choose>
        <if test='@org.apache.commons.lang3.StringUtils@isNotBlank(bsnOrgnztCd)'>
        AND   A.BSN_ORGNZT_CD = #{bsnOrgnztCd}  /* 영업조직코드 */
        </if>
        <if test='@org.apache.commons.lang3.StringUtils@isNotBlank(orgnztCd)'>
        AND   A.ORGNZT_CD LIKE CONCAT('%', #{orgnztCd}, '%')    /* 조직코드 */
        </if>
        <if test='@org.apache.commons.lang3.ArrayUtils@isNotEmpty(orgnztCds)'>
        AND   A.ORGNZT_CD <foreach collection="orgnztCds" item="orgnztCdVal" index="i"  open="IN (" close=")" separator=",">#{orgnztCdVal}</foreach>
        </if>
        <if test='@org.apache.commons.lang3.StringUtils@isNotBlank(dealerCd)'>
        AND   A.DEALER_CD LIKE CONCAT('%', #{dealerCd}, '%')    /* 딜러코드 */
        </if>
        <choose>
            <when test='@org.apache.commons.lang3.StringUtils@isNotBlank(acntTyCd)'>
        AND   A.ACNT_TY_CD = #{acntTyCd}        /* 계정유형코드 */
            </when>
            <otherwise>
                <if test='@org.apache.commons.lang3.ArrayUtils@isNotEmpty(acntTyCds)'>
        AND   A.ACNT_TY_CD <foreach collection="acntTyCds" item="acntTyCdVal" index="i"  open="IN (" close=")" separator=",">#{acntTyCdVal}</foreach>
                </if>
            </otherwise>
        </choose>
        <if test='@org.apache.commons.lang3.StringUtils@isNotBlank(reqstSttusCd)'>
        AND   A.REQST_STTUS_CD = #{reqstSttusCd}    /* 신청상태코드 */
        </if>
        <if test='@org.apache.commons.lang3.StringUtils@isNotBlank(apprvSttusCd)'>
        AND   A.APPRV_STTUS_CD = #{apprvSttusCd}    /* 승인상태코드 */
        </if>
        <if test='@org.apache.commons.lang3.StringUtils@isNotBlank(mngrId)'>
        AND   A.MNGR_ID = #{mngrId}  /* 관리자ID */
        </if>
        ORDER BY A.ACNT_REQST_NO
        <include refid="com.mobis.maps.cmmn.paging.selectBottom"/>
    </select>
    
</mapper>