<?xml version="1.0" encoding="UTF-8"?>
<!DOCTYPE mapper PUBLIC "-//mybatis.org//DTD Mapper 3.0//EN" "http://mybatis.org/dtd/mybatis-3-mapper.dtd">
<!-- 
    SQL File Name : maps_MapsSmplBoardMDAO_SQL.xml
    Description : 설명을 기술합니다.
    author Jiyongdo
    since 2019. 8. 22.
    version 1.0
    Modification Information
       since          author              description
    ===========    =============    ===========================
    2019. 8. 22.     Jiyongdo          최초 생성
-->

<mapper namespace="com.mobis.maps.smpl.service.dao.MapsSmplBoardMDAO">
    <!-- 
        Query ID : selectSmplBoardList
        Description : 게시글 목록을 조회한다.
     -->
    <select id="selectSmplBoardList" resultType="com.mobis.maps.smpl.vo.MapsSmplBoardVO">
    /* Query ID=com.mobis.maps.smpl.service.dao.MapsSmplBoardMDAO.selectSmplBoardList */ 
    <include refid="com.mobis.maps.cmmn.paging.selectTop"/>      
        SELECT 
              ROW_NUMBER() OVER(ORDER BY C.BBSCTT_ID DESC, C.BBSCTT_SEQ) AS RNUM
            , C.BBSCTT_ID
            , C.BBSCTT_SEQ
            , C.BBSCTT_DP
            , IF((C.UPDT_ID IS NULL OR C.UPDT_ID = ''), C.REGIST_ID, C.UPDT_ID) AS REGIST_ID
            , C.REGIST_DT
            , IF(C.DEL_YN = 'N', IF(C.BBSCTT_DP = 1, CONCAT('  ┗ Re : ', C.BBSCTT_SJ), C.BBSCTT_SJ), "삭제된 항목입니다.") AS BBSCTT_SJ
            , C.RD_CNT
            , C.DEL_YN
        FROM CHNNLDB.T_GNRL_BBS C
        LEFT JOIN 
            (
            SELECT A.* 
              FROM CHNNLDB.T_GNRL_BBS A
                   LEFT JOIN (         
                               SELECT COUNT(BBSCTT_ID) AS CNT_BBSID
                                    , BBSCTT_ID
                                    , BBSCTT_SEQ
                                 FROM CHNNLDB.T_GNRL_BBS 
                                WHERE 1=1   
                                  AND DATE_FORMAT(REGIST_DT, '%Y%m%d') BETWEEN #{strDate} AND #{fnsDate}
                                  AND DEL_YN = 'N' OR (DEL_YN = 'Y' AND BBSCTT_DP = 0)  
                                GROUP BY BBSCTT_ID
                               ) B ON (A.BBSCTT_ID = B.BBSCTT_ID AND A.BBSCTT_SEQ = B.BBSCTT_SEQ) 
              WHERE 1=1
                AND B.CNT_BBSID = 1                
            ) D ON (C.BBSCTT_ID = D.BBSCTT_ID )
        WHERE 1=1   
          <if test="bbscttSj != null and bbscttSj != ''">
            AND C.BBSCTT_SJ LIKE CONCAT('%', #{bbscttSj}, '%')
          </if>
          <if test="registId != null and registId != ''">
            AND C.REGIST_ID LIKE CONCAT('%', #{registId}, '%')
          </if>    
          <if test="(strDate != null and strDate != '') and (fnsDate != null and fnsDate != '')">
            AND DATE_FORMAT(C.REGIST_DT, '%Y%m%d') BETWEEN #{strDate} AND #{fnsDate}
          </if>   
          AND C.DEL_YN = 'N' OR (C.DEL_YN = 'Y' AND C.BBSCTT_DP = 0)    
          AND D.BBSCTT_ID IS NULL
    <include refid="com.mobis.maps.cmmn.paging.selectBottom"/>              
    </select>
    
    <!-- 
        Query ID : selectSmplBoardNewList
        Description : 게시글 목록을 상세조회한다.
     -->
    <select id="selectSmplBoardNewList" resultType="com.mobis.maps.smpl.vo.MapsSmplBoardVO">
    /* Query ID=com.mobis.maps.smpl.service.dao.MapsSmplBoardMDAO.selectSmplBoardNewList */     
    <![CDATA[
        SELECT 
              BBSCTT_ID
            , BBSCTT_SEQ
            , BBSCTT_DP
            , IF((UPDT_ID IS NULL OR UPDT_ID = ''), REGIST_ID, UPDT_ID) AS REGIST_ID
            , REGIST_DT
            , BBSCTT_SJ
            , REGIST_TELNO
            , REGIST_EMAIL
            , BBSCTT_CN
        FROM CHNNLDB.T_GNRL_BBS
        WHERE 1=1
          AND BBSCTT_ID = #{bbscttId}
          AND BBSCTT_SEQ = #{bbscttSeq}
          AND DEL_YN != 'Y'
    ]]> 
    </select>      
    
    <!--
        Query ID: insertSmplBoard
        commentription: 게시글을 추가한다.
    -->
    <insert id="insertSmplBoard" parameterType="com.mobis.maps.smpl.vo.MapsSmplBoardVO" useGeneratedKeys="true" keyProperty="bbscttId">
    /* Query ID=com.mobis.maps.smpl.service.dao.MapsSmplBoardMDAO.insertSmplBoard */ 
    <selectKey keyProperty="bbscttId" resultType="string" order="BEFORE">      
     SELECT LPAD(#{bbscttId}+1, 10, '0') AS BBSCTT_ID
       FROM CHNNLDB.T_GNRL_BBS
      WHERE BBSCTT_ID = #{bbscttId}
        AND BBSCTT_Seq = 0
    </selectKey>    
    <![CDATA[
        INSERT INTO CHNNLDB.T_GNRL_BBS
        (
            BBSCTT_ID,
            JOB_TY,
            BBSCTT_DP,
            REGIST_ID,
            REGIST_EMAIL,
            REGIST_TELNO,
            BBSCTT_SJ,
            BBSCTT_CN
        )
        VALUES
        (
            #{bbscttId},
            #{jobTy},
            0,
            #{registId},
            #{registEmail},
            #{registTelno},
            #{bbscttSj},
            #{bbscttCn}
        )        
    ]]> 
    </insert>      
    
    <!-- 
        Query ID : selectContId
        Description : 게시글 id을 조회한다.
     -->
    <select id="selectContId" resultType="com.mobis.maps.smpl.vo.MapsSmplBoardVO">
    /* Query ID=com.mobis.maps.smpl.service.dao.MapsSmplBoardMDAO.selectContId */ 
    <![CDATA[        
        SELECT 
              MAX(BBSCTT_ID) AS BBSCTT_ID
        FROM CHNNLDB.T_GNRL_BBS
        WHERE 1=1
    ]]> 
    </select>    
    
    <!-- 
        Query ID : selectSeq
        Description : 게시글 seq을 조회한다.
     -->
    <select id="selectSeq" resultType="com.mobis.maps.smpl.vo.MapsSmplBoardVO">
    /* Query ID=com.mobis.maps.smpl.service.dao.MapsSmplBoardMDAO.selectSeq */ 
    <![CDATA[        
        SELECT 
              MAX(BBSCTT_SEQ) AS BBSCTT_SEQ
        FROM CHNNLDB.T_GNRL_BBS
        WHERE 1=1
          AND BBSCTT_ID = #{bbscttId}
    ]]> 
    </select>    
    
    <!--
        Query ID: updateSmplBoard
        commentription: 게시글을 수정한다.
    -->
    <update id="updateSmplBoard" parameterType="com.mobis.maps.smpl.vo.MapsSmplBoardVO">
    /* Query ID=com.mobis.maps.smpl.service.dao.MapsSmplBoardMDAO.updateSmplBoard */ 
    <![CDATA[
        UPDATE CHNNLDB.T_GNRL_BBS
        SET
            REGIST_EMAIL = #{registEmail},
            REGIST_TELNO = #{registTelno},
            BBSCTT_SJ   = #{bbscttSj},
            BBSCTT_CN   = #{bbscttCn},
            UPDT_DT     = NOW(),
            UPDT_ID   = #{registId}
        WHERE 1=1
          AND BBSCTT_ID = #{bbscttId}
          AND BBSCTT_SEQ = #{bbscttSeq}
          AND BBSCTT_DP = #{bbscttDp}     
    ]]> 
    </update>     

    <!--
        Query ID: deleteSmplBoard
        commentription: 게시글을 삭제한다.
    -->
    <update id="deleteSmplBoard" parameterType="com.mobis.maps.smpl.vo.MapsSmplBoardVO">
    /* Query ID=com.mobis.maps.smpl.service.dao.MapsSmplBoardMDAO.deleteSmplBoard */ 
    <![CDATA[
    UPDATE CHNNLDB.T_GNRL_BBS
       SET DEL_YN = 'Y',
           UPDT_DT     = NOW(),
           UPDT_ID   = #{updtId}    
     WHERE 1=1
       AND BBSCTT_ID = #{bbscttId}
       AND BBSCTT_SEQ = #{bbscttSeq}
    ]]> 
    </update>   
    
    <!--
        Query ID: insertSmplBoardRply
        commentription: 답변을 추가한다.
    -->
    <insert id="insertSmplBoardRply" parameterType="com.mobis.maps.smpl.vo.MapsSmplBoardVO" useGeneratedKeys="true" keyProperty="bbscttId">
    /* Query ID=com.mobis.maps.smpl.service.dao.MapsSmplBoardMDAO.insertSmplBoardRply */ 
    <![CDATA[
        INSERT INTO CHNNLDB.T_GNRL_BBS
        (
            BBSCTT_ID,
            BBSCTT_SEQ,
            BBSCTT_DP,
            REGIST_ID,
            REGIST_EMAIL,
            REGIST_TELNO,
            BBSCTT_SJ,
            BBSCTT_CN
        )
        VALUES
        (
            #{bbscttId},
            #{bbscttSeq}+1,
            1,
            #{registId},
            #{registEmail},
            #{registTelno},
            #{bbscttSj},
            #{bbscttReply}
        )      
    ]]> 
    </insert>        
    
    <!--
        Query ID    : deleteAtchFileAll
        Description : 첨부파일 삭제(전체)
    -->
    <delete id="deleteAtchFileAll" parameterType="com.mobis.maps.cmmn.vo.MapsAtchFileVO">
        /* Query ID=com.mobis.maps.comm.service.dao.MapsCommAtchFileMDAO.deleteAtchFileAll */
        DELETE
        FROM  COMNDB.T_ATCH_FILE_INFO
        WHERE ATCH_SE = #{atchSe}
        AND   ATCH_ID = #{atchId}
    </delete>    
</mapper>
