<?xml version="1.0" encoding="UTF-8"?>
<!DOCTYPE mapper PUBLIC "-//mybatis.org//DTD Mapper 3.0//EN" "http://mybatis.org/dtd/mybatis-3-mapper.dtd">
<!-- 
    SQL File Name : maps_MapsQnaBoardMDAO_SQL.xml
    Description : 설명을 기술합니다.
    author DT048105
    since 2020. 4. 7.
    version 1.0
    Modification Information
       since          author              description
    ===========    =============    ===========================
    2020. 4. 7.     DT048105          최초 생성
-->

<mapper namespace="com.mobis.maps.smpl.service.dao.MapsQnaBoardMDAO">
    <!-- 
        Query ID : selectQnaBoardList
        Description : 게시글 목록을 조회한다.
     -->
    <select id="selectQnaBoardList" resultType="com.mobis.maps.smpl.vo.MapsQnaBoardVO">
    /* Query ID=com.mobis.maps.smpl.service.dao.MapsQnaBoardMDAO.selectQnaBoardList */ 
    <include refid="com.mobis.maps.cmmn.paging.selectTop"/>      
        SELECT 
              ROW_NUMBER() OVER(ORDER BY C.BBSCTT_ID DESC, C.BBSCTT_SEQ) AS RNUM
            , C.BBSCTT_ID
            , C.BBSCTT_SEQ
            , C.TYPE
            , C.KUNNR
            , E.ZKUNAM AS KUNAM
            , C.REGIST_NM
            , C.BBSCTT_DP
            , IF((C.UPDT_ID IS NULL OR C.UPDT_ID = ''), C.REGIST_ID, C.UPDT_ID) AS REGIST_ID
            , C.REGIST_DT
            , IF(C.DEL_YN = 'N', IF(C.BBSCTT_DP = 1, CONCAT('  ┗ Re : ', C.BBSCTT_SJ), C.BBSCTT_SJ), "삭제된 항목입니다.") AS BBSCTT_SJ
            , C.RD_CNT
            , C.DEL_YN
            , C.RCNT
        FROM CHNNLDB.T_QNA_BBS C
        LEFT JOIN 
            (
            SELECT A.* 
              FROM CHNNLDB.T_QNA_BBS A
                   LEFT JOIN (         
                               SELECT COUNT(BBSCTT_ID) AS CNT_BBSID
                                    , BBSCTT_ID
                                    , BBSCTT_SEQ
                                 FROM CHNNLDB.T_QNA_BBS 
                                WHERE 1=1   
                                  AND DATE_FORMAT(REGIST_DT, '%Y%m%d') BETWEEN #{strDate} AND #{fnsDate}
                                  AND DEL_YN = 'N' OR (DEL_YN = 'Y' AND BBSCTT_DP = 0)  
                                GROUP BY BBSCTT_ID
                               ) B ON (A.BBSCTT_ID = B.BBSCTT_ID AND A.BBSCTT_SEQ = B.BBSCTT_SEQ) 
              WHERE 1=1
                AND B.CNT_BBSID = 1                
            ) D ON (C.BBSCTT_ID = D.BBSCTT_ID )
        LEFT JOIN MAPSDB.ZPSDT1806 E ON C.KUNNR = E.ZKUNNR COLLATE utf8mb4_general_ci
        WHERE 1=1   
          <if test="bbscttSj != null and bbscttSj != ''">
            AND C.BBSCTT_SJ LIKE CONCAT('%', #{bbscttSj}, '%')
          </if>
          <if test="registNm != null and registNm != ''">
            AND C.REGIST_Nm LIKE CONCAT('%', #{registNm}, '%')
          </if>    
          <if test="(strDate != null and strDate != '') and (fnsDate != null and fnsDate != '')">
            AND DATE_FORMAT(C.REGIST_DT, '%Y%m%d') BETWEEN #{strDate} AND #{fnsDate}
          </if> 
          <if test="type != null and type!= ''">
            AND C.TYPE LIKE CONCAT('%', #{type}, '%')
          </if>
          <if test="kunnr != null and kunnr!= ''">
            AND C.KUNNR LIKE CONCAT('%', #{kunnr}, '%')
          </if>
          AND C.DEL_YN = 'N' OR (C.DEL_YN = 'Y' AND C.BBSCTT_DP = 0)    
          AND D.BBSCTT_ID IS NULL
          
    <include refid="com.mobis.maps.cmmn.paging.selectBottom"/>              
    </select>
    
    <!-- 
        Query ID : selectQnaBoardNewList
        Description : 게시글 목록을 상세조회한다.
     -->
    <select id="selectQnaBoardNewList" resultType="com.mobis.maps.smpl.vo.MapsQnaBoardVO">
    /* Query ID=com.mobis.maps.smpl.service.dao.MapsQnaBoardMDAO.selectQnaBoardNewList */     
    <![CDATA[
        SELECT 
              BBSCTT_ID
            , BBSCTT_SEQ
            , TYPE
            , BBSCTT_DP
            , REGIST_NM
            , REGIST_DT
            , BBSCTT_SJ            
            , BBSCTT_CN
            , KUNNR
            , PASSWORD
        FROM CHNNLDB.T_QNA_BBS
        WHERE 1=1
          AND BBSCTT_ID = #{bbscttId}
          AND BBSCTT_SEQ = #{bbscttSeq}          
          AND DEL_YN != 'Y'
    ]]> 
    </select>      

    <!--
        Query ID: updateQnaBoardCount
        commentription: 게시글 읽기 카운트를 늘린다. 
    -->
    <update id="updateQnaBoardCount" parameterType="com.mobis.maps.smpl.vo.MapsQnaBoardVO">
    /* Query ID=com.mobis.maps.smpl.service.dao.MapsQnaBoardMDAO.updateQnaBoardCount */ 
    <![CDATA[
        UPDATE CHNNLDB.T_QNA_BBS
        SET            
            RCNT = RCNT+1
        WHERE 1=1
          AND BBSCTT_ID = #{bbscttId}
          AND BBSCTT_SEQ = #{bbscttSeq}
 
    ]]> 
    </update>  
         
    <!--
        Query ID: insertQnaBoard
        commentription: 게시글을 추가한다.
    -->
    <insert id="insertQnaBoard" parameterType="com.mobis.maps.smpl.vo.MapsQnaBoardVO" useGeneratedKeys="true" keyProperty="bbscttId">
    /* Query ID=com.mobis.maps.smpl.service.dao.MapsQnaBoardMDAO.insertQnaBoard */ 
    <selectKey keyProperty="bbscttId" resultType="string" order="BEFORE">      
     SELECT IFNULL((SELECT LPAD(#{bbscttId}+1, 10, '0') AS BBSCTT_ID
       FROM CHNNLDB.T_QNA_BBS
      WHERE BBSCTT_ID = #{bbscttId}
        AND BBSCTT_Seq = 0),'0000000000') AS BBSCTT_ID
    </selectKey>    
    <![CDATA[
        INSERT INTO CHNNLDB.T_QNA_BBS
        (
            BBSCTT_ID,
            TYPE,
            BBSCTT_DP,
            REGIST_ID,
            REGIST_NM,
            BBSCTT_SJ,
            BBSCTT_CN,
            KUNNR, 
            PASSWORD, 
            SCRIN_CD,
            MENU_NM,
            SCRIN_URL
        )
        VALUES
        (
            #{bbscttId},
            #{type},
            0,
            #{registId},
            #{registNm},
            #{bbscttSj},
            #{bbscttCn},
            #{kunnr},
            #{password},
            #{scrinCd},
            #{menuNm},
            #{scrinUrl}
        )        
    ]]> 
    </insert>      
    
    <!-- 
        Query ID : selectContId
        Description : 게시글 id을 조회한다.
     -->
    <select id="selectContId" resultType="com.mobis.maps.smpl.vo.MapsQnaBoardVO">
    /* Query ID=com.mobis.maps.smpl.service.dao.MapsQnaBoardMDAO.selectContId */ 
    <![CDATA[        
        SELECT 
              MAX(BBSCTT_ID) AS BBSCTT_ID
        FROM CHNNLDB.T_QNA_BBS
        WHERE 1=1
    ]]> 
    </select>    
    
    <!-- 
        Query ID : selectSeq
        Description : 게시글 seq을 조회한다.
     -->
    <select id="selectSeq" resultType="com.mobis.maps.smpl.vo.MapsQnaBoardVO">
    /* Query ID=com.mobis.maps.smpl.service.dao.MapsQnaBoardMDAO.selectSeq */ 
    <![CDATA[        
        SELECT 
              MAX(BBSCTT_SEQ) AS BBSCTT_SEQ
        FROM CHNNLDB.T_QNA_BBS
        WHERE 1=1
          AND BBSCTT_ID = #{bbscttId}
    ]]> 
    </select>    
    
    <!--
        Query ID: updateQnaBoard
        commentription: 게시글을 수정한다.
    -->
    <update id="updateQnaBoard" parameterType="com.mobis.maps.smpl.vo.MapsQnaBoardVO">
    /* Query ID=com.mobis.maps.smpl.service.dao.MapsQnaBoardMDAO.updateQnaBoard */ 
    <![CDATA[
        UPDATE CHNNLDB.T_QNA_BBS
        SET            
            BBSCTT_SJ   = #{bbscttSj},
            BBSCTT_CN   = #{bbscttCn},
            TYPE = #{type},
            UPDT_DT     = NOW(),
            UPDT_ID   = #{registId},
            UPDT_NM = #{registNm},
            kunnr = #{kunnr}
        WHERE 1=1
          AND BBSCTT_ID = #{bbscttId}
          AND BBSCTT_SEQ = #{bbscttSeq}
 
    ]]> 
    </update>     

    <!--
        Query ID: deleteQnaBoard
        commentription: 게시글을 삭제한다.
    -->
    <update id="deleteQnaBoard" parameterType="com.mobis.maps.smpl.vo.MapsQnaBoardVO">
    /* Query ID=com.mobis.maps.smpl.service.dao.MapsQnaBoardMDAO.deleteQnaBoard */ 
    <![CDATA[
    UPDATE CHNNLDB.T_QNA_BBS
       SET DEL_YN = 'Y',
           UPDT_DT     = NOW(),
           UPDT_ID   = #{updtId}    
     WHERE 1=1
       AND BBSCTT_ID = #{bbscttId}
       AND BBSCTT_SEQ = #{bbscttSeq}
    ]]> 
    </update>   
    
    <!--
        Query ID: insertQnaBoardRply
        commentription: 답변을 추가한다.
    -->
    <insert id="insertQnaBoardRply" parameterType="com.mobis.maps.smpl.vo.MapsQnaBoardVO" useGeneratedKeys="true" keyProperty="bbscttId">
    /* Query ID=com.mobis.maps.smpl.service.dao.MapsQnaBoardMDAO.insertQnaBoardRply */ 
    <![CDATA[
        INSERT INTO CHNNLDB.T_QNA_BBS
        (
            BBSCTT_ID,
            BBSCTT_SEQ,
            KUNNR,
            TYPE,
            BBSCTT_DP,
            REGIST_ID,
            REGIST_NM,
            BBSCTT_SJ,
            BBSCTT_CN
            
        )
        VALUES
        (
            #{bbscttId},
            #{bbscttSeq}+1,
            #{kunnr},
            #{type},
            1,
            #{registId},
            #{registNm},
            #{bbscttSj},           
            #{bbscttReply}
                        
        )      
    ]]> 
    </insert>        
    
    <!--
        Query ID    : deleteAtchFileAll
        Description : 첨부파일 삭제(전체)
    -->
    <delete id="deleteAtchFileAll" parameterType="com.mobis.maps.cmmn.vo.MapsAtchFileVO">
        /* Query ID=com.mobis.maps.comm.service.dao.MapsCommAtchFileMDAO.deleteAtchFileAll */
        DELETE
        FROM  COMNDB.T_ATCH_FILE_INFO
        WHERE ATCH_SE = #{atchSe}
        AND   ATCH_ID = #{atchId}
    </delete>    
</mapper>
